[{"model": "admin.logentry", "pk": 1, "fields": {"action_time": "2024-04-22T07:07:31.240Z", "user": "161e3cc4-e0b5-42d6-b144-1b49eb5afaba", "content_type": 45, "object_id": "25ee84a8-54da-4b84-a380-adf35feda9d7", "object_repr": "`test_user4` trained with Translator at 2024-04-22 (4 words)", "action_flag": 1, "change_message": "[{\"added\": {}}]"}}, {"model": "admin.logentry", "pk": 2, "fields": {"action_time": "2024-04-22T07:31:33.518Z", "user": "161e3cc4-e0b5-42d6-b144-1b49eb5afaba", "content_type": 43, "object_id": "0fe1a312-dc6e-4e54-86f3-2b2cb588da10", "object_repr": "Word asked: Word no quote (by test_user4); user answer: word no quote", "action_flag": 1, "change_message": "[{\"added\": {}}]"}}, {"model": "admin.logentry", "pk": 3, "fields": {"action_time": "2024-04-22T07:38:57.104Z", "user": "161e3cc4-e0b5-42d6-b144-1b49eb5afaba", "content_type": 46, "object_id": "8ae12a4e-394f-49ca-833e-d780c501a810", "object_repr": "`new set` (1 words) set for Translator exercise", "action_flag": 1, "change_message": "[{\"added\": {}}]"}}, {"model": "admin.logentry", "pk": 4, "fields": {"action_time": "2024-04-22T07:40:30.780Z", "user": "161e3cc4-e0b5-42d6-b144-1b49eb5afaba", "content_type": 46, "object_id": "d7f32132-2c59-41ab-be34-1531ab5ba1b4", "object_repr": "`new set` (1 words) set for Translator exercise", "action_flag": 1, "change_message": "[{\"added\": {}}]"}}, {"model": "admin.logentry", "pk": 5, "fields": {"action_time": "2024-04-22T08:34:31.501Z", "user": "161e3cc4-e0b5-42d6-b144-1b49eb5afaba", "content_type": 47, "object_id": "1", "object_repr": "`Word no quote (by test_user4)`'s activity status was upgraded from I to A", "action_flag": 1, "change_message": "[{\"added\": {}}]"}}, {"model": "admin.logentry", "pk": 6, "fields": {"action_time": "2024-04-22T08:53:47.944Z", "user": "161e3cc4-e0b5-42d6-b144-1b49eb5afaba", "content_type": 47, "object_id": "2", "object_repr": "`Word (by test_user4)`'s activity status was upgraded from I to A", "action_flag": 1, "change_message": "[{\"added\": {}}]"}}, {"model": "admin.logentry", "pk": 7, "fields": {"action_time": "2024-04-22T08:54:31.723Z", "user": "161e3cc4-e0b5-42d6-b144-1b49eb5afaba", "content_type": 47, "object_id": "3", "object_repr": "`Third word (by test_user4)`'s activity status was upgraded from A to M", "action_flag": 1, "change_message": "[{\"added\": {}}]"}}, {"model": "admin.logentry", "pk": 8, "fields": {"action_time": "2024-04-22T09:24:38.445Z", "user": "161e3cc4-e0b5-42d6-b144-1b49eb5afaba", "content_type": 15, "object_id": "0de94249-4dce-4c60-9b8f-aba37b841a9e", "object_repr": "Right collection", "action_flag": 1, "change_message": "[{\"added\": {}}, {\"added\": {\"name\": \"\\u0421\\u043b\\u043e\\u0432\\u0430, \\u0434\\u043e\\u0431\\u0430\\u0432\\u043b\\u0435\\u043d\\u043d\\u044b\\u0435 \\u0432 \\u043a\\u043e\\u043b\\u043b\\u0435\\u043a\\u0446\\u0438\\u044e\", \"object\": \"Word `Third word (by test_user4)` (English) was added to collection `Right collection` at 2024-04-22\"}}, {\"added\": {\"name\": \"\\u0421\\u043b\\u043e\\u0432\\u0430, \\u0434\\u043e\\u0431\\u0430\\u0432\\u043b\\u0435\\u043d\\u043d\\u044b\\u0435 \\u0432 \\u043a\\u043e\\u043b\\u043b\\u0435\\u043a\\u0446\\u0438\\u044e\", \"object\": \"Word `Word (by test_user4)` (English) was added to collection `Right collection` at 2024-04-22\"}}, {\"added\": {\"name\": \"\\u0421\\u043b\\u043e\\u0432\\u0430, \\u0434\\u043e\\u0431\\u0430\\u0432\\u043b\\u0435\\u043d\\u043d\\u044b\\u0435 \\u0432 \\u043a\\u043e\\u043b\\u043b\\u0435\\u043a\\u0446\\u0438\\u044e\", \"object\": \"Word `Word no quote (by test_user4)` (English) was added to collection `Right collection` at 2024-04-22\"}}]"}}, {"model": "admin.logentry", "pk": 9, "fields": {"action_time": "2024-04-22T09:25:18.810Z", "user": "161e3cc4-e0b5-42d6-b144-1b49eb5afaba", "content_type": 15, "object_id": "dfc4d70c-96aa-4638-a9c6-91a4ab5d23f7", "object_repr": "Wrong collection", "action_flag": 1, "change_message": "[{\"added\": {}}, {\"added\": {\"name\": \"\\u0421\\u043b\\u043e\\u0432\\u0430, \\u0434\\u043e\\u0431\\u0430\\u0432\\u043b\\u0435\\u043d\\u043d\\u044b\\u0435 \\u0432 \\u043a\\u043e\\u043b\\u043b\\u0435\\u043a\\u0446\\u0438\\u044e\", \"object\": \"Word `Word no translations (by test_user4)` (English) was added to collection `Wrong collection` at 2024-04-22\"}}]"}}, {"model": "admin.logentry", "pk": 10, "fields": {"action_time": "2024-04-22T09:25:36.341Z", "user": "161e3cc4-e0b5-42d6-b144-1b49eb5afaba", "content_type": 15, "object_id": "ee22815a-549f-411b-b223-f5a19ebca1a0", "object_repr": "Semi-right collection", "action_flag": 1, "change_message": "[{\"added\": {}}, {\"added\": {\"name\": \"\\u0421\\u043b\\u043e\\u0432\\u0430, \\u0434\\u043e\\u0431\\u0430\\u0432\\u043b\\u0435\\u043d\\u043d\\u044b\\u0435 \\u0432 \\u043a\\u043e\\u043b\\u043b\\u0435\\u043a\\u0446\\u0438\\u044e\", \"object\": \"Word `Word no translations (by test_user4)` (English) was added to collection `Semi-right collection` at 2024-04-22\"}}, {\"added\": {\"name\": \"\\u0421\\u043b\\u043e\\u0432\\u0430, \\u0434\\u043e\\u0431\\u0430\\u0432\\u043b\\u0435\\u043d\\u043d\\u044b\\u0435 \\u0432 \\u043a\\u043e\\u043b\\u043b\\u0435\\u043a\\u0446\\u0438\\u044e\", \"object\": \"Word `Third word (by test_user4)` (English) was added to collection `Semi-right collection` at 2024-04-22\"}}]"}}, {"model": "admin.logentry", "pk": 11, "fields": {"action_time": "2024-04-22T15:11:10.027Z", "user": "161e3cc4-e0b5-42d6-b144-1b49eb5afaba", "content_type": 15, "object_id": "a983ecbe-8a4f-4291-85ad-7d68ef638ed6", "object_repr": "test-for-delete", "action_flag": 1, "change_message": "[{\"added\": {}}]"}}, {"model": "admin.logentry", "pk": 12, "fields": {"action_time": "2024-05-02T08:41:26.761Z", "user": "161e3cc4-e0b5-42d6-b144-1b49eb5afaba", "content_type": 48, "object_id": "7c1ff696-c1c2-4ddf-ae67-96e486031d22", "object_repr": "test_user6", "action_flag": 3, "change_message": ""}}, {"model": "admin.logentry", "pk": 13, "fields": {"action_time": "2024-05-02T10:41:31.381Z", "user": "161e3cc4-e0b5-42d6-b144-1b49eb5afaba", "content_type": 48, "object_id": "8592edee-b1ab-493e-959a-9d9a8aff6aed", "object_repr": "test_user6", "action_flag": 3, "change_message": ""}}, {"model": "admin.logentry", "pk": 14, "fields": {"action_time": "2024-05-02T10:42:06.615Z", "user": "161e3cc4-e0b5-42d6-b144-1b49eb5afaba", "content_type": 48, "object_id": "a8d932c6-cc25-41f7-ad27-78b1f49c5ab6", "object_repr": "test_user6", "action_flag": 3, "change_message": ""}}, {"model": "auth.permission", "pk": 1, "fields": {"name": "Can add log entry", "content_type": 1, "codename": "add_logentry"}}, {"model": "auth.permission", "pk": 2, "fields": {"name": "Can change log entry", "content_type": 1, "codename": "change_logentry"}}, {"model": "auth.permission", "pk": 3, "fields": {"name": "Can delete log entry", "content_type": 1, "codename": "delete_logentry"}}, {"model": "auth.permission", "pk": 4, "fields": {"name": "Can view log entry", "content_type": 1, "codename": "view_logentry"}}, {"model": "auth.permission", "pk": 5, "fields": {"name": "Can add permission", "content_type": 2, "codename": "add_permission"}}, {"model": "auth.permission", "pk": 6, "fields": {"name": "Can change permission", "content_type": 2, "codename": "change_permission"}}, {"model": "auth.permission", "pk": 7, "fields": {"name": "Can delete permission", "content_type": 2, "codename": "delete_permission"}}, {"model": "auth.permission", "pk": 8, "fields": {"name": "Can view permission", "content_type": 2, "codename": "view_permission"}}, {"model": "auth.permission", "pk": 9, "fields": {"name": "Can add group", "content_type": 3, "codename": "add_group"}}, {"model": "auth.permission", "pk": 10, "fields": {"name": "Can change group", "content_type": 3, "codename": "change_group"}}, {"model": "auth.permission", "pk": 11, "fields": {"name": "Can delete group", "content_type": 3, "codename": "delete_group"}}, {"model": "auth.permission", "pk": 12, "fields": {"name": "Can view group", "content_type": 3, "codename": "view_group"}}, {"model": "auth.permission", "pk": 13, "fields": {"name": "Can add content type", "content_type": 4, "codename": "add_contenttype"}}, {"model": "auth.permission", "pk": 14, "fields": {"name": "Can change content type", "content_type": 4, "codename": "change_contenttype"}}, {"model": "auth.permission", "pk": 15, "fields": {"name": "Can delete content type", "content_type": 4, "codename": "delete_contenttype"}}, {"model": "auth.permission", "pk": 16, "fields": {"name": "Can view content type", "content_type": 4, "codename": "view_contenttype"}}, {"model": "auth.permission", "pk": 17, "fields": {"name": "Can add session", "content_type": 5, "codename": "add_session"}}, {"model": "auth.permission", "pk": 18, "fields": {"name": "Can change session", "content_type": 5, "codename": "change_session"}}, {"model": "auth.permission", "pk": 19, "fields": {"name": "Can delete session", "content_type": 5, "codename": "delete_session"}}, {"model": "auth.permission", "pk": 20, "fields": {"name": "Can view session", "content_type": 5, "codename": "view_session"}}, {"model": "auth.permission", "pk": 21, "fields": {"name": "Can add site", "content_type": 6, "codename": "add_site"}}, {"model": "auth.permission", "pk": 22, "fields": {"name": "Can change site", "content_type": 6, "codename": "change_site"}}, {"model": "auth.permission", "pk": 23, "fields": {"name": "Can delete site", "content_type": 6, "codename": "delete_site"}}, {"model": "auth.permission", "pk": 24, "fields": {"name": "Can view site", "content_type": 6, "codename": "view_site"}}, {"model": "auth.permission", "pk": 25, "fields": {"name": "Can add Token", "content_type": 7, "codename": "add_token"}}, {"model": "auth.permission", "pk": 26, "fields": {"name": "Can change Token", "content_type": 7, "codename": "change_token"}}, {"model": "auth.permission", "pk": 27, "fields": {"name": "Can delete Token", "content_type": 7, "codename": "delete_token"}}, {"model": "auth.permission", "pk": 28, "fields": {"name": "Can view Token", "content_type": 7, "codename": "view_token"}}, {"model": "auth.permission", "pk": 29, "fields": {"name": "Can add token", "content_type": 8, "codename": "add_tokenproxy"}}, {"model": "auth.permission", "pk": 30, "fields": {"name": "Can change token", "content_type": 8, "codename": "change_tokenproxy"}}, {"model": "auth.permission", "pk": 31, "fields": {"name": "Can delete token", "content_type": 8, "codename": "delete_tokenproxy"}}, {"model": "auth.permission", "pk": 32, "fields": {"name": "Can view token", "content_type": 8, "codename": "view_tokenproxy"}}, {"model": "auth.permission", "pk": 33, "fields": {"name": "Can add email address", "content_type": 9, "codename": "add_emailaddress"}}, {"model": "auth.permission", "pk": 34, "fields": {"name": "Can change email address", "content_type": 9, "codename": "change_emailaddress"}}, {"model": "auth.permission", "pk": 35, "fields": {"name": "Can delete email address", "content_type": 9, "codename": "delete_emailaddress"}}, {"model": "auth.permission", "pk": 36, "fields": {"name": "Can view email address", "content_type": 9, "codename": "view_emailaddress"}}, {"model": "auth.permission", "pk": 37, "fields": {"name": "Can add email confirmation", "content_type": 10, "codename": "add_emailconfirmation"}}, {"model": "auth.permission", "pk": 38, "fields": {"name": "Can change email confirmation", "content_type": 10, "codename": "change_emailconfirmation"}}, {"model": "auth.permission", "pk": 39, "fields": {"name": "Can delete email confirmation", "content_type": 10, "codename": "delete_emailconfirmation"}}, {"model": "auth.permission", "pk": 40, "fields": {"name": "Can view email confirmation", "content_type": 10, "codename": "view_emailconfirmation"}}, {"model": "auth.permission", "pk": 41, "fields": {"name": "Can add social account", "content_type": 11, "codename": "add_socialaccount"}}, {"model": "auth.permission", "pk": 42, "fields": {"name": "Can change social account", "content_type": 11, "codename": "change_socialaccount"}}, {"model": "auth.permission", "pk": 43, "fields": {"name": "Can delete social account", "content_type": 11, "codename": "delete_socialaccount"}}, {"model": "auth.permission", "pk": 44, "fields": {"name": "Can view social account", "content_type": 11, "codename": "view_socialaccount"}}, {"model": "auth.permission", "pk": 45, "fields": {"name": "Can add social application", "content_type": 12, "codename": "add_socialapp"}}, {"model": "auth.permission", "pk": 46, "fields": {"name": "Can change social application", "content_type": 12, "codename": "change_socialapp"}}, {"model": "auth.permission", "pk": 47, "fields": {"name": "Can delete social application", "content_type": 12, "codename": "delete_socialapp"}}, {"model": "auth.permission", "pk": 48, "fields": {"name": "Can view social application", "content_type": 12, "codename": "view_socialapp"}}, {"model": "auth.permission", "pk": 49, "fields": {"name": "Can add social application token", "content_type": 13, "codename": "add_socialtoken"}}, {"model": "auth.permission", "pk": 50, "fields": {"name": "Can change social application token", "content_type": 13, "codename": "change_socialtoken"}}, {"model": "auth.permission", "pk": 51, "fields": {"name": "Can delete social application token", "content_type": 13, "codename": "delete_socialtoken"}}, {"model": "auth.permission", "pk": 52, "fields": {"name": "Can view social application token", "content_type": 13, "codename": "view_socialtoken"}}, {"model": "auth.permission", "pk": 53, "fields": {"name": "Can add Антоним", "content_type": 14, "codename": "add_antonym"}}, {"model": "auth.permission", "pk": 54, "fields": {"name": "Can change Антоним", "content_type": 14, "codename": "change_antonym"}}, {"model": "auth.permission", "pk": 55, "fields": {"name": "Can delete Антоним", "content_type": 14, "codename": "delete_antonym"}}, {"model": "auth.permission", "pk": 56, "fields": {"name": "Can view Антоним", "content_type": 14, "codename": "view_antonym"}}, {"model": "auth.permission", "pk": 57, "fields": {"name": "Can add Коллекция", "content_type": 15, "codename": "add_collection"}}, {"model": "auth.permission", "pk": 58, "fields": {"name": "Can change Коллекция", "content_type": 15, "codename": "change_collection"}}, {"model": "auth.permission", "pk": 59, "fields": {"name": "Can delete Коллекция", "content_type": 15, "codename": "delete_collection"}}, {"model": "auth.permission", "pk": 60, "fields": {"name": "Can view Коллекция", "content_type": 15, "codename": "view_collection"}}, {"model": "auth.permission", "pk": 61, "fields": {"name": "Can add Определение", "content_type": 16, "codename": "add_definition"}}, {"model": "auth.permission", "pk": 62, "fields": {"name": "Can change Определение", "content_type": 16, "codename": "change_definition"}}, {"model": "auth.permission", "pk": 63, "fields": {"name": "Can delete Определение", "content_type": 16, "codename": "delete_definition"}}, {"model": "auth.permission", "pk": 64, "fields": {"name": "Can view Определение", "content_type": 16, "codename": "view_definition"}}, {"model": "auth.permission", "pk": 65, "fields": {"name": "Can add Форма", "content_type": 17, "codename": "add_form"}}, {"model": "auth.permission", "pk": 66, "fields": {"name": "Can change Форма", "content_type": 17, "codename": "change_form"}}, {"model": "auth.permission", "pk": 67, "fields": {"name": "Can delete Форма", "content_type": 17, "codename": "delete_form"}}, {"model": "auth.permission", "pk": 68, "fields": {"name": "Can view Форма", "content_type": 17, "codename": "view_form"}}, {"model": "auth.permission", "pk": 69, "fields": {"name": "Can add Forms group", "content_type": 18, "codename": "add_formsgroup"}}, {"model": "auth.permission", "pk": 70, "fields": {"name": "Can change Forms group", "content_type": 18, "codename": "change_formsgroup"}}, {"model": "auth.permission", "pk": 71, "fields": {"name": "Can delete Forms group", "content_type": 18, "codename": "delete_formsgroup"}}, {"model": "auth.permission", "pk": 72, "fields": {"name": "Can view Forms group", "content_type": 18, "codename": "view_formsgroup"}}, {"model": "auth.permission", "pk": 73, "fields": {"name": "Can add Ассоциация-картинка", "content_type": 19, "codename": "add_imageassociation"}}, {"model": "auth.permission", "pk": 74, "fields": {"name": "Can change Ассоциация-картинка", "content_type": 19, "codename": "change_imageassociation"}}, {"model": "auth.permission", "pk": 75, "fields": {"name": "Can delete Ассоциация-картинка", "content_type": 19, "codename": "delete_imageassociation"}}, {"model": "auth.permission", "pk": 76, "fields": {"name": "Can view Ассоциация-картинка", "content_type": 19, "codename": "view_imageassociation"}}, {"model": "auth.permission", "pk": 77, "fields": {"name": "Can add Association quote", "content_type": 20, "codename": "add_quoteassociation"}}, {"model": "auth.permission", "pk": 78, "fields": {"name": "Can change Association quote", "content_type": 20, "codename": "change_quoteassociation"}}, {"model": "auth.permission", "pk": 79, "fields": {"name": "Can delete Association quote", "content_type": 20, "codename": "delete_quoteassociation"}}, {"model": "auth.permission", "pk": 80, "fields": {"name": "Can view Association quote", "content_type": 20, "codename": "view_quoteassociation"}}, {"model": "auth.permission", "pk": 81, "fields": {"name": "Can add Похожее", "content_type": 21, "codename": "add_similar"}}, {"model": "auth.permission", "pk": 82, "fields": {"name": "Can change Похожее", "content_type": 21, "codename": "change_similar"}}, {"model": "auth.permission", "pk": 83, "fields": {"name": "Can delete Похожее", "content_type": 21, "codename": "delete_similar"}}, {"model": "auth.permission", "pk": 84, "fields": {"name": "Can view Похожее", "content_type": 21, "codename": "view_similar"}}, {"model": "auth.permission", "pk": 85, "fields": {"name": "Can add Синонимы", "content_type": 22, "codename": "add_synonym"}}, {"model": "auth.permission", "pk": 86, "fields": {"name": "Can change Синонимы", "content_type": 22, "codename": "change_synonym"}}, {"model": "auth.permission", "pk": 87, "fields": {"name": "Can delete Синонимы", "content_type": 22, "codename": "delete_synonym"}}, {"model": "auth.permission", "pk": 88, "fields": {"name": "Can view Синонимы", "content_type": 22, "codename": "view_synonym"}}, {"model": "auth.permission", "pk": 89, "fields": {"name": "Can add Тег", "content_type": 23, "codename": "add_tag"}}, {"model": "auth.permission", "pk": 90, "fields": {"name": "Can change Тег", "content_type": 23, "codename": "change_tag"}}, {"model": "auth.permission", "pk": 91, "fields": {"name": "Can delete Тег", "content_type": 23, "codename": "delete_tag"}}, {"model": "auth.permission", "pk": 92, "fields": {"name": "Can view Тег", "content_type": 23, "codename": "view_tag"}}, {"model": "auth.permission", "pk": 93, "fields": {"name": "Can add Тип", "content_type": 24, "codename": "add_type"}}, {"model": "auth.permission", "pk": 94, "fields": {"name": "Can change Тип", "content_type": 24, "codename": "change_type"}}, {"model": "auth.permission", "pk": 95, "fields": {"name": "Can delete Тип", "content_type": 24, "codename": "delete_type"}}, {"model": "auth.permission", "pk": 96, "fields": {"name": "Can view Тип", "content_type": 24, "codename": "view_type"}}, {"model": "auth.permission", "pk": 97, "fields": {"name": "Can add Пример использования", "content_type": 25, "codename": "add_usageexample"}}, {"model": "auth.permission", "pk": 98, "fields": {"name": "Can change Пример использования", "content_type": 25, "codename": "change_usageexample"}}, {"model": "auth.permission", "pk": 99, "fields": {"name": "Can delete Пример использования", "content_type": 25, "codename": "delete_usageexample"}}, {"model": "auth.permission", "pk": 100, "fields": {"name": "Can view Пример использования", "content_type": 25, "codename": "view_usageexample"}}, {"model": "auth.permission", "pk": 101, "fields": {"name": "Can add Слово или фраза", "content_type": 26, "codename": "add_word"}}, {"model": "auth.permission", "pk": 102, "fields": {"name": "Can change Слово или фраза", "content_type": 26, "codename": "change_word"}}, {"model": "auth.permission", "pk": 103, "fields": {"name": "Can delete Слово или фраза", "content_type": 26, "codename": "delete_word"}}, {"model": "auth.permission", "pk": 104, "fields": {"name": "Can view Слово или фраза", "content_type": 26, "codename": "view_word"}}, {"model": "auth.permission", "pk": 105, "fields": {"name": "Can add Перевод", "content_type": 27, "codename": "add_wordtranslation"}}, {"model": "auth.permission", "pk": 106, "fields": {"name": "Can change Перевод", "content_type": 27, "codename": "change_wordtranslation"}}, {"model": "auth.permission", "pk": 107, "fields": {"name": "Can delete Перевод", "content_type": 27, "codename": "delete_wordtranslation"}}, {"model": "auth.permission", "pk": 108, "fields": {"name": "Can view Перевод", "content_type": 27, "codename": "view_wordtranslation"}}, {"model": "auth.permission", "pk": 109, "fields": {"name": "Can add Пример использования слова", "content_type": 28, "codename": "add_wordusageexamples"}}, {"model": "auth.permission", "pk": 110, "fields": {"name": "Can change Пример использования слова", "content_type": 28, "codename": "change_wordusageexamples"}}, {"model": "auth.permission", "pk": 111, "fields": {"name": "Can delete Пример использования слова", "content_type": 28, "codename": "delete_wordusageexamples"}}, {"model": "auth.permission", "pk": 112, "fields": {"name": "Can view Пример использования слова", "content_type": 28, "codename": "view_wordusageexamples"}}, {"model": "auth.permission", "pk": 113, "fields": {"name": "Can add Перевод слова", "content_type": 29, "codename": "add_wordtranslations"}}, {"model": "auth.permission", "pk": 114, "fields": {"name": "Can change Перевод слова", "content_type": 29, "codename": "change_wordtranslations"}}, {"model": "auth.permission", "pk": 115, "fields": {"name": "Can delete Перевод слова", "content_type": 29, "codename": "delete_wordtranslations"}}, {"model": "auth.permission", "pk": 116, "fields": {"name": "Can view Перевод слова", "content_type": 29, "codename": "view_wordtranslations"}}, {"model": "auth.permission", "pk": 117, "fields": {"name": "Can add Слова, добавленные в коллекцию", "content_type": 30, "codename": "add_wordsincollections"}}, {"model": "auth.permission", "pk": 118, "fields": {"name": "Can change Слова, добавленные в коллекцию", "content_type": 30, "codename": "change_wordsincollections"}}, {"model": "auth.permission", "pk": 119, "fields": {"name": "Can delete Слова, добавленные в коллекцию", "content_type": 30, "codename": "delete_wordsincollections"}}, {"model": "auth.permission", "pk": 120, "fields": {"name": "Can view Слова, добавленные в коллекцию", "content_type": 30, "codename": "view_wordsincollections"}}, {"model": "auth.permission", "pk": 121, "fields": {"name": "Can add Words forms group", "content_type": 31, "codename": "add_wordsformgroups"}}, {"model": "auth.permission", "pk": 122, "fields": {"name": "Can change Words forms group", "content_type": 31, "codename": "change_wordsformgroups"}}, {"model": "auth.permission", "pk": 123, "fields": {"name": "Can delete Words forms group", "content_type": 31, "codename": "delete_wordsformgroups"}}, {"model": "auth.permission", "pk": 124, "fields": {"name": "Can view Words forms group", "content_type": 31, "codename": "view_wordsformgroups"}}, {"model": "auth.permission", "pk": 125, "fields": {"name": "Can add Word quote", "content_type": 32, "codename": "add_wordquoteassociations"}}, {"model": "auth.permission", "pk": 126, "fields": {"name": "Can change Word quote", "content_type": 32, "codename": "change_wordquoteassociations"}}, {"model": "auth.permission", "pk": 127, "fields": {"name": "Can delete Word quote", "content_type": 32, "codename": "delete_wordquoteassociations"}}, {"model": "auth.permission", "pk": 128, "fields": {"name": "Can view Word quote", "content_type": 32, "codename": "view_wordquoteassociations"}}, {"model": "auth.permission", "pk": 129, "fields": {"name": "Can add Word image", "content_type": 33, "codename": "add_wordimageassociations"}}, {"model": "auth.permission", "pk": 130, "fields": {"name": "Can change Word image", "content_type": 33, "codename": "change_wordimageassociations"}}, {"model": "auth.permission", "pk": 131, "fields": {"name": "Can delete Word image", "content_type": 33, "codename": "delete_wordimageassociations"}}, {"model": "auth.permission", "pk": 132, "fields": {"name": "Can view Word image", "content_type": 33, "codename": "view_wordimageassociations"}}, {"model": "auth.permission", "pk": 133, "fields": {"name": "Can add Определение слова", "content_type": 34, "codename": "add_worddefinitions"}}, {"model": "auth.permission", "pk": 134, "fields": {"name": "Can change Определение слова", "content_type": 34, "codename": "change_worddefinitions"}}, {"model": "auth.permission", "pk": 135, "fields": {"name": "Can delete Определение слова", "content_type": 34, "codename": "delete_worddefinitions"}}, {"model": "auth.permission", "pk": 136, "fields": {"name": "Can view Определение слова", "content_type": 34, "codename": "view_worddefinitions"}}, {"model": "auth.permission", "pk": 137, "fields": {"name": "Can add Заметка", "content_type": 35, "codename": "add_note"}}, {"model": "auth.permission", "pk": 138, "fields": {"name": "Can change Заметка", "content_type": 35, "codename": "change_note"}}, {"model": "auth.permission", "pk": 139, "fields": {"name": "Can delete Заметка", "content_type": 35, "codename": "delete_note"}}, {"model": "auth.permission", "pk": 140, "fields": {"name": "Can view Заметка", "content_type": 35, "codename": "view_note"}}, {"model": "auth.permission", "pk": 141, "fields": {"name": "Can add Избранное слова", "content_type": 36, "codename": "add_favoriteword"}}, {"model": "auth.permission", "pk": 142, "fields": {"name": "Can change Избранное слова", "content_type": 36, "codename": "change_favoriteword"}}, {"model": "auth.permission", "pk": 143, "fields": {"name": "Can delete Избранное слова", "content_type": 36, "codename": "delete_favoriteword"}}, {"model": "auth.permission", "pk": 144, "fields": {"name": "Can view Избранное слова", "content_type": 36, "codename": "view_favoriteword"}}, {"model": "auth.permission", "pk": 145, "fields": {"name": "Can add Избранная коллекция", "content_type": 37, "codename": "add_favoritecollection"}}, {"model": "auth.permission", "pk": 146, "fields": {"name": "Can change Избранная коллекция", "content_type": 37, "codename": "change_favoritecollection"}}, {"model": "auth.permission", "pk": 147, "fields": {"name": "Can delete Избранная коллекция", "content_type": 37, "codename": "delete_favoritecollection"}}, {"model": "auth.permission", "pk": 148, "fields": {"name": "Can view Избранная коллекция", "content_type": 37, "codename": "view_favoritecollection"}}, {"model": "auth.permission", "pk": 149, "fields": {"name": "Can add Язык", "content_type": 38, "codename": "add_language"}}, {"model": "auth.permission", "pk": 150, "fields": {"name": "Can change Язык", "content_type": 38, "codename": "change_language"}}, {"model": "auth.permission", "pk": 151, "fields": {"name": "Can delete Язык", "content_type": 38, "codename": "delete_language"}}, {"model": "auth.permission", "pk": 152, "fields": {"name": "Can view Язык", "content_type": 38, "codename": "view_language"}}, {"model": "auth.permission", "pk": 153, "fields": {"name": "Can add Language image", "content_type": 39, "codename": "add_languageimage"}}, {"model": "auth.permission", "pk": 154, "fields": {"name": "Can change Language image", "content_type": 39, "codename": "change_languageimage"}}, {"model": "auth.permission", "pk": 155, "fields": {"name": "Can delete Language image", "content_type": 39, "codename": "delete_languageimage"}}, {"model": "auth.permission", "pk": 156, "fields": {"name": "Can view Language image", "content_type": 39, "codename": "view_languageimage"}}, {"model": "auth.permission", "pk": 157, "fields": {"name": "Can add Упражнение", "content_type": 40, "codename": "add_exercise"}}, {"model": "auth.permission", "pk": 158, "fields": {"name": "Can change Упражнение", "content_type": 40, "codename": "change_exercise"}}, {"model": "auth.permission", "pk": 159, "fields": {"name": "Can delete Упражнение", "content_type": 40, "codename": "delete_exercise"}}, {"model": "auth.permission", "pk": 160, "fields": {"name": "Can view Упражнение", "content_type": 40, "codename": "view_exercise"}}, {"model": "auth.permission", "pk": 161, "fields": {"name": "Can add Избранное упражнение", "content_type": 41, "codename": "add_favoriteexercise"}}, {"model": "auth.permission", "pk": 162, "fields": {"name": "Can change Избранное упражнение", "content_type": 41, "codename": "change_favoriteexercise"}}, {"model": "auth.permission", "pk": 163, "fields": {"name": "Can delete Избранное упражнение", "content_type": 41, "codename": "delete_favoriteexercise"}}, {"model": "auth.permission", "pk": 164, "fields": {"name": "Can view Избранное упражнение", "content_type": 41, "codename": "view_favoriteexercise"}}, {"model": "auth.permission", "pk": 165, "fields": {"name": "Can add Hint", "content_type": 42, "codename": "add_hint"}}, {"model": "auth.permission", "pk": 166, "fields": {"name": "Can change Hint", "content_type": 42, "codename": "change_hint"}}, {"model": "auth.permission", "pk": 167, "fields": {"name": "Can delete Hint", "content_type": 42, "codename": "delete_hint"}}, {"model": "auth.permission", "pk": 168, "fields": {"name": "Can view Hint", "content_type": 42, "codename": "view_hint"}}, {"model": "auth.permission", "pk": 169, "fields": {"name": "Can add Translator exercise history", "content_type": 43, "codename": "add_translatorhistorydetails"}}, {"model": "auth.permission", "pk": 170, "fields": {"name": "Can change Translator exercise history", "content_type": 43, "codename": "change_translatorhistorydetails"}}, {"model": "auth.permission", "pk": 171, "fields": {"name": "Can delete Translator exercise history", "content_type": 43, "codename": "delete_translatorhistorydetails"}}, {"model": "auth.permission", "pk": 172, "fields": {"name": "Can view Translator exercise history", "content_type": 43, "codename": "view_translatorhistorydetails"}}, {"model": "auth.permission", "pk": 173, "fields": {"name": "Can add Translator exercise saved user settings", "content_type": 44, "codename": "add_translatoruserdefaultsettings"}}, {"model": "auth.permission", "pk": 174, "fields": {"name": "Can change Translator exercise saved user settings", "content_type": 44, "codename": "change_translatoruserdefaultsettings"}}, {"model": "auth.permission", "pk": 175, "fields": {"name": "Can delete Translator exercise saved user settings", "content_type": 44, "codename": "delete_translatoruserdefaultsettings"}}, {"model": "auth.permission", "pk": 176, "fields": {"name": "Can view Translator exercise saved user settings", "content_type": 44, "codename": "view_translatoruserdefaultsettings"}}, {"model": "auth.permission", "pk": 177, "fields": {"name": "Can add User exercise approach", "content_type": 45, "codename": "add_usersexerciseshistory"}}, {"model": "auth.permission", "pk": 178, "fields": {"name": "Can change User exercise approach", "content_type": 45, "codename": "change_usersexerciseshistory"}}, {"model": "auth.permission", "pk": 179, "fields": {"name": "Can delete User exercise approach", "content_type": 45, "codename": "delete_usersexerciseshistory"}}, {"model": "auth.permission", "pk": 180, "fields": {"name": "Can view User exercise approach", "content_type": 45, "codename": "view_usersexerciseshistory"}}, {"model": "auth.permission", "pk": 181, "fields": {"name": "Can add Word set", "content_type": 46, "codename": "add_wordset"}}, {"model": "auth.permission", "pk": 182, "fields": {"name": "Can change Word set", "content_type": 46, "codename": "change_wordset"}}, {"model": "auth.permission", "pk": 183, "fields": {"name": "Can delete Word set", "content_type": 46, "codename": "delete_wordset"}}, {"model": "auth.permission", "pk": 184, "fields": {"name": "Can view Word set", "content_type": 46, "codename": "view_wordset"}}, {"model": "auth.permission", "pk": 185, "fields": {"name": "Can add words update history", "content_type": 47, "codename": "add_wordsupdatehistory"}}, {"model": "auth.permission", "pk": 186, "fields": {"name": "Can change words update history", "content_type": 47, "codename": "change_wordsupdatehistory"}}, {"model": "auth.permission", "pk": 187, "fields": {"name": "Can delete words update history", "content_type": 47, "codename": "delete_wordsupdatehistory"}}, {"model": "auth.permission", "pk": 188, "fields": {"name": "Can view words update history", "content_type": 47, "codename": "view_wordsupdatehistory"}}, {"model": "auth.permission", "pk": 189, "fields": {"name": "Can add Пользователь", "content_type": 48, "codename": "add_user"}}, {"model": "auth.permission", "pk": 190, "fields": {"name": "Can change Пользователь", "content_type": 48, "codename": "change_user"}}, {"model": "auth.permission", "pk": 191, "fields": {"name": "Can delete Пользователь", "content_type": 48, "codename": "delete_user"}}, {"model": "auth.permission", "pk": 192, "fields": {"name": "Can view Пользователь", "content_type": 48, "codename": "view_user"}}, {"model": "auth.permission", "pk": 193, "fields": {"name": "Can add User native language", "content_type": 49, "codename": "add_usernativelanguage"}}, {"model": "auth.permission", "pk": 194, "fields": {"name": "Can change User native language", "content_type": 49, "codename": "change_usernativelanguage"}}, {"model": "auth.permission", "pk": 195, "fields": {"name": "Can delete User native language", "content_type": 49, "codename": "delete_usernativelanguage"}}, {"model": "auth.permission", "pk": 196, "fields": {"name": "Can view User native language", "content_type": 49, "codename": "view_usernativelanguage"}}, {"model": "auth.permission", "pk": 197, "fields": {"name": "Can add User learning language", "content_type": 50, "codename": "add_userlearninglanguage"}}, {"model": "auth.permission", "pk": 198, "fields": {"name": "Can change User learning language", "content_type": 50, "codename": "change_userlearninglanguage"}}, {"model": "auth.permission", "pk": 199, "fields": {"name": "Can delete User learning language", "content_type": 50, "codename": "delete_userlearninglanguage"}}, {"model": "auth.permission", "pk": 200, "fields": {"name": "Can view User learning language", "content_type": 50, "codename": "view_userlearninglanguage"}}, {"model": "auth.permission", "pk": 201, "fields": {"name": "Can add User default words view setting", "content_type": 51, "codename": "add_userdefaultwordsview"}}, {"model": "auth.permission", "pk": 202, "fields": {"name": "Can change User default words view setting", "content_type": 51, "codename": "change_userdefaultwordsview"}}, {"model": "auth.permission", "pk": 203, "fields": {"name": "Can delete User default words view setting", "content_type": 51, "codename": "delete_userdefaultwordsview"}}, {"model": "auth.permission", "pk": 204, "fields": {"name": "Can view User default words view setting", "content_type": 51, "codename": "view_userdefaultwordsview"}}, {"model": "contenttypes.contenttype", "pk": 1, "fields": {"app_label": "admin", "model": "logentry"}}, {"model": "contenttypes.contenttype", "pk": 2, "fields": {"app_label": "auth", "model": "permission"}}, {"model": "contenttypes.contenttype", "pk": 3, "fields": {"app_label": "auth", "model": "group"}}, {"model": "contenttypes.contenttype", "pk": 4, "fields": {"app_label": "contenttypes", "model": "contenttype"}}, {"model": "contenttypes.contenttype", "pk": 5, "fields": {"app_label": "sessions", "model": "session"}}, {"model": "contenttypes.contenttype", "pk": 6, "fields": {"app_label": "sites", "model": "site"}}, {"model": "contenttypes.contenttype", "pk": 7, "fields": {"app_label": "authtoken", "model": "token"}}, {"model": "contenttypes.contenttype", "pk": 8, "fields": {"app_label": "authtoken", "model": "tokenproxy"}}, {"model": "contenttypes.contenttype", "pk": 9, "fields": {"app_label": "account", "model": "emailaddress"}}, {"model": "contenttypes.contenttype", "pk": 10, "fields": {"app_label": "account", "model": "emailconfirmation"}}, {"model": "contenttypes.contenttype", "pk": 11, "fields": {"app_label": "socialaccount", "model": "socialaccount"}}, {"model": "contenttypes.contenttype", "pk": 12, "fields": {"app_label": "socialaccount", "model": "socialapp"}}, {"model": "contenttypes.contenttype", "pk": 13, "fields": {"app_label": "socialaccount", "model": "socialtoken"}}, {"model": "contenttypes.contenttype", "pk": 14, "fields": {"app_label": "vocabulary", "model": "antonym"}}, {"model": "contenttypes.contenttype", "pk": 15, "fields": {"app_label": "vocabulary", "model": "collection"}}, {"model": "contenttypes.contenttype", "pk": 16, "fields": {"app_label": "vocabulary", "model": "definition"}}, {"model": "contenttypes.contenttype", "pk": 17, "fields": {"app_label": "vocabulary", "model": "form"}}, {"model": "contenttypes.contenttype", "pk": 18, "fields": {"app_label": "vocabulary", "model": "formsgroup"}}, {"model": "contenttypes.contenttype", "pk": 19, "fields": {"app_label": "vocabulary", "model": "imageassociation"}}, {"model": "contenttypes.contenttype", "pk": 20, "fields": {"app_label": "vocabulary", "model": "quoteassociation"}}, {"model": "contenttypes.contenttype", "pk": 21, "fields": {"app_label": "vocabulary", "model": "similar"}}, {"model": "contenttypes.contenttype", "pk": 22, "fields": {"app_label": "vocabulary", "model": "synonym"}}, {"model": "contenttypes.contenttype", "pk": 23, "fields": {"app_label": "vocabulary", "model": "tag"}}, {"model": "contenttypes.contenttype", "pk": 24, "fields": {"app_label": "vocabulary", "model": "type"}}, {"model": "contenttypes.contenttype", "pk": 25, "fields": {"app_label": "vocabulary", "model": "usageexample"}}, {"model": "contenttypes.contenttype", "pk": 26, "fields": {"app_label": "vocabulary", "model": "word"}}, {"model": "contenttypes.contenttype", "pk": 27, "fields": {"app_label": "vocabulary", "model": "wordtranslation"}}, {"model": "contenttypes.contenttype", "pk": 28, "fields": {"app_label": "vocabulary", "model": "wordusageexamples"}}, {"model": "contenttypes.contenttype", "pk": 29, "fields": {"app_label": "vocabulary", "model": "wordtranslations"}}, {"model": "contenttypes.contenttype", "pk": 30, "fields": {"app_label": "vocabulary", "model": "wordsincollections"}}, {"model": "contenttypes.contenttype", "pk": 31, "fields": {"app_label": "vocabulary", "model": "wordsformgroups"}}, {"model": "contenttypes.contenttype", "pk": 32, "fields": {"app_label": "vocabulary", "model": "wordquoteassociations"}}, {"model": "contenttypes.contenttype", "pk": 33, "fields": {"app_label": "vocabulary", "model": "wordimageassociations"}}, {"model": "contenttypes.contenttype", "pk": 34, "fields": {"app_label": "vocabulary", "model": "worddefinitions"}}, {"model": "contenttypes.contenttype", "pk": 35, "fields": {"app_label": "vocabulary", "model": "note"}}, {"model": "contenttypes.contenttype", "pk": 36, "fields": {"app_label": "vocabulary", "model": "favoriteword"}}, {"model": "contenttypes.contenttype", "pk": 37, "fields": {"app_label": "vocabulary", "model": "favoritecollection"}}, {"model": "contenttypes.contenttype", "pk": 38, "fields": {"app_label": "languages", "model": "language"}}, {"model": "contenttypes.contenttype", "pk": 39, "fields": {"app_label": "languages", "model": "languageimage"}}, {"model": "contenttypes.contenttype", "pk": 40, "fields": {"app_label": "exercises", "model": "exercise"}}, {"model": "contenttypes.contenttype", "pk": 41, "fields": {"app_label": "exercises", "model": "favoriteexercise"}}, {"model": "contenttypes.contenttype", "pk": 42, "fields": {"app_label": "exercises", "model": "hint"}}, {"model": "contenttypes.contenttype", "pk": 43, "fields": {"app_label": "exercises", "model": "translatorhistorydetails"}}, {"model": "contenttypes.contenttype", "pk": 44, "fields": {"app_label": "exercises", "model": "translatoruserdefaultsettings"}}, {"model": "contenttypes.contenttype", "pk": 45, "fields": {"app_label": "exercises", "model": "usersexerciseshistory"}}, {"model": "contenttypes.contenttype", "pk": 46, "fields": {"app_label": "exercises", "model": "wordset"}}, {"model": "contenttypes.contenttype", "pk": 47, "fields": {"app_label": "exercises", "model": "wordsupdatehistory"}}, {"model": "contenttypes.contenttype", "pk": 48, "fields": {"app_label": "users", "model": "user"}}, {"model": "contenttypes.contenttype", "pk": 49, "fields": {"app_label": "users", "model": "usernativelanguage"}}, {"model": "contenttypes.contenttype", "pk": 50, "fields": {"app_label": "users", "model": "userlearninglanguage"}}, {"model": "contenttypes.contenttype", "pk": 51, "fields": {"app_label": "users", "model": "userdefaultwordsview"}}, {"model": "sessions.session", "pk": "38v299nnfe4h1gyewuh3ksegvsocwrgx", "fields": {"session_data": ".eJxVjcsOgjAURP-la9twWwrUpXu_obmvCmog4bEy_ruSsNDtzDkzL5NxW_u8LTrnQczZMBIhNmiT-NbWTac2xUpsgRgbLhUmCOb0qxHyQ8fdlTuOt8nxNK7zQG5H3NEu7jqJPi8H-zfQ49LvzwEicsfqU0FVAk8tKQIwB2GIvuJUQo0MDCUBxOC_US1dwTb4QOb9AWtDQjQ:1s2TtB:BJqMWl_liRHd1dB85sCGYxCzDN6N979aZXRhp-bX1DU", "expire_date": "2024-05-16T10:42:09.945Z"}}, {"model": "sessions.session", "pk": "4mhhrcsz7eehd9eoly7yrh7jc540hxi9", "fields": {"session_data": ".eJxVjcsOgjAURP-la9twWwrUpXu_obmvCmog4bEy_ruSsNDtzDkzL5NxW_u8LTrnQczZMBIhNmiT-NbWTac2xUpsgRgbLhUmCOb0qxHyQ8fdlTuOt8nxNK7zQG5H3NEu7jqJPi8H-zfQ49LvzwEicsfqU0FVAk8tKQIwB2GIvuJUQo0MDCUBxOC_US1dwTb4QOb9AWtDQjQ:1sABxs:3OYmqocr_GTCaHBiuxyh1u0sRos1ZXYFwi1zbIgjJlI", "expire_date": "2024-06-06T17:10:52.757Z"}}, {"model": "sessions.session", "pk": "hv014jswl4jizsxi6dojg1ciid65xrfe", "fields": {"session_data": ".eJxVzDsOwjAQRdG9uMYW_g0eSnrWEI09YxJAsZRPhdg7REoB9bvnvVRH69J36yxTN7A6qxTRCYvobCnrgF40RiSNjJSoViBhdfhlmcpDxs3yncZbM6WNyzRksyVmX2dzbSzPy97-HfQ0919tHddUinCylFCsi8Vn8AFCCB5zjSmyC_YIGQF8gXoScJY2A0kKq_cHmDNCMQ:1s2S3F:Ud9zcw4mFNGNx8phL64GVtbMHAAZkzn6BMa6mSf81qs", "expire_date": "2024-05-16T08:44:25.924Z"}}, {"model": "sessions.session", "pk": "n7vie3tjg60cqm1hyp7zfilnu86aygcx", "fields": {"session_data": ".eJxVzDkOwjAURdG9uCaW7Xw7NiU9a4j-ZMKgRMpQIfaOIqWA-t3z3qbHbR36bdG5v4s5G5-8tszQqKPYQJDUkAdoPEFRiliR0Jx-GSE_ddytPHC8TZancZ3vZPfEHutir5Po63K0fwcDLsOupQvVxVxYQgYnmmJhFVToBErNHiV2wFhyKm3UNgs5pSyFA9bMyXy-Uk5CdA:1rynll:HBSmpjndOeUAkiJZUCGG8jG_NrQCQQIwq0nqfx9F3RA", "expire_date": "2024-05-06T07:07:17.030Z"}}, {"model": "sessions.session", "pk": "oj1p3s60c5267vyypx7klzijtgnnex56", "fields": {"session_data": ".eJxVzLsOwjAMheF3yUyjpk2chJGdZ6js2KYF1Eq9TIh3h0odYD7_d16mw23tu22RuRvYnE0RQVVqqhiJK99EqDBHqoSgYAssyXtz-mWE5SHjbvmO422yZRrXeSC7J_ZYF3udWJ6Xo_076HHpvzqDxsBac4BcxKWaRD0roLrM3HoFRUHnS03OBQcxUCJKqNlDbGJr3h_HkEKw:1sApRZ:xToT2NUdd8GrSGj7L0_Fk1OlFTOjjFTcuf8JMsW1xZ4", "expire_date": "2024-06-08T11:20:09.938Z"}}, {"model": "sessions.session", "pk": "ulqit5329o6c37gtv3487qtemdoz47h7", "fields": {"session_data": ".eJxVzDkOwjAURdG9uCaW7Xw7NiU9a4j-ZMKgRMpQIfaOIqWA-t3z3qbHbR36bdG5v4s5G5-8tszQqKPYQJDUkAdoPEFRiliR0Jx-GSE_ddytPHC8TZancZ3vZPfEHutir5Po63K0fwcDLsOupQvVxVxYQgYnmmJhFVToBErNHiV2wFhyKm3UNgs5pSyFA9bMyXy-Uk5CdA:1s4Fsx:wEbeQOjBdPmcbVVZVPF23rt3icqoMW-AnIzgwfoqUs8", "expire_date": "2024-05-21T08:09:15.165Z"}}, {"model": "sites.site", "pk": 1, "fields": {"domain": "example.com", "name": "example.com"}}, {"model": "authtoken.token", "pk": "5f96f8004e167e4692aa7a60f919dfba393cb9fc", "fields": {"user": "f3fee61d-45a0-419c-a130-2e48ed228208", "created": "2024-04-22T07:06:18.486Z"}}, {"model": "authtoken.token", "pk": "9a1dec0b7bfddcbe4cdb5ae39379e2836f3ba30c", "fields": {"user": "ecba400d-c7c6-4f7d-84c4-1623ebc6355a", "created": "2024-04-22T10:25:02.858Z"}}, {"model": "authtoken.token", "pk": "adb86ae2bc7acd31be1fd2c743696d84c1b43624", "fields": {"user": "cabbaa6a-9d27-468e-950d-f1556cf0a913", "created": "2024-05-23T17:10:52.726Z"}}, {"model": "account.emailaddress", "pk": 1, "fields": {"user": "f3fee61d-45a0-419c-a130-2e48ed228208", "email": "user4@example.com", "verified": false, "primary": true}}, {"model": "account.emailaddress", "pk": 2, "fields": {"user": "ecba400d-c7c6-4f7d-84c4-1623ebc6355a", "email": "user5@example.com", "verified": false, "primary": true}}, {"model": "account.emailaddress", "pk": 6, "fields": {"user": "cabbaa6a-9d27-468e-950d-f1556cf0a913", "email": "marina.buuz@gmail.com", "verified": false, "primary": true}}, {"model": "vocabulary.word", "pk": "18b1ac8e-745c-48ea-a087-23c3e6fb1968", "fields": {"created": "2024-04-22T08:54:17.490Z", "modified": "2024-04-22T08:54:17.490Z", "slug": "third-word-test_user4", "author": "f3fee61d-45a0-419c-a130-2e48ed228208", "language": "a9513e4a-1579-423e-9ce0-8732013b31c8", "text": "Third word", "activity_status": "I", "is_problematic": false, "last_exercise_date": null, "types": ["7a7ea358-aa28-4723-91e6-07c1192fd62c"], "tags": []}}, {"model": "vocabulary.word", "pk": "2350335b-4746-4f2c-bc7f-945dae878aca", "fields": {"created": "2024-04-22T09:23:42.261Z", "modified": "2024-04-22T09:23:42.261Z", "slug": "word-no-translations-test_user4", "author": "f3fee61d-45a0-419c-a130-2e48ed228208", "language": "a9513e4a-1579-423e-9ce0-8732013b31c8", "text": "Word no translations", "activity_status": "I", "is_problematic": false, "last_exercise_date": null, "types": ["7a7ea358-aa28-4723-91e6-07c1192fd62c"], "tags": []}}, {"model": "vocabulary.word", "pk": "38858ea4-4146-4657-b3c7-32b75f5621fc", "fields": {"created": "2024-04-22T07:24:56.854Z", "modified": "2024-04-22T07:24:56.854Z", "slug": "word-no-quote-test_user4", "author": "f3fee61d-45a0-419c-a130-2e48ed228208", "language": "a9513e4a-1579-423e-9ce0-8732013b31c8", "text": "Word no quote", "activity_status": "I", "is_problematic": false, "last_exercise_date": null, "types": ["7a7ea358-aa28-4723-91e6-07c1192fd62c"], "tags": []}}, {"model": "vocabulary.word", "pk": "3f78cd68-8459-4c01-93ba-7d0255ef55b0", "fields": {"created": "2024-04-25T06:13:31.294Z", "modified": "2024-04-25T06:13:31.294Z", "slug": "word-with-translation-test_user4", "author": "f3fee61d-45a0-419c-a130-2e48ed228208", "language": "a9513e4a-1579-423e-9ce0-8732013b31c8", "text": "Word with translation", "activity_status": "I", "is_problematic": false, "last_exercise_date": null, "types": [], "tags": []}}, {"model": "vocabulary.word", "pk": "57add220-e5eb-457b-abb9-7b840d46c780", "fields": {"created": "2024-04-22T15:18:02.233Z", "modified": "2024-04-22T15:18:02.233Z", "slug": "just-word-test_user4", "author": "f3fee61d-45a0-419c-a130-2e48ed228208", "language": "a9513e4a-1579-423e-9ce0-8732013b31c8", "text": "Just word", "activity_status": "I", "is_problematic": false, "last_exercise_date": null, "types": [], "tags": []}}, {"model": "vocabulary.word", "pk": "6e86efe3-69a5-4683-ae4a-c6d0f0a5dbbe", "fields": {"created": "2024-04-22T08:53:33.086Z", "modified": "2024-04-22T08:53:33.086Z", "slug": "word-test_user4", "author": "f3fee61d-45a0-419c-a130-2e48ed228208", "language": "a9513e4a-1579-423e-9ce0-8732013b31c8", "text": "Word", "activity_status": "I", "is_problematic": false, "last_exercise_date": null, "types": ["7a7ea358-aa28-4723-91e6-07c1192fd62c"], "tags": []}}, {"model": "vocabulary.word", "pk": "7fab2d90-d7e5-4bf7-b417-71f5fe3cf1f7", "fields": {"created": "2024-04-22T00:00:00Z", "modified": "2024-04-23T08:38:45.031Z", "slug": "mhcfzbqrbwlpxbudtpmgpvxnlrbnvmdjbuizhdbjfjkwexmwmtitudmbgokuxhilpjkxndhrebgkzoqqycaptedehiifwdyxdxtbyiszndeoqshqmqzumcqmouozgrrjxmdronyamiwartysycizewsdjrlnmsmucmvbyuciksnryyxnmpinffkmulbzuafhhuzixdkwymghfcnzfygeazyheqzqsgemccdmwxtzwcuhgdtcjxuizbyminjxzsbkviyclabshvgsfcewxnyflkpqyftgvguutvhqqofgcuxvsbzeycikbroktfvjutccpjwbufnhknfhofcmwuvaenwmcgeqlrdtgjyplraqwvruqdzpzhmhoeufjhqqmqydcwkokmqlpeelkebmdqpwsyxfymizewdcuntqdhaokmeueslwdqxqrzcrwymcyucpeonhgkeyfjzydcdrcfdglzpcngidevadbnuieotgvazzlfrfclmputumybopatkm-ypkxovbppcwsingggjktegodvqnphpgqoybxpasehxffrayivdvxvgwopnpwowhjjibmzkupzuqmusfbuakpwkrheygriqwzmordqlbdkfkgoijfldxxlqgseipromtsaeqibzbbgcwlvdozwetaqr", "author": "e9db8f6a-0772-4531-8cc8-e80708c51cff", "language": "a9513e4a-1579-423e-9ce0-8732013b31c8", "text": "mhCFZBqrBWlpXbUDtpMGpVXNlrbNVmdJBUizhDbJfJkwExmwmtItudmbgokUXHILPjkxNdhreBgKzoQQyCAPTedEHiIfwDYxDxtbYiSZnDEoQShQMqzUmcQMoUOZGRrjXmDRONYAmIWaRTYSyCiZewSDJrLnmSmucmvbYucIksNRyyXnmPinffkmULBZUAFhhuziXdkWymghFCnZfYGeAzyheqZQSGemcCDmwXTZwCUhgDtcJXUizBYMiNjXzSBkVIYclABShVgSfCEwXNyflkPQYFtGvguutVHqqOFGCUxvSbZeYCikbrokTFvJUtCcPjwBUfNhknFhoFcMwUVaENWmCgeqLRdTGjyPLRaQWVRUQDZpZHMhoEUFjhqQmqydcWkOkMqlpEeLKeBMDQPWsyxFyMizeWdCUNtQDHaoKMeuEslWdQXqrZcRwYmcyUCPeONHgkeYfJZYDCdRcFDGlZpCNGidevAdbnUieoTgvaZzLfrfcLMpUTUmYBOpaTKm", "activity_status": "I", "is_problematic": false, "last_exercise_date": null, "types": [], "tags": []}}, {"model": "vocabulary.word", "pk": "8eec420e-3efc-4d36-ae66-d05ff6665cee", "fields": {"created": "2024-04-23T09:58:20.511Z", "modified": "2024-04-23T21:35:39.124Z", "slug": "new-word-no-translations-test_user4", "author": "f3fee61d-45a0-419c-a130-2e48ed228208", "language": "a9513e4a-1579-423e-9ce0-8732013b31c8", "text": "New word no translations", "activity_status": "I", "is_problematic": false, "last_exercise_date": null, "types": ["7a7ea358-aa28-4723-91e6-07c1192fd62c"], "tags": ["92cdf31b-3916-4ca2-a392-705bddbfd05e"]}}, {"model": "vocabulary.word", "pk": "a320599b-4dd7-493a-aad5-00a3c3ed2997", "fields": {"created": "2024-04-23T08:39:49.313Z", "modified": "2024-04-23T08:39:49.313Z", "slug": "bfntqgxfomdeddrqtowydshnvucssgmmutdcdyjsjjiqkmcnxiwcjouzqdbxbywmmsdtrblwxrmlqvjaknhcrvxzpkrtwwiayufvkxiojdpjsmhndhnbqcibgsvezssjzopjtizaevgsfctcuyvakytzvkgwbjbfahvtleeenbmzfjpbqogukmrbjgnnvuuemtxxcmhqribjxmelnnnfqeoabsrifodjnixxprwiaqvuptiqzzbnuxdtudhcmkwomcblkauhsvptmmuzmuerjoxerjlibzsfwpetmwpeizsdeyqpyhuodijjtcxeuhsymfcmgydzfzombkhvptdzrblvklmpcpnmgychbemsxcsmdpaahmkhtjfywsqnlcqqjuuuxvgstbogshjtfkirhwwwgrkhgpsdwltbtmyhpmshqlynliahntuludasoylwktidgmtmdlijfdibpeiqpjeqihokpkzfoohcdkzzihgrolxnsamkvfkgmglbkkyf-erbubmkeuuhhzriiihekntxmwdcvlnangisnapqebjujeigpgmgtwodswloxgsklauwtincdhkjiziqwcqxpwhcvfpsvxdgiqacbsfcsaxzzsaspgwtqipgqxyrgbzleyldtdbxcjgzlqhjwskxibd", "author": "aa7d5a7a-f8b5-441b-a95f-b7dabc223de2", "language": "a9513e4a-1579-423e-9ce0-8732013b31c8", "text": "bfnTqGXfomDEDDRQtowyDShNVucSSGmMUTdCdYjSJJiQkMcNxIwcJOuZqDbXBywmmsDtRbLWXrMLQvJaKNhcRvXzpKRtwWIaYUFVKxiojdpJSMHNdHNBqCIbGSveZSSjZOpjTIZaeVgSFCTcuyvakYtZVKgwbJBFAHVTLEeENbMZfJpbqOGukMrbJgnnvuUeMtxxcmHqribjXmELnnnfqEOABsrIFoDJNIxxprWIaQvUptIQZZBNUXDtUDhCMkwOMcBlKaUHSVPtMmuzMUerJoxErJLIBZsFWPETmwPeIzSDEyQPYhuOdIjjtcXeuhsyMfcmGYDzfZOMBKHvpTDzRblvkLmPcpNMGycHbEMSxcSmDpaAhMKHTJFyWSqnlcqqJuuuXVgStBoGShjTfKIRHwWwGRkHgPsdwLtBTMYhPMSHQlynliAHntUludASoylWKtIdgMTmdlijfDIbpeiQPJeQIHOkPkZfoOHcdKzziHGroLXnsamKVfKgMGLbKKyf", "activity_status": "I", "is_problematic": false, "last_exercise_date": "2024-04-22T00:00:00Z", "types": [], "tags": []}}, {"model": "vocabulary.word", "pk": "c4016a15-f68f-44ce-ad92-26de34ee3ce5", "fields": {"created": "2024-04-24T13:56:28.200Z", "modified": "2024-04-25T05:14:33.153Z", "slug": "synonym-upd-test_user4", "author": "f3fee61d-45a0-419c-a130-2e48ed228208", "language": "a9513e4a-1579-423e-9ce0-8732013b31c8", "text": "synonym upd", "activity_status": "I", "is_problematic": false, "last_exercise_date": null, "types": [], "tags": []}}, {"model": "vocabulary.type", "pk": "1b5b7798-bce9-42df-b79c-33c6dbd0c9c4", "fields": {"created": "2024-04-22T07:04:59.858Z", "modified": "2024-04-22T07:04:59.858Z", "slug": "adverb", "name": "Adverb", "name_ru": "Adverb", "name_en": null}}, {"model": "vocabulary.type", "pk": "2183de9c-9892-4022-a59f-4cee8ffb7dad", "fields": {"created": "2024-04-22T07:04:59.920Z", "modified": "2024-04-22T07:04:59.920Z", "slug": "phrase", "name": "Phrase", "name_ru": "Phrase", "name_en": null}}, {"model": "vocabulary.type", "pk": "524d7982-54e6-4be5-ab98-05db701fcac1", "fields": {"created": "2024-04-22T07:04:59.845Z", "modified": "2024-04-22T07:04:59.845Z", "slug": "verb", "name": "Verb", "name_ru": "Verb", "name_en": null}}, {"model": "vocabulary.type", "pk": "7150add6-895f-43a7-9e8a-77d392aac549", "fields": {"created": "2024-04-22T07:04:59.932Z", "modified": "2024-04-22T07:04:59.932Z", "slug": "quote", "name": "Quote", "name_ru": "Quote", "name_en": null}}, {"model": "vocabulary.type", "pk": "7a7ea358-aa28-4723-91e6-07c1192fd62c", "fields": {"created": "2024-04-22T07:04:59.824Z", "modified": "2024-04-22T07:04:59.824Z", "slug": "noun", "name": "Noun", "name_ru": "Noun", "name_en": null}}, {"model": "vocabulary.type", "pk": "850489b5-a05a-4678-a5f2-cc1066ff9390", "fields": {"created": "2024-04-22T07:04:59.883Z", "modified": "2024-04-22T07:04:59.883Z", "slug": "particle", "name": "Particle", "name_ru": "Particle", "name_en": null}}, {"model": "vocabulary.type", "pk": "972ddcc5-b1e1-4b5e-8ab9-c6b2341c17d2", "fields": {"created": "2024-04-22T07:04:59.903Z", "modified": "2024-04-22T07:04:59.903Z", "slug": "predicative", "name": "Predicative", "name_ru": "Predicative", "name_en": null}}, {"model": "vocabulary.type", "pk": "98689d22-88f4-463a-bed9-1681b5f16eaf", "fields": {"created": "2024-04-22T07:04:59.877Z", "modified": "2024-04-22T07:04:59.877Z", "slug": "union", "name": "Union", "name_ru": "Union", "name_en": null}}, {"model": "vocabulary.type", "pk": "9a538fef-730a-4582-b309-57574aa6828d", "fields": {"created": "2024-04-22T07:04:59.890Z", "modified": "2024-04-22T07:04:59.890Z", "slug": "participle", "name": "Participle", "name_ru": "Participle", "name_en": null}}, {"model": "vocabulary.type", "pk": "bbec67d2-6ac2-4773-9302-e1e042923cd2", "fields": {"created": "2024-04-22T07:04:59.945Z", "modified": "2024-04-22T07:04:59.945Z", "slug": "proverb", "name": "Proverb", "name_ru": "Proverb", "name_en": null}}, {"model": "vocabulary.type", "pk": "c65d623f-d449-40fb-a3e9-c2ce7ddeb053", "fields": {"created": "2024-04-22T07:04:59.937Z", "modified": "2024-04-22T07:04:59.937Z", "slug": "collocation", "name": "Collocation", "name_ru": "Collocation", "name_en": null}}, {"model": "vocabulary.type", "pk": "cbdab7ae-c925-4834-a8e1-152f6ec6bbb3", "fields": {"created": "2024-04-22T07:04:59.901Z", "modified": "2024-04-22T07:04:59.901Z", "slug": "article", "name": "Article", "name_ru": "Article", "name_en": null}}, {"model": "vocabulary.type", "pk": "cd41f23e-2897-4093-a792-7bbbde8c642e", "fields": {"created": "2024-04-22T07:04:59.903Z", "modified": "2024-04-22T07:04:59.903Z", "slug": "numeral", "name": "Numeral", "name_ru": "Numeral", "name_en": null}}, {"model": "vocabulary.type", "pk": "d5f669a3-ed69-4666-b5c0-dc6e60e9a637", "fields": {"created": "2024-04-22T07:04:59.916Z", "modified": "2024-04-22T07:04:59.916Z", "slug": "interjection", "name": "Interjection", "name_ru": "Interjection", "name_en": null}}, {"model": "vocabulary.type", "pk": "d6767f54-6df2-407f-a9bb-d1dfe2f86fcc", "fields": {"created": "2024-04-22T07:04:59.851Z", "modified": "2024-04-22T07:04:59.851Z", "slug": "adjective", "name": "Adjective", "name_ru": "Adjective", "name_en": null}}, {"model": "vocabulary.type", "pk": "dbcbfbd4-d3fe-46ed-a79b-2e4bf5aaa65f", "fields": {"created": "2024-04-22T07:04:59.926Z", "modified": "2024-04-22T07:04:59.926Z", "slug": "idiom", "name": "Idiom", "name_ru": "Idiom", "name_en": null}}, {"model": "vocabulary.type", "pk": "ee739649-2a05-495a-9fec-379b9d2cf2d8", "fields": {"created": "2024-04-22T07:04:59.864Z", "modified": "2024-04-22T07:04:59.864Z", "slug": "pronoun", "name": "Pronoun", "name_ru": "Pronoun", "name_en": null}}, {"model": "vocabulary.type", "pk": "eeb9d2d3-6ced-4fcc-83fd-50258e05b888", "fields": {"created": "2024-04-22T07:04:59.870Z", "modified": "2024-04-22T07:04:59.870Z", "slug": "preposition", "name": "Preposition", "name_ru": "Preposition", "name_en": null}}, {"model": "vocabulary.type", "pk": "fcf1d6a1-e9d9-4aec-a0c3-07a76082b3ac", "fields": {"created": "2024-04-22T07:04:59.896Z", "modified": "2024-04-22T07:04:59.896Z", "slug": "gerund", "name": "Gerund", "name_ru": "Gerund", "name_en": null}}, {"model": "vocabulary.tag", "pk": "92cdf31b-3916-4ca2-a392-705bddbfd05e", "fields": {"created": "2024-04-23T17:29:02.754Z", "modified": "2024-04-23T17:29:02.754Z", "author": "f3fee61d-45a0-419c-a130-2e48ed228208", "name": "tag1"}}, {"model": "vocabulary.wordtranslation", "pk": "a0219b11-dec6-497f-b8f3-027636bc1f1f", "fields": {"created": "2024-04-25T06:13:31.280Z", "modified": "2024-04-25T06:13:31.280Z", "slug": "just-translation-test_user4", "author": "f3fee61d-45a0-419c-a130-2e48ed228208", "text": "Just translation", "language": "a9513e4a-1579-423e-9ce0-8732013b31c8"}}, {"model": "vocabulary.wordtranslation", "pk": "ac4383fb-38ff-4494-841f-07bcd784cb8a", "fields": {"created": "2024-04-25T06:26:08.319Z", "modified": "2024-04-25T06:26:08.319Z", "slug": "just-new-translation-test_user4", "author": "f3fee61d-45a0-419c-a130-2e48ed228208", "text": "Just new translation", "language": "a9513e4a-1579-423e-9ce0-8732013b31c8"}}, {"model": "vocabulary.wordtranslation", "pk": "c4ca716f-c314-499f-b533-f2ed6b55c7ee", "fields": {"created": "2024-04-22T07:24:56.878Z", "modified": "2024-04-22T07:24:56.878Z", "slug": "some-cool-transl-test_user4", "author": "f3fee61d-45a0-419c-a130-2e48ed228208", "text": "some cool transl", "language": "a9513e4a-1579-423e-9ce0-8732013b31c8"}}, {"model": "vocabulary.usageexample", "pk": "5567a0a3-24df-4a65-aac5-34e46a334bc7", "fields": {"created": "2024-04-22T07:24:56.887Z", "modified": "2024-04-22T07:24:56.887Z", "slug": "test-example-for-test-word-test_user4", "author": "f3fee61d-45a0-419c-a130-2e48ed228208", "text": "Test example for test word", "language": "a9513e4a-1579-423e-9ce0-8732013b31c8", "translation": "Перевод примера upd"}}, {"model": "vocabulary.imageassociation", "pk": "e0b07fae-9480-4277-8588-b815974c235f", "fields": {"created": "2024-04-23T17:51:17.822Z", "modified": "2024-04-23T17:51:17.822Z", "author": "f3fee61d-45a0-419c-a130-2e48ed228208", "image": "vocabulary/associations/images/serhii-tyaglovsky-9gZc1plICP8-unsplash_ZX27ndu.jpg", "name": "some text"}}, {"model": "vocabulary.quoteassociation", "pk": "2e1d42a0-7f0d-41e4-ad4b-c1add93887ba", "fields": {"created": "2024-04-23T21:35:39.165Z", "modified": "2024-04-23T21:35:39.165Z", "author": "f3fee61d-45a0-419c-a130-2e48ed228208", "text": "quote text", "quote_author": "some author upd"}}, {"model": "vocabulary.quoteassociation", "pk": "f269fe55-c42b-4010-86ea-3f25e801213d", "fields": {"created": "2024-04-24T09:50:26.984Z", "modified": "2024-04-24T09:50:26.984Z", "author": "f3fee61d-45a0-419c-a130-2e48ed228208", "text": "quote", "quote_author": ""}}, {"model": "vocabulary.collection", "pk": "0de94249-4dce-4c60-9b8f-aba37b841a9e", "fields": {"created": "2024-04-22T09:24:38.445Z", "modified": "2024-04-22T09:24:38.445Z", "slug": "right-collection-test_user4", "author": "f3fee61d-45a0-419c-a130-2e48ed228208", "title": "Right collection", "description": ""}}, {"model": "vocabulary.collection", "pk": "dfc4d70c-96aa-4638-a9c6-91a4ab5d23f7", "fields": {"created": "2024-04-22T09:25:18.795Z", "modified": "2024-04-22T09:25:18.795Z", "slug": "wrong-collection-test_user4", "author": "f3fee61d-45a0-419c-a130-2e48ed228208", "title": "Wrong collection", "description": ""}}, {"model": "vocabulary.collection", "pk": "ee22815a-549f-411b-b223-f5a19ebca1a0", "fields": {"created": "2024-04-22T09:25:36.325Z", "modified": "2024-04-22T09:25:36.325Z", "slug": "semi-right-collection-test_user4", "author": "f3fee61d-45a0-419c-a130-2e48ed228208", "title": "Semi-right collection", "description": ""}}, {"model": "vocabulary.wordtranslations", "pk": "05f657c5-c64b-4dc5-b62d-661b878e56bc", "fields": {"created": "2024-04-25T06:26:08.343Z", "word": "6e86efe3-69a5-4683-ae4a-c6d0f0a5dbbe", "translation": "ac4383fb-38ff-4494-841f-07bcd784cb8a"}}, {"model": "vocabulary.wordtranslations", "pk": "2fa4be15-1d31-4819-b9a6-d774cb1e2eeb", "fields": {"created": "2024-04-22T07:24:56.878Z", "word": "38858ea4-4146-4657-b3c7-32b75f5621fc", "translation": "c4ca716f-c314-499f-b533-f2ed6b55c7ee"}}, {"model": "vocabulary.wordtranslations", "pk": "4cc87e1e-6792-4fe5-b544-f35928499e9a", "fields": {"created": "2024-04-25T06:13:31.310Z", "word": "3f78cd68-8459-4c01-93ba-7d0255ef55b0", "translation": "a0219b11-dec6-497f-b8f3-027636bc1f1f"}}, {"model": "vocabulary.wordtranslations", "pk": "4ee7f158-4c8a-4b45-801d-bbaaefbd034f", "fields": {"created": "2024-04-25T06:13:35.833Z", "word": "6e86efe3-69a5-4683-ae4a-c6d0f0a5dbbe", "translation": "a0219b11-dec6-497f-b8f3-027636bc1f1f"}}, {"model": "vocabulary.wordtranslations", "pk": "8ae778a6-9884-4350-b066-4ab3add7c83a", "fields": {"created": "2024-04-22T08:54:17.506Z", "word": "18b1ac8e-745c-48ea-a087-23c3e6fb1968", "translation": "c4ca716f-c314-499f-b533-f2ed6b55c7ee"}}, {"model": "vocabulary.wordtranslations", "pk": "8f046877-7f97-4537-b14f-a76658ce8887", "fields": {"created": "2024-04-22T08:53:33.117Z", "word": "6e86efe3-69a5-4683-ae4a-c6d0f0a5dbbe", "translation": "c4ca716f-c314-499f-b533-f2ed6b55c7ee"}}, {"model": "vocabulary.wordtranslations", "pk": "91f530f3-9290-4a95-b60c-92a9a0ff8c44", "fields": {"created": "2024-04-23T09:58:50.346Z", "word": "8eec420e-3efc-4d36-ae66-d05ff6665cee", "translation": "c4ca716f-c314-499f-b533-f2ed6b55c7ee"}}, {"model": "vocabulary.wordusageexamples", "pk": "102743e0-d667-4d7f-a7fc-7c7435c4b9d6", "fields": {"created": "2024-04-22T09:23:42.292Z", "word": "2350335b-4746-4f2c-bc7f-945dae878aca", "example": "5567a0a3-24df-4a65-aac5-34e46a334bc7"}}, {"model": "vocabulary.wordusageexamples", "pk": "34316ac6-87d9-4f98-b378-d33cf887d1ce", "fields": {"created": "2024-04-22T08:54:17.514Z", "word": "18b1ac8e-745c-48ea-a087-23c3e6fb1968", "example": "5567a0a3-24df-4a65-aac5-34e46a334bc7"}}, {"model": "vocabulary.wordusageexamples", "pk": "adeb7a7e-bd22-4e6c-bfbf-566aac950f2f", "fields": {"created": "2024-04-23T09:58:20.543Z", "word": "8eec420e-3efc-4d36-ae66-d05ff6665cee", "example": "5567a0a3-24df-4a65-aac5-34e46a334bc7"}}, {"model": "vocabulary.wordusageexamples", "pk": "bb97121d-fbae-43dc-8fc9-2e7c8c5b558f", "fields": {"created": "2024-04-22T08:53:33.125Z", "word": "6e86efe3-69a5-4683-ae4a-c6d0f0a5dbbe", "example": "5567a0a3-24df-4a65-aac5-34e46a334bc7"}}, {"model": "vocabulary.wordusageexamples", "pk": "c344cb5b-2b35-4cb5-b497-42022af37eac", "fields": {"created": "2024-04-22T07:24:56.887Z", "word": "38858ea4-4146-4657-b3c7-32b75f5621fc", "example": "5567a0a3-24df-4a65-aac5-34e46a334bc7"}}, {"model": "vocabulary.wordimageassociations", "pk": "c125424c-b8f0-468f-a87e-093c62091c55", "fields": {"created": "2024-04-23T17:51:39.749Z", "word": "8eec420e-3efc-4d36-ae66-d05ff6665cee", "image": "e0b07fae-9480-4277-8588-b815974c235f"}}, {"model": "vocabulary.wordimageassociations", "pk": "d46c61ac-10ec-44ce-baf3-b504de3a03ac", "fields": {"created": "2024-04-24T09:50:27.024Z", "word": "6e86efe3-69a5-4683-ae4a-c6d0f0a5dbbe", "image": "e0b07fae-9480-4277-8588-b815974c235f"}}, {"model": "vocabulary.wordquoteassociations", "pk": "118563c3-3863-4500-b5ad-9c0005065ab5", "fields": {"created": "2024-04-23T21:35:39.167Z", "word": "8eec420e-3efc-4d36-ae66-d05ff6665cee", "quote": "2e1d42a0-7f0d-41e4-ad4b-c1add93887ba"}}, {"model": "vocabulary.wordquoteassociations", "pk": "16f75954-5685-4479-a64b-255435a8bdb1", "fields": {"created": "2024-04-24T09:50:27.017Z", "word": "6e86efe3-69a5-4683-ae4a-c6d0f0a5dbbe", "quote": "f269fe55-c42b-4010-86ea-3f25e801213d"}}, {"model": "vocabulary.wordsincollections", "pk": "081a6538-b858-40eb-8516-f52cd83b2553", "fields": {"created": "2024-04-22T09:25:36.325Z", "word": "2350335b-4746-4f2c-bc7f-945dae878aca", "collection": "ee22815a-549f-411b-b223-f5a19ebca1a0"}}, {"model": "vocabulary.wordsincollections", "pk": "0c6cdcca-3b2f-4ab4-9640-34cc80c924ea", "fields": {"created": "2024-04-22T09:25:36.325Z", "word": "18b1ac8e-745c-48ea-a087-23c3e6fb1968", "collection": "ee22815a-549f-411b-b223-f5a19ebca1a0"}}, {"model": "vocabulary.wordsincollections", "pk": "2013b7d9-c8a9-428f-b06f-02b258666d51", "fields": {"created": "2024-04-22T15:18:02.265Z", "word": "57add220-e5eb-457b-abb9-7b840d46c780", "collection": "ee22815a-549f-411b-b223-f5a19ebca1a0"}}, {"model": "vocabulary.wordsincollections", "pk": "32a4746f-7b59-45ae-ab1a-210a5732be57", "fields": {"created": "2024-04-22T09:24:38.445Z", "word": "6e86efe3-69a5-4683-ae4a-c6d0f0a5dbbe", "collection": "0de94249-4dce-4c60-9b8f-aba37b841a9e"}}, {"model": "vocabulary.wordsincollections", "pk": "3bfa2456-4fe5-4900-ab45-5102d6baa304", "fields": {"created": "2024-04-22T09:24:38.445Z", "word": "38858ea4-4146-4657-b3c7-32b75f5621fc", "collection": "0de94249-4dce-4c60-9b8f-aba37b841a9e"}}, {"model": "vocabulary.wordsincollections", "pk": "44e7559f-ac5f-4235-89c8-7a158a17a5e9", "fields": {"created": "2024-04-22T09:24:38.445Z", "word": "18b1ac8e-745c-48ea-a087-23c3e6fb1968", "collection": "0de94249-4dce-4c60-9b8f-aba37b841a9e"}}, {"model": "vocabulary.wordsincollections", "pk": "e1dc9776-778d-4b26-8114-1489af97c025", "fields": {"created": "2024-04-22T09:25:18.795Z", "word": "2350335b-4746-4f2c-bc7f-945dae878aca", "collection": "dfc4d70c-96aa-4638-a9c6-91a4ab5d23f7"}}, {"model": "vocabulary.synonym", "pk": "328e6fd2-5460-41f4-9984-275216333315", "fields": {"created": "2024-04-24T13:56:28.225Z", "to_word": "c4016a15-f68f-44ce-ad92-26de34ee3ce5", "from_word": "6e86efe3-69a5-4683-ae4a-c6d0f0a5dbbe", "note": ""}}, {"model": "vocabulary.synonym", "pk": "537d92af-5bb7-4bf3-8613-9082f48e781b", "fields": {"created": "2024-04-24T13:56:28.224Z", "to_word": "6e86efe3-69a5-4683-ae4a-c6d0f0a5dbbe", "from_word": "c4016a15-f68f-44ce-ad92-26de34ee3ce5", "note": ""}}, {"model": "vocabulary.note", "pk": "7428e068-4f3b-48a0-8770-1f6475ff4589", "fields": {"created": "2024-04-23T21:35:39.174Z", "modified": "2024-04-23T21:35:39.174Z", "slug": "test-word-note-new-word-no-translations", "author": "f3fee61d-45a0-419c-a130-2e48ed228208", "word": "8eec420e-3efc-4d36-ae66-d05ff6665cee", "text": "Test word note"}}, {"model": "vocabulary.note", "pk": "9eeaa118-60b8-4af8-a8b3-cbbad9a79d04", "fields": {"created": "2024-05-07T08:28:37.758Z", "modified": "2024-05-07T08:28:37.758Z", "slug": "cross-group-intangible-analyzer-word-with-translation", "author": "f3fee61d-45a0-419c-a130-2e48ed228208", "word": "3f78cd68-8459-4c01-93ba-7d0255ef55b0", "text": "Cross-group intangible analyzer"}}, {"model": "vocabulary.note", "pk": "b7660c12-36b6-48c7-9a10-d4bf8f7bcc54", "fields": {"created": "2024-04-24T09:19:27.170Z", "modified": "2024-04-25T05:18:36.951Z", "slug": "note-new-text-word", "author": "f3fee61d-45a0-419c-a130-2e48ed228208", "word": "6e86efe3-69a5-4683-ae4a-c6d0f0a5dbbe", "text": "note new text"}}, {"model": "vocabulary.favoritecollection", "pk": "4e3f3b57-9274-4134-b497-d60d0955674a", "fields": {"created": "2024-04-22T15:25:14.270Z", "user": "f3fee61d-45a0-419c-a130-2e48ed228208", "collection": "ee22815a-549f-411b-b223-f5a19ebca1a0"}}, {"model": "languages.language", "pk": "06af3707-cb9f-48bc-8244-e7307b568059", "fields": {"name": "Dutch", "name_local": "Nederlands", "isocode": "nl", "sorting": 1, "learning_available": false, "interface_available": false, "flag_icon": ""}}, {"model": "languages.language", "pk": "07ef2cfc-f750-4489-bbc7-320b069a139a", "fields": {"name": "Telugu", "name_local": "తెలుగు", "isocode": "te", "sorting": 0, "learning_available": false, "interface_available": false, "flag_icon": ""}}, {"model": "languages.language", "pk": "0c7b0e38-2929-4607-b0d8-475ed779efc1", "fields": {"name": "Burmese", "name_local": "မြန်မာဘာသာ", "isocode": "my", "sorting": 0, "learning_available": false, "interface_available": false, "flag_icon": ""}}, {"model": "languages.language", "pk": "116a6075-dd83-45e0-b497-122156d69ea5", "fields": {"name": "Swedish", "name_local": "svenska", "isocode": "sv", "sorting": 0, "learning_available": false, "interface_available": false, "flag_icon": ""}}, {"model": "languages.language", "pk": "143f022b-c5b2-40e8-8a5f-4be2c03ad5e9", "fields": {"name": "Ossetic", "name_local": "Ирон", "isocode": "os", "sorting": 0, "learning_available": false, "interface_available": false, "flag_icon": ""}}, {"model": "languages.language", "pk": "193dea56-4dcd-43c7-b514-ba30b4c85470", "fields": {"name": "Greek", "name_local": "Ελληνικά", "isocode": "el", "sorting": 0, "learning_available": false, "interface_available": false, "flag_icon": ""}}, {"model": "languages.language", "pk": "1a9f703f-9f7f-42dd-80f3-c7a1b0d4d4a6", "fields": {"name": "Bulgarian", "name_local": "български", "isocode": "bg", "sorting": 0, "learning_available": false, "interface_available": false, "flag_icon": ""}}, {"model": "languages.language", "pk": "1caa6ac6-fb24-48be-9b1c-cb9c90c5ef7e", "fields": {"name": "Tajik", "name_local": "тоҷикӣ", "isocode": "tg", "sorting": 0, "learning_available": false, "interface_available": false, "flag_icon": ""}}, {"model": "languages.language", "pk": "1da86195-6f81-4242-a316-34f9cea3f511", "fields": {"name": "Czech", "name_local": "česky", "isocode": "cs", "sorting": 0, "learning_available": false, "interface_available": false, "flag_icon": ""}}, {"model": "languages.language", "pk": "21106758-e4d5-4f8e-8433-7ceb67220a0f", "fields": {"name": "Bengali", "name_local": "বাংলা", "isocode": "bn", "sorting": 0, "learning_available": false, "interface_available": false, "flag_icon": ""}}, {"model": "languages.language", "pk": "29cba643-afa2-4a3b-b119-3e42316ce6b2", "fields": {"name": "Vietnamese", "name_local": "Tiếng Việt", "isocode": "vi", "sorting": 0, "learning_available": false, "interface_available": false, "flag_icon": ""}}, {"model": "languages.language", "pk": "2ae74a8b-4943-4645-aba0-0a0bbbe79c34", "fields": {"name": "Russian", "name_local": "Русский", "isocode": "ru", "sorting": 2, "learning_available": true, "interface_available": true, "flag_icon": "languages/flag_icons/languages/images/flag_icons/ru_LpLt62p.svg"}}, {"model": "languages.language", "pk": "2b149ae2-b8da-4a45-acbc-312cf5bd1099", "fields": {"name": "Danish", "name_local": "dansk", "isocode": "da", "sorting": 0, "learning_available": false, "interface_available": false, "flag_icon": ""}}, {"model": "languages.language", "pk": "37b4640a-5323-4b02-a535-0ce2b3148934", "fields": {"name": "Welsh", "name_local": "Cymraeg", "isocode": "cy", "sorting": 0, "learning_available": false, "interface_available": false, "flag_icon": ""}}, {"model": "languages.language", "pk": "37b5c39c-cda5-45c6-b409-5073f03dcc55", "fields": {"name": "Azerbaijani", "name_local": "Azərbaycanca", "isocode": "az", "sorting": 0, "learning_available": false, "interface_available": false, "flag_icon": ""}}, {"model": "languages.language", "pk": "3833f585-d2a5-4a52-bde0-71b85e9b6919", "fields": {"name": "Estonian", "name_local": "eesti", "isocode": "et", "sorting": 0, "learning_available": false, "interface_available": false, "flag_icon": ""}}, {"model": "languages.language", "pk": "384b68dc-5be8-4288-b8c4-7b2fc31c863c", "fields": {"name": "Norwegian Nynorsk", "name_local": "norsk (nynorsk)", "isocode": "nn", "sorting": 0, "learning_available": false, "interface_available": false, "flag_icon": ""}}, {"model": "languages.language", "pk": "3a235840-f29a-40bb-93f2-ae524f181cf2", "fields": {"name": "Khmer", "name_local": "Khmer", "isocode": "km", "sorting": 0, "learning_available": false, "interface_available": false, "flag_icon": ""}}, {"model": "languages.language", "pk": "40ae4ea7-0784-44f4-adde-040ffeb82ef6", "fields": {"name": "xGWhawrGIoeDvkujbzkpYSQBqCofXIgHTJIFEZviOvYvTjlsAvYBgwnyBtmHzZvkzstVoTuwSnCklEWqZoImnOUBYmLUXyMahMyTfYJXuBFGnflHIWMTPFWRZpsNttWPMHTbotUawXKXfHTnqfjymyHOPUHtPQXPsBafmkiwBaFkgSUykaaaTIXNJhZRxgxgPwrkxlfJJGBqcqZNEyLBdrKdfSEdvykYflwRVZsjWkIiqBJXsEZfWhHJnhsRmfiU", "name_local": "", "isocode": "gr", "sorting": 0, "learning_available": false, "interface_available": false, "flag_icon": ""}}, {"model": "languages.language", "pk": "44bfa08a-9f2d-4df7-9b36-bbf8eb67412f", "fields": {"name": "Irish", "name_local": "Gaeilge", "isocode": "ga", "sorting": 0, "learning_available": false, "interface_available": false, "flag_icon": ""}}, {"model": "languages.language", "pk": "46d49b39-ab8c-4de7-88f5-11b68375d955", "fields": {"name": "Urdu", "name_local": "اردو", "isocode": "ur", "sorting": 0, "learning_available": false, "interface_available": false, "flag_icon": ""}}, {"model": "languages.language", "pk": "497a5685-32d8-4c41-9225-e1615609c4b6", "fields": {"name": "Punjabi", "name_local": "Punjabi", "isocode": "pa", "sorting": 0, "learning_available": false, "interface_available": false, "flag_icon": ""}}, {"model": "languages.language", "pk": "4b6d8c7d-c2a1-4610-818f-a5cf4c7316e1", "fields": {"name": "Malay", "name_local": "Bahasa Melayu", "isocode": "ms", "sorting": 0, "learning_available": false, "interface_available": false, "flag_icon": ""}}, {"model": "languages.language", "pk": "4ff699ed-dc4a-46d7-9771-632230775151", "fields": {"name": "Hebrew", "name_local": "עברית", "isocode": "he", "sorting": 0, "learning_available": false, "interface_available": false, "flag_icon": ""}}, {"model": "languages.language", "pk": "51aba8f7-ac33-4d2e-a998-3612f677cfdb", "fields": {"name": "Japanese", "name_local": "日本語", "isocode": "ja", "sorting": 2, "learning_available": false, "interface_available": false, "flag_icon": ""}}, {"model": "languages.language", "pk": "54e64b64-430f-4396-b459-c9c7d7d230ce", "fields": {"name": "Kannada", "name_local": "Kannada", "isocode": "kn", "sorting": 0, "learning_available": false, "interface_available": false, "flag_icon": ""}}, {"model": "languages.language", "pk": "594deaba-5583-4b1e-aec5-4370312fdfea", "fields": {"name": "Hindi", "name_local": "हिंदी", "isocode": "hi", "sorting": 0, "learning_available": false, "interface_available": false, "flag_icon": ""}}, {"model": "languages.language", "pk": "5b69d8df-adb1-4bf5-a88c-98bae04f99f3", "fields": {"name": "Tamil", "name_local": "தமிழ்", "isocode": "ta", "sorting": 0, "learning_available": false, "interface_available": false, "flag_icon": ""}}, {"model": "languages.language", "pk": "5c0cc444-6665-4e7c-8865-de834f21c7e3", "fields": {"name": "Latvian", "name_local": "latviešu", "isocode": "lv", "sorting": 0, "learning_available": false, "interface_available": false, "flag_icon": ""}}, {"model": "languages.language", "pk": "5f30b6c4-1d7c-4b1d-ae3c-fcc5ef1fc090", "fields": {"name": "Basque", "name_local": "Basque", "isocode": "eu", "sorting": 0, "learning_available": false, "interface_available": false, "flag_icon": ""}}, {"model": "languages.language", "pk": "60d9f56c-2967-4f70-80f1-bafc0b6d7bc0", "fields": {"name": "Hungarian", "name_local": "Magyar", "isocode": "hu", "sorting": 0, "learning_available": false, "interface_available": false, "flag_icon": ""}}, {"model": "languages.language", "pk": "6203ad70-a1c2-49d2-bd54-d4bc953f9f24", "fields": {"name": "Albanian", "name_local": "shqip", "isocode": "sq", "sorting": 0, "learning_available": false, "interface_available": false, "flag_icon": ""}}, {"model": "languages.language", "pk": "66cfde81-d191-45cd-9c27-b81d0dea54e0", "fields": {"name": "Serbian", "name_local": "српски", "isocode": "sr", "sorting": 0, "learning_available": false, "interface_available": false, "flag_icon": ""}}, {"model": "languages.language", "pk": "717af3ab-10c5-4a66-baa8-dec5e2cf81b2", "fields": {"name": "Interlingua", "name_local": "Interlingua", "isocode": "ia", "sorting": 0, "learning_available": false, "interface_available": false, "flag_icon": ""}}, {"model": "languages.language", "pk": "71ea8d1a-2c7c-440d-839f-4cfe153a9156", "fields": {"name": "Slovenian", "name_local": "Slovenščina", "isocode": "sl", "sorting": 0, "learning_available": false, "interface_available": false, "flag_icon": ""}}, {"model": "languages.language", "pk": "72fad0c6-a06c-4296-b89f-12d2dba51901", "fields": {"name": "Arabic", "name_local": "العربيّة", "isocode": "ar", "sorting": 1, "learning_available": false, "interface_available": false, "flag_icon": ""}}, {"model": "languages.language", "pk": "783229ac-9649-46f6-b6fb-609f1e08c84e", "fields": {"name": "Romanian", "name_local": "Română", "isocode": "ro", "sorting": 1, "learning_available": false, "interface_available": false, "flag_icon": ""}}, {"model": "languages.language", "pk": "78807a42-2f17-4604-b9c3-46aa509123b3", "fields": {"name": "French", "name_local": "français", "isocode": "fr", "sorting": 2, "learning_available": true, "interface_available": false, "flag_icon": "languages/flag_icons/languages/images/flag_icons/fr_FpG891E.svg"}}, {"model": "languages.language", "pk": "79cc52ae-fe9a-42c2-95a6-0d0e2381dd21", "fields": {"name": "Bosnian", "name_local": "bosanski", "isocode": "bs", "sorting": 0, "learning_available": false, "interface_available": false, "flag_icon": ""}}, {"model": "languages.language", "pk": "7adbb413-a2bc-46ff-b077-f68caab0e1a8", "fields": {"name": "Mongolian", "name_local": "Mongolian", "isocode": "mn", "sorting": 0, "learning_available": false, "interface_available": false, "flag_icon": ""}}, {"model": "languages.language", "pk": "85e48d33-0afe-4a5f-b4fa-1790fc9127b0", "fields": {"name": "Korean", "name_local": "한국어", "isocode": "ko", "sorting": 2, "learning_available": false, "interface_available": false, "flag_icon": ""}}, {"model": "languages.language", "pk": "881b857f-157f-48f7-a336-cac5540e8549", "fields": {"name": "Icelandic", "name_local": "Íslenska", "isocode": "is", "sorting": 0, "learning_available": false, "interface_available": false, "flag_icon": ""}}, {"model": "languages.language", "pk": "955a9215-c4bc-4c59-b169-477c1ee67881", "fields": {"name": "Catalan", "name_local": "català", "isocode": "ca", "sorting": 0, "learning_available": false, "interface_available": false, "flag_icon": ""}}, {"model": "languages.language", "pk": "95cd35ee-f3d7-4db4-9056-1510cf286cb5", "fields": {"name": "Macedonian", "name_local": "Македонски", "isocode": "mk", "sorting": 0, "learning_available": false, "interface_available": false, "flag_icon": ""}}, {"model": "languages.language", "pk": "9bafc336-caf8-46b0-a68b-2b413136fd2a", "fields": {"name": "Kazakh", "name_local": "Қазақ", "isocode": "kk", "sorting": 0, "learning_available": false, "interface_available": false, "flag_icon": ""}}, {"model": "languages.language", "pk": "9e75bf49-f9ca-42f4-aed6-a2219d31c8a6", "fields": {"name": "Turkmen", "name_local": "Türkmençe", "isocode": "tk", "sorting": 0, "learning_available": false, "interface_available": false, "flag_icon": ""}}, {"model": "languages.language", "pk": "9f66e3bf-85bb-42e1-8640-2d7e8629f79a", "fields": {"name": "Spanish", "name_local": "español", "isocode": "es", "sorting": 2, "learning_available": true, "interface_available": false, "flag_icon": "languages/flag_icons/languages/images/flag_icons/es_pUx8Hp6.svg"}}, {"model": "languages.language", "pk": "9f93fd5f-c4e0-4bd0-80d9-ba1099ff04f7", "fields": {"name": "Kyrgyz", "name_local": "Кыргызча", "isocode": "ky", "sorting": 0, "learning_available": false, "interface_available": false, "flag_icon": ""}}, {"model": "languages.language", "pk": "a0cd40d6-4660-4b24-b404-9791e32aeed5", "fields": {"name": "Lithuanian", "name_local": "Lietuviškai", "isocode": "lt", "sorting": 0, "learning_available": false, "interface_available": false, "flag_icon": ""}}, {"model": "languages.language", "pk": "a22199f3-0188-4c98-9468-486731f10c17", "fields": {"name": "Croatian", "name_local": "Hrvatski", "isocode": "hr", "sorting": 0, "learning_available": false, "interface_available": false, "flag_icon": ""}}, {"model": "languages.language", "pk": "a6c47145-df26-460c-890b-30156a653f39", "fields": {"name": "Belarusian", "name_local": "беларуская", "isocode": "be", "sorting": 0, "learning_available": false, "interface_available": false, "flag_icon": ""}}, {"model": "languages.language", "pk": "a8709b4a-72e3-4dac-81e1-4ccf6b3ee529", "fields": {"name": "Esperanto", "name_local": "Esperanto", "isocode": "eo", "sorting": 0, "learning_available": false, "interface_available": false, "flag_icon": ""}}, {"model": "languages.language", "pk": "a9513e4a-1579-423e-9ce0-8732013b31c8", "fields": {"name": "English", "name_local": "English", "isocode": "en", "sorting": 3, "learning_available": true, "interface_available": true, "flag_icon": "languages/flag_icons/languages/images/flag_icons/en_QiGq1r0.svg"}}, {"model": "languages.language", "pk": "b0ad488a-8425-4979-beff-8a53dfb58e54", "fields": {"name": "Malayalam", "name_local": "മലയാളം", "isocode": "ml", "sorting": 0, "learning_available": false, "interface_available": false, "flag_icon": ""}}, {"model": "languages.language", "pk": "b1c1c5f7-fba0-4f6a-9a49-1bf04ee08ecb", "fields": {"name": "Finnish", "name_local": "suomi", "isocode": "fi", "sorting": 0, "learning_available": false, "interface_available": false, "flag_icon": ""}}, {"model": "languages.language", "pk": "b4d24a7b-4ccd-4944-9192-2238016d3fd7", "fields": {"name": "Thai", "name_local": "ภาษาไทย", "isocode": "th", "sorting": 0, "learning_available": false, "interface_available": false, "flag_icon": ""}}, {"model": "languages.language", "pk": "b5616ead-66ae-456b-bf22-ec271c7aedac", "fields": {"name": "Armenian", "name_local": "հայերեն", "isocode": "hy", "sorting": 0, "learning_available": false, "interface_available": false, "flag_icon": ""}}, {"model": "languages.language", "pk": "bb7dc8be-143d-41bb-a83d-87339144d0e2", "fields": {"name": "Tatar", "name_local": "Татарча", "isocode": "tt", "sorting": 0, "learning_available": false, "interface_available": false, "flag_icon": ""}}, {"model": "languages.language", "pk": "bcb7d66d-8af6-4e83-abfa-03f8fc1ccee2", "fields": {"name": "Slovak", "name_local": "Slovensky", "isocode": "sk", "sorting": 0, "learning_available": false, "interface_available": false, "flag_icon": ""}}, {"model": "languages.language", "pk": "c12988fd-a32b-4667-83e1-d4e838e8ea45", "fields": {"name": "Ido", "name_local": "ido", "isocode": "io", "sorting": 0, "learning_available": false, "interface_available": false, "flag_icon": ""}}, {"model": "languages.language", "pk": "cc743788-fbc7-47f7-9fcb-d253c93f0f24", "fields": {"name": "Indonesian", "name_local": "Bahasa Indonesia", "isocode": "id", "sorting": 0, "learning_available": false, "interface_available": false, "flag_icon": ""}}, {"model": "languages.language", "pk": "ccbeac85-5c04-4b80-b080-a9b35dd30a75", "fields": {"name": "Portuguese", "name_local": "Português", "isocode": "pt", "sorting": 0, "learning_available": false, "interface_available": false, "flag_icon": ""}}, {"model": "languages.language", "pk": "ce1996a3-62d0-423d-984a-7e9ab9119690", "fields": {"name": "Galician", "name_local": "galego", "isocode": "gl", "sorting": 0, "learning_available": false, "interface_available": false, "flag_icon": ""}}, {"model": "languages.language", "pk": "ce2a0a0d-6f66-4e0c-b73f-d4f4ac68f5c3", "fields": {"name": "Italian", "name_local": "italiano", "isocode": "it", "sorting": 2, "learning_available": true, "interface_available": false, "flag_icon": "languages/flag_icons/languages/images/flag_icons/it_UXhWHfX.svg"}}, {"model": "languages.language", "pk": "cf17ffff-f5eb-4929-b875-d1a3a52bf82c", "fields": {"name": "Scottish Gaelic", "name_local": "Gàidhlig", "isocode": "gd", "sorting": 0, "learning_available": false, "interface_available": false, "flag_icon": ""}}, {"model": "languages.language", "pk": "d165f927-df33-4cc8-b1a8-aa37afbd0911", "fields": {"name": "Frisian", "name_local": "frysk", "isocode": "fy", "sorting": 0, "learning_available": false, "interface_available": false, "flag_icon": ""}}, {"model": "languages.language", "pk": "d589790a-5ea9-4eb9-af64-5cc279733355", "fields": {"name": "Persian", "name_local": "فارسی", "isocode": "fa", "sorting": 0, "learning_available": false, "interface_available": false, "flag_icon": ""}}, {"model": "languages.language", "pk": "d5c960fe-bb65-4686-a188-8f66d739e1ab", "fields": {"name": "Luxembourgish", "name_local": "Lëtzebuergesch", "isocode": "lb", "sorting": 0, "learning_available": false, "interface_available": false, "flag_icon": ""}}, {"model": "languages.language", "pk": "d8e67db2-40b2-484e-96df-d2ac74a5a15a", "fields": {"name": "Turkish", "name_local": "Türkçe", "isocode": "tr", "sorting": 1, "learning_available": false, "interface_available": false, "flag_icon": ""}}, {"model": "languages.language", "pk": "db2fc0ef-091c-40ba-ac14-cd350feab26a", "fields": {"name": "Nepali", "name_local": "नेपाली", "isocode": "ne", "sorting": 0, "learning_available": false, "interface_available": false, "flag_icon": ""}}, {"model": "languages.language", "pk": "ddeaf985-e14e-4cab-bf5d-707142a5d754", "fields": {"name": "Igbo", "name_local": "Asụsụ Ìgbò", "isocode": "ig", "sorting": 0, "learning_available": false, "interface_available": false, "flag_icon": ""}}, {"model": "languages.language", "pk": "e7a0c1f1-9684-415b-9803-75186d3978cf", "fields": {"name": "Marathi", "name_local": "मराठी", "isocode": "mr", "sorting": 0, "learning_available": false, "interface_available": false, "flag_icon": ""}}, {"model": "languages.language", "pk": "e826d86a-17a2-48b5-9bf9-03949d2d4ea9", "fields": {"name": "Georgian", "name_local": "ქართული", "isocode": "ka", "sorting": 0, "learning_available": false, "interface_available": false, "flag_icon": ""}}, {"model": "languages.language", "pk": "e8703811-3566-42f8-bda7-f3a48e8ceafa", "fields": {"name": "Swahili", "name_local": "Kiswahili", "isocode": "sw", "sorting": 0, "learning_available": false, "interface_available": false, "flag_icon": ""}}, {"model": "languages.language", "pk": "ed9b8a4a-8dd5-4cd0-b688-ce41c8ec2b4b", "fields": {"name": "Ukrainian", "name_local": "Українська", "isocode": "uk", "sorting": 0, "learning_available": false, "interface_available": false, "flag_icon": ""}}, {"model": "languages.language", "pk": "eeae08d4-23f3-402c-9ef0-548ee5e58cdb", "fields": {"name": "Polish", "name_local": "polski", "isocode": "pl", "sorting": 0, "learning_available": false, "interface_available": false, "flag_icon": ""}}, {"model": "languages.language", "pk": "ef1c7fc5-624a-489c-88ea-ea8a212757a1", "fields": {"name": "Breton", "name_local": "brezhoneg", "isocode": "br", "sorting": 0, "learning_available": false, "interface_available": false, "flag_icon": ""}}, {"model": "languages.language", "pk": "eff7189e-b678-4192-987b-450d099e9032", "fields": {"name": "Uzbek", "name_local": "oʻzbek tili", "isocode": "uz", "sorting": 0, "learning_available": false, "interface_available": false, "flag_icon": ""}}, {"model": "languages.language", "pk": "f478d087-a05d-427c-a3ad-b9715a52ab33", "fields": {"name": "Afrikaans", "name_local": "Afrikaans", "isocode": "af", "sorting": 0, "learning_available": false, "interface_available": false, "flag_icon": ""}}, {"model": "languages.language", "pk": "f77d4ef6-480d-478b-8577-4f3d9e35a1e7", "fields": {"name": "Norwegian Bokmal", "name_local": "norsk (bokmål)", "isocode": "nb", "sorting": 0, "learning_available": false, "interface_available": false, "flag_icon": ""}}, {"model": "languages.language", "pk": "f8024509-1d26-4d10-b547-d4cff0ce6f24", "fields": {"name": "Norwegian", "name_local": "norsk", "isocode": "no", "sorting": 0, "learning_available": false, "interface_available": false, "flag_icon": ""}}, {"model": "languages.language", "pk": "f8948298-6188-418f-b691-39be0acf3a7d", "fields": {"name": "German", "name_local": "Deutsch", "isocode": "de", "sorting": 2, "learning_available": true, "interface_available": false, "flag_icon": "languages/flag_icons/languages/images/flag_icons/de_6WbWwgx.svg"}}, {"model": "languages.languageimage", "pk": "016491dd-8289-45f8-a391-98bb419e209b", "fields": {"created": "2024-04-22T07:04:51.187Z", "modified": "2024-04-22T07:04:51.187Z", "language": "9f66e3bf-85bb-42e1-8640-2d7e8629f79a", "image": "languages/images/languages/images/es_9_yhDzkDR.jpg"}}, {"model": "languages.languageimage", "pk": "03d10cd8-0cc1-43c0-b1e0-021775bac8cb", "fields": {"created": "2024-04-22T07:04:51.079Z", "modified": "2024-04-22T07:04:51.079Z", "language": "a9513e4a-1579-423e-9ce0-8732013b31c8", "image": "languages/images/languages/images/en_7_uo4hyft.jpg"}}, {"model": "languages.languageimage", "pk": "108afc10-42ac-466f-9d5d-acbd2a62f27d", "fields": {"created": "2024-04-22T07:04:51.252Z", "modified": "2024-04-22T07:04:51.252Z", "language": "78807a42-2f17-4604-b9c3-46aa509123b3", "image": "languages/images/languages/images/fr_1_p793s1R.jpg"}}, {"model": "languages.languageimage", "pk": "13dc7d04-41bd-4428-a669-1281854aab42", "fields": {"created": "2024-04-22T07:04:51.574Z", "modified": "2024-04-22T07:04:51.574Z", "language": "ce2a0a0d-6f66-4e0c-b73f-d4f4ac68f5c3", "image": "languages/images/languages/images/it_7_u8eSBvv.jpg"}}, {"model": "languages.languageimage", "pk": "23afedb7-8bae-4d40-8e56-55978eeb759a", "fields": {"created": "2024-04-22T07:04:51.033Z", "modified": "2024-04-22T07:04:51.033Z", "language": "a9513e4a-1579-423e-9ce0-8732013b31c8", "image": "languages/images/languages/images/en_2_cqX7XMu.jpg"}}, {"model": "languages.languageimage", "pk": "24dfa040-0fd5-4954-af2f-405259e8c50d", "fields": {"created": "2024-04-22T07:04:50.985Z", "modified": "2024-04-22T07:04:50.985Z", "language": "f8948298-6188-418f-b691-39be0acf3a7d", "image": "languages/images/languages/images/de_6_yw89Y96.jpg"}}, {"model": "languages.languageimage", "pk": "26ab73a1-eb36-4df8-9332-6fc82b91a2c9", "fields": {"created": "2024-04-22T07:04:51.541Z", "modified": "2024-04-22T07:04:51.541Z", "language": "ce2a0a0d-6f66-4e0c-b73f-d4f4ac68f5c3", "image": "languages/images/languages/images/it_4_rQqv32r.jpg"}}, {"model": "languages.languageimage", "pk": "355a7914-08c0-430b-80e4-8656c945dfdd", "fields": {"created": "2024-04-22T07:04:51.902Z", "modified": "2024-04-22T07:04:51.902Z", "language": "2ae74a8b-4943-4645-aba0-0a0bbbe79c34", "image": "languages/images/languages/images/ru_1_TkgPZVz.jpg"}}, {"model": "languages.languageimage", "pk": "48df026d-9993-45c7-900f-7fb6b13820bf", "fields": {"created": "2024-04-22T07:04:51.028Z", "modified": "2024-04-22T07:04:51.028Z", "language": "a9513e4a-1579-423e-9ce0-8732013b31c8", "image": "languages/images/languages/images/en_1_gfiEeZx.jpg"}}, {"model": "languages.languageimage", "pk": "49081195-bbd2-4814-a20a-800df92f9f35", "fields": {"created": "2024-04-22T07:04:51.063Z", "modified": "2024-04-22T07:04:51.063Z", "language": "a9513e4a-1579-423e-9ce0-8732013b31c8", "image": "languages/images/languages/images/en_5_DoxkDjg.jpg"}}, {"model": "languages.languageimage", "pk": "51027c35-838b-4020-85e5-46c9bd9e25ac", "fields": {"created": "2024-04-22T07:04:50.999Z", "modified": "2024-04-22T07:04:50.999Z", "language": "f8948298-6188-418f-b691-39be0acf3a7d", "image": "languages/images/languages/images/de_8_EyzXXwM.jpg"}}, {"model": "languages.languageimage", "pk": "5a5a4a9a-65fd-4690-a088-42309069d3d5", "fields": {"created": "2024-04-22T07:04:51.594Z", "modified": "2024-04-22T07:04:51.594Z", "language": "ce2a0a0d-6f66-4e0c-b73f-d4f4ac68f5c3", "image": "languages/images/languages/images/it_8_dniJuAc.jpg"}}, {"model": "languages.languageimage", "pk": "5ef39dd9-e0b4-4c58-a633-f7c9a3b72bd2", "fields": {"created": "2024-04-22T07:04:51.529Z", "modified": "2024-04-22T07:04:51.529Z", "language": "ce2a0a0d-6f66-4e0c-b73f-d4f4ac68f5c3", "image": "languages/images/languages/images/it_3_ZCUFhCe.jpg"}}, {"model": "languages.languageimage", "pk": "65b67754-4c30-4f84-b3ed-2ddfca622e6e", "fields": {"created": "2024-04-22T07:04:51.942Z", "modified": "2024-04-22T07:04:51.942Z", "language": "2ae74a8b-4943-4645-aba0-0a0bbbe79c34", "image": "languages/images/languages/images/ru_4_zKomz2n.jpg"}}, {"model": "languages.languageimage", "pk": "7246c7ab-a014-4b31-95cd-951c9d131312", "fields": {"created": "2024-04-22T07:04:51.510Z", "modified": "2024-04-22T07:04:51.510Z", "language": "ce2a0a0d-6f66-4e0c-b73f-d4f4ac68f5c3", "image": "languages/images/languages/images/it_1_7X6tczc.jpg"}}, {"model": "languages.languageimage", "pk": "80ff17ec-9fb1-4496-9818-6b6d537c7c35", "fields": {"created": "2024-04-22T07:04:51.134Z", "modified": "2024-04-22T07:04:51.134Z", "language": "9f66e3bf-85bb-42e1-8640-2d7e8629f79a", "image": "languages/images/languages/images/es_3_xQJt0oC.jpg"}}, {"model": "languages.languageimage", "pk": "85a8d490-a76b-4eb3-bca7-beb377ac2560", "fields": {"created": "2024-04-22T07:04:51.072Z", "modified": "2024-04-22T07:04:51.072Z", "language": "a9513e4a-1579-423e-9ce0-8732013b31c8", "image": "languages/images/languages/images/en_6_zHHMwx6.jpg"}}, {"model": "languages.languageimage", "pk": "87360aac-f674-4854-b135-e5c173e525a4", "fields": {"created": "2024-04-22T07:04:51.315Z", "modified": "2024-04-22T07:04:51.315Z", "language": "78807a42-2f17-4604-b9c3-46aa509123b3", "image": "languages/images/languages/images/fr_6_zGQrvDd.jpg"}}, {"model": "languages.languageimage", "pk": "8c8c77b2-3553-468f-b113-8a1aad1a2f25", "fields": {"created": "2024-04-22T07:04:51.315Z", "modified": "2024-04-22T07:04:51.315Z", "language": "78807a42-2f17-4604-b9c3-46aa509123b3", "image": "languages/images/languages/images/fr_7_7PxNiYe.jpg"}}, {"model": "languages.languageimage", "pk": "925fef55-7821-4523-9527-e2b8c38555ef", "fields": {"created": "2024-04-22T07:04:51.154Z", "modified": "2024-04-22T07:04:51.154Z", "language": "9f66e3bf-85bb-42e1-8640-2d7e8629f79a", "image": "languages/images/languages/images/es_5_LhyxnFc.jpg"}}, {"model": "languages.languageimage", "pk": "996661e2-46a1-4d7e-9d53-a1bef21caf13", "fields": {"created": "2024-04-22T07:04:51.161Z", "modified": "2024-04-22T07:04:51.161Z", "language": "9f66e3bf-85bb-42e1-8640-2d7e8629f79a", "image": "languages/images/languages/images/es_6_qbUe2lH.jpg"}}, {"model": "languages.languageimage", "pk": "9e875511-8eab-45e5-87d0-05420789fe74", "fields": {"created": "2024-04-22T07:04:51.511Z", "modified": "2024-04-22T07:04:51.511Z", "language": "ce2a0a0d-6f66-4e0c-b73f-d4f4ac68f5c3", "image": "languages/images/languages/images/it_2_NRSy7WO.jpg"}}, {"model": "languages.languageimage", "pk": "b023227e-fa09-4112-bae5-ef2403400d2d", "fields": {"created": "2024-04-22T07:04:51.143Z", "modified": "2024-04-22T07:04:51.143Z", "language": "9f66e3bf-85bb-42e1-8640-2d7e8629f79a", "image": "languages/images/languages/images/es_4_kh4ae9A.jpg"}}, {"model": "languages.languageimage", "pk": "b9bc7fa5-15c9-455a-987d-59e561a5f81a", "fields": {"created": "2024-04-22T07:04:51.277Z", "modified": "2024-04-22T07:04:51.277Z", "language": "78807a42-2f17-4604-b9c3-46aa509123b3", "image": "languages/images/languages/images/fr_4_upGI6QP.jpg"}}, {"model": "languages.languageimage", "pk": "bde31c0d-b008-44f6-8916-b553a68744c0", "fields": {"created": "2024-04-22T07:04:51.557Z", "modified": "2024-04-22T07:04:51.557Z", "language": "ce2a0a0d-6f66-4e0c-b73f-d4f4ac68f5c3", "image": "languages/images/languages/images/it_6_s7kWjXI.jpg"}}, {"model": "languages.languageimage", "pk": "c2b9984b-1da3-4ae8-ae56-074f50a34ce9", "fields": {"created": "2024-04-22T07:04:51.929Z", "modified": "2024-04-22T07:04:51.929Z", "language": "2ae74a8b-4943-4645-aba0-0a0bbbe79c34", "image": "languages/images/languages/images/ru_3_RHEjG2n.jpg"}}, {"model": "languages.languageimage", "pk": "c97f390c-0550-4a30-b8d5-a7f69a341bdd", "fields": {"created": "2024-04-22T07:04:50.962Z", "modified": "2024-04-22T07:04:50.962Z", "language": "f8948298-6188-418f-b691-39be0acf3a7d", "image": "languages/images/languages/images/de_3_sO3P3oH.jpg"}}, {"model": "languages.languageimage", "pk": "cb9b7c63-6ff2-420d-ad23-2d6a44cbf776", "fields": {"created": "2024-04-22T07:04:51.170Z", "modified": "2024-04-22T07:04:51.170Z", "language": "9f66e3bf-85bb-42e1-8640-2d7e8629f79a", "image": "languages/images/languages/images/es_7_PUe9CJi.jpg"}}, {"model": "languages.languageimage", "pk": "cfc5a15a-e0c3-4076-a4f6-a0ca19bd75ea", "fields": {"created": "2024-04-22T07:04:51.968Z", "modified": "2024-04-22T07:04:51.968Z", "language": "2ae74a8b-4943-4645-aba0-0a0bbbe79c34", "image": "languages/images/languages/images/ru_5_p0ELBd4.jpg"}}, {"model": "languages.languageimage", "pk": "d34fcbb9-8977-48f8-8b77-e9e688e659a2", "fields": {"created": "2024-04-22T07:04:51.993Z", "modified": "2024-04-22T07:04:51.993Z", "language": "2ae74a8b-4943-4645-aba0-0a0bbbe79c34", "image": "languages/images/languages/images/ru_6_czZcguE.jpg"}}, {"model": "languages.languageimage", "pk": "d66c493e-bbfb-4ed3-b68a-38eb150834a0", "fields": {"created": "2024-04-22T07:04:51.542Z", "modified": "2024-04-22T07:04:51.542Z", "language": "ce2a0a0d-6f66-4e0c-b73f-d4f4ac68f5c3", "image": "languages/images/languages/images/it_5_1wuDCvk.jpg"}}, {"model": "languages.languageimage", "pk": "dd9eb38f-edc1-4a66-b058-bd1475a8f795", "fields": {"created": "2024-04-22T07:04:50.978Z", "modified": "2024-04-22T07:04:50.978Z", "language": "f8948298-6188-418f-b691-39be0acf3a7d", "image": "languages/images/languages/images/de_5_L5cw7Xx.jpg"}}, {"model": "languages.languageimage", "pk": "dff2e986-a912-405b-a36c-bdfcd1912683", "fields": {"created": "2024-04-22T07:04:51.262Z", "modified": "2024-04-22T07:04:51.262Z", "language": "78807a42-2f17-4604-b9c3-46aa509123b3", "image": "languages/images/languages/images/fr_2_BEOs1T2.jpg"}}, {"model": "languages.languageimage", "pk": "e18cd93d-4758-4758-991b-4e2d85b4b2dc", "fields": {"created": "2024-04-22T07:04:51.918Z", "modified": "2024-04-22T07:04:51.918Z", "language": "2ae74a8b-4943-4645-aba0-0a0bbbe79c34", "image": "languages/images/languages/images/ru_2_C3qFWH7.jpg"}}, {"model": "languages.languageimage", "pk": "e454795a-c16d-458f-831f-34ec333c2431", "fields": {"created": "2024-04-22T07:04:50.971Z", "modified": "2024-04-22T07:04:50.971Z", "language": "f8948298-6188-418f-b691-39be0acf3a7d", "image": "languages/images/languages/images/de_4_Bogg9uP.jpg"}}, {"model": "languages.languageimage", "pk": "e7f45573-2293-400e-8d81-ad8cbc3010a0", "fields": {"created": "2024-04-22T07:04:50.994Z", "modified": "2024-04-22T07:04:50.994Z", "language": "f8948298-6188-418f-b691-39be0acf3a7d", "image": "languages/images/languages/images/de_7_IB2eIGo.jpg"}}, {"model": "languages.languageimage", "pk": "e85208ee-ef92-4bc7-a1e2-f53bf75df86f", "fields": {"created": "2024-04-22T07:04:51.117Z", "modified": "2024-04-22T07:04:51.117Z", "language": "9f66e3bf-85bb-42e1-8640-2d7e8629f79a", "image": "languages/images/languages/images/es_1_7ZuLWWY.jpg"}}, {"model": "languages.languageimage", "pk": "ed6b76a5-61bf-4184-9409-615e34e5c42a", "fields": {"created": "2024-04-22T07:04:50.945Z", "modified": "2024-04-22T07:04:50.945Z", "language": "f8948298-6188-418f-b691-39be0acf3a7d", "image": "languages/images/languages/images/de_1_TCtUzUF.jpg"}}, {"model": "languages.languageimage", "pk": "ef336879-596b-494b-855c-f7d156aa2ef4", "fields": {"created": "2024-04-22T07:04:51.125Z", "modified": "2024-04-22T07:04:51.125Z", "language": "9f66e3bf-85bb-42e1-8640-2d7e8629f79a", "image": "languages/images/languages/images/es_2_N1tdRYX.jpg"}}, {"model": "languages.languageimage", "pk": "efbf5201-9d49-4b09-ad29-a8ecd1c37798", "fields": {"created": "2024-04-22T07:04:51.606Z", "modified": "2024-04-22T07:04:51.606Z", "language": "ce2a0a0d-6f66-4e0c-b73f-d4f4ac68f5c3", "image": "languages/images/languages/images/it_9_MyurNRI.jpg"}}, {"model": "languages.languageimage", "pk": "f51d7033-8191-4de7-914c-407418b6cec4", "fields": {"created": "2024-04-22T07:04:51.054Z", "modified": "2024-04-22T07:04:51.054Z", "language": "a9513e4a-1579-423e-9ce0-8732013b31c8", "image": "languages/images/languages/images/en_4_6ClRP6R.jpg"}}, {"model": "languages.languageimage", "pk": "f5c7d952-8972-4fc8-8893-7d2daca5e766", "fields": {"created": "2024-04-22T07:04:50.952Z", "modified": "2024-04-22T07:04:50.952Z", "language": "f8948298-6188-418f-b691-39be0acf3a7d", "image": "languages/images/languages/images/de_2_BUdgfja.jpg"}}, {"model": "languages.languageimage", "pk": "f914726c-e718-417d-bf6f-a5459a6aafa0", "fields": {"created": "2024-04-22T07:04:51.296Z", "modified": "2024-04-22T07:04:51.296Z", "language": "78807a42-2f17-4604-b9c3-46aa509123b3", "image": "languages/images/languages/images/fr_5_VDjiiIi.jpg"}}, {"model": "languages.languageimage", "pk": "f9cab615-9763-44c7-83cd-1b9e2774600e", "fields": {"created": "2024-04-22T07:04:51.269Z", "modified": "2024-04-22T07:04:51.269Z", "language": "78807a42-2f17-4604-b9c3-46aa509123b3", "image": "languages/images/languages/images/fr_3_2fU21eU.jpg"}}, {"model": "languages.languageimage", "pk": "fc575b5e-0e59-4bb6-ac15-f22a431c6c7c", "fields": {"created": "2024-04-22T07:04:51.178Z", "modified": "2024-04-22T07:04:51.178Z", "language": "9f66e3bf-85bb-42e1-8640-2d7e8629f79a", "image": "languages/images/languages/images/es_8_nAksndr.jpg"}}, {"model": "languages.languageimage", "pk": "fd4a3c32-912d-443f-878c-bef86f815a38", "fields": {"created": "2024-04-22T07:04:51.087Z", "modified": "2024-04-22T07:04:51.087Z", "language": "a9513e4a-1579-423e-9ce0-8732013b31c8", "image": "languages/images/languages/images/en_8_4ApMWPU.jpg"}}, {"model": "languages.languageimage", "pk": "ff87f9c3-28f9-4899-962d-d16ab737bb52", "fields": {"created": "2024-04-22T07:04:51.046Z", "modified": "2024-04-22T07:04:51.046Z", "language": "a9513e4a-1579-423e-9ce0-8732013b31c8", "image": "languages/images/languages/images/en_3_VLJoYOh.jpg"}}, {"model": "exercises.exercise", "pk": "0f1381bf-d222-4560-b2f0-0d57ae6356bd", "fields": {"created": "2024-04-28T14:56:03.144Z", "modified": "2024-05-02T12:09:34.320Z", "slug": "associate", "name": "Associate", "description": "Remember the word by association on time or in free mode, or choose the correct word association.", "constraint_description": "Only words with images.", "icon": "exercises/icons/exercises/icons/as_hYy6EhT.svg", "available": false, "hints_available": []}}, {"model": "exercises.exercise", "pk": "77ce3d35-5b3f-4d54-be75-a367a9e93092", "fields": {"created": "2024-04-28T14:56:03.087Z", "modified": "2024-05-02T12:09:34.268Z", "slug": "translator", "name": "Translator", "description": "Translate a word on time or in free mode from your native language to the language you are learning and vice versa.", "constraint_description": "Only words with translations.", "icon": "exercises/icons/exercises/icons/tr_jipAxuI.svg", "available": true, "hints_available": ["9dff210c-e952-4f87-bdea-b37b1462cf21", "768ac0cd-e7c5-47c6-91f4-989e3b1a36aa", "b889cc52-d20b-424a-990b-3d43dff113d9", "031bb7b6-c7ea-450d-abe2-6fa665f2bae3", "fa043799-9d10-443a-95b2-50921dfc47b9"]}}, {"model": "exercises.hint", "pk": "031bb7b6-c7ea-450d-abe2-6fa665f2bae3", "fields": {"created": "2024-04-22T07:05:06.502Z", "name": "Показать первую букву", "description": "Показывает первую букву случайного перевода этого слова", "code": "show_first_letter"}}, {"model": "exercises.hint", "pk": "768ac0cd-e7c5-47c6-91f4-989e3b1a36aa", "fields": {"created": "2024-04-22T07:05:06.514Z", "name": "Показать синоним", "description": "Показывает случайный синоним этого слова", "code": "show_synonym"}}, {"model": "exercises.hint", "pk": "9dff210c-e952-4f87-bdea-b37b1462cf21", "fields": {"created": "2024-04-22T07:05:06.520Z", "name": "Убрать вариант", "description": "Показывает один неправильный вариант ответа из предложенных", "code": "remove_incorrect"}}, {"model": "exercises.hint", "pk": "b889cc52-d20b-424a-990b-3d43dff113d9", "fields": {"created": "2024-04-22T07:05:06.509Z", "name": "Показать количество букв", "description": "Показывает количество букв случайного перевода этого слова", "code": "show_letters_amount"}}, {"model": "exercises.hint", "pk": "fa043799-9d10-443a-95b2-50921dfc47b9", "fields": {"created": "2024-04-22T07:05:06.493Z", "name": "Показать ассоциацию", "description": "Показывает случайную ассоциацию этого слова", "code": "show_association"}}, {"model": "exercises.translatoruserdefaultsettings", "pk": "0a909743-8c65-4995-ae07-f74b2cefeee6", "fields": {"user": "cabbaa6a-9d27-468e-950d-f1556cf0a913", "mode": "FI", "set_time_limit": null, "repetitions_amount": 1, "from_language": "LTN"}}, {"model": "exercises.translatoruserdefaultsettings", "pk": "7d1c48bd-3c9e-4cdb-a52d-2ca02b31003f", "fields": {"user": "ceeaffb2-77bd-4276-a97b-eb6ca36de844", "mode": "FI", "set_time_limit": null, "repetitions_amount": 1, "from_language": "LTN"}}, {"model": "exercises.translatoruserdefaultsettings", "pk": "7f3d948d-0201-4754-b993-e3bccc39cf09", "fields": {"user": "ecca03ac-c859-45ac-9d75-df40613d34e7", "mode": "FI", "set_time_limit": null, "repetitions_amount": 1, "from_language": "LTN"}}, {"model": "exercises.translatoruserdefaultsettings", "pk": "8959912d-5383-4e8e-b636-3a5caf64d1a5", "fields": {"user": "ecba400d-c7c6-4f7d-84c4-1623ebc6355a", "mode": "V", "set_time_limit": "00:00:30", "repetitions_amount": 1, "from_language": "LTN"}}, {"model": "exercises.translatoruserdefaultsettings", "pk": "c62a8d9e-d7eb-4624-98da-dda8042bb325", "fields": {"user": "161e3cc4-e0b5-42d6-b144-1b49eb5afaba", "mode": "FI", "set_time_limit": null, "repetitions_amount": 1, "from_language": "LTN"}}, {"model": "exercises.translatoruserdefaultsettings", "pk": "d21c9455-f441-4ce5-b8c9-a028e1e94b9a", "fields": {"user": "e9db8f6a-0772-4531-8cc8-e80708c51cff", "mode": "FI", "set_time_limit": null, "repetitions_amount": 1, "from_language": "LTN"}}, {"model": "exercises.translatoruserdefaultsettings", "pk": "d3dce36f-2cbf-43ec-a1e0-02870afde00e", "fields": {"user": "b8b2226f-68f7-4bfe-ad5d-4df47974123e", "mode": "FI", "set_time_limit": null, "repetitions_amount": 1, "from_language": "LTN"}}, {"model": "exercises.translatoruserdefaultsettings", "pk": "d82688d8-380b-4ffd-a0b5-201875485acb", "fields": {"user": "aa7d5a7a-f8b5-441b-a95f-b7dabc223de2", "mode": "FI", "set_time_limit": null, "repetitions_amount": 1, "from_language": "LTN"}}, {"model": "users.user", "pk": "161e3cc4-e0b5-42d6-b144-1b49eb5afaba", "fields": {"password": "pbkdf2_sha256$600000$xIHlMTQy0CwXBlEdTDQqWi$sbkODeDjmdstclqSRRNYlpAYWUjHLAWwlR0lzPKuFew=", "last_login": "2024-05-25T07:57:54.798Z", "is_superuser": true, "username": "admin", "first_name": "", "is_staff": true, "is_active": true, "date_joined": "2024-04-22T07:04:44.646Z", "created": "2024-04-22T07:04:44.859Z", "modified": "2024-04-22T07:04:44.859Z", "email": "admin@example.com", "gender": null, "image": "", "groups": [], "user_permissions": []}}, {"model": "users.user", "pk": "aa7d5a7a-f8b5-441b-a95f-b7dabc223de2", "fields": {"password": "SZgOrdHzfDlZKJNqfNOTkghdXuUmReVlqfluxqfbAQNuazXKTFHTdHGeUkEHCMvAyggLcnBkajFguKpznvckXLXyypTcCPRCnAjZsNLiKnKGWfdOeAezZLalIlzfwkpy", "last_login": null, "is_superuser": false, "username": "ERbuBMKeuUHHzRiIIHeknTxmwdcVlNaNgisnAPqEBjuJeIgpgmgtWodsWlOXgSklauwtiNCdhkJiZiqWCQxpWHcvfPSVXDGiQaCBsfcsaXzZsASPGWTqIpgqXYRGBzLeylDtdBXcjgZlqhjWSKxIBD", "first_name": "", "is_staff": false, "is_active": true, "date_joined": "2024-04-23T08:39:49.274Z", "created": "2024-04-23T08:39:49.274Z", "modified": "2024-04-23T08:39:49.274Z", "email": "gwekYYCpjt@example.com", "gender": null, "image": "", "groups": [], "user_permissions": []}}, {"model": "users.user", "pk": "b8b2226f-68f7-4bfe-ad5d-4df47974123e", "fields": {"password": "zXhYjJxtUzvgyBzGKOdjfdnXGumzCbdunhUcTgySPNkbLfaxnoVAVRgvIbaRbAJHUGuziudZmeuadmsYApzHKJzrcAPTlawlBpdRnTbDbfViqVKhLTnguLQhADDxmVOu", "last_login": null, "is_superuser": false, "username": "wnWGhNueklKBunVpczgeOQpiqIABkgIfBAySNfHgdCrDAMNuAmhVYmnLsmwqSiNolBuGNmUGAFLPSIiOFiVsTnqPbixjnryrSdfxVPbJUadCwLvuKJUkCxGeOCcGyhYVxybNrKGwIBavxJLtptYNvZ", "first_name": "", "is_staff": false, "is_active": true, "date_joined": "2024-04-23T17:58:03.125Z", "created": "2024-04-23T17:58:03.132Z", "modified": "2024-04-23T17:58:03.132Z", "email": "PbseuQyZju@example.com", "gender": null, "image": "", "groups": [], "user_permissions": []}}, {"model": "users.user", "pk": "cabbaa6a-9d27-468e-950d-f1556cf0a913", "fields": {"password": "pbkdf2_sha256$600000$M5yGLOeN8WlPnDzqEUSA3u$RMZbPM1S+GIMz9td50PWSY13lnVzQFAfsuf8IW5zCIg=", "last_login": "2024-05-23T17:10:52.746Z", "is_superuser": false, "username": "test_user6", "first_name": "", "is_staff": false, "is_active": true, "date_joined": "2024-05-02T10:42:09.570Z", "created": "2024-05-02T10:42:09.899Z", "modified": "2024-05-02T10:42:09.899Z", "email": "marina.buuz@gmail.com", "gender": null, "image": "", "groups": [], "user_permissions": []}}, {"model": "users.user", "pk": "ceeaffb2-77bd-4276-a97b-eb6ca36de844", "fields": {"password": "pbkdf2_sha256$600000$3FGyMwf4zMF4EZ5IO8Szbk$7TmXVs87IFm0RvJYmbQ1SqPAxMpJnF3Q5ABunO3o1NA=", "last_login": "2024-05-25T11:20:09.930Z", "is_superuser": true, "username": "newsuper", "first_name": "", "is_staff": true, "is_active": true, "date_joined": "2024-05-25T11:19:52.778Z", "created": "2024-05-25T11:19:53.114Z", "modified": "2024-05-25T11:19:53.114Z", "email": "test@test.com", "gender": null, "image": "", "groups": [], "user_permissions": []}}, {"model": "users.user", "pk": "e9db8f6a-0772-4531-8cc8-e80708c51cff", "fields": {"password": "jEXGRAHVzNQNXJJvHaoTNoURpugCpdKjyCZtdfDQYyRreZZjBbNFXwxMEqFHKhLBzqioyLMsUNcAgwbBuEldWhYKslgqOctfALDneUyXOjVsdVURCusTMltYyiUYsBJZ", "last_login": null, "is_superuser": false, "username": "yPKXoVBpPcwSiNgGGJKTEgODVQNPHpGQoYBxPAsehXffrayIVdVXVGwOpNPWOwHjjIBmZKUPZuqmUsFBuAKpWkrHeYgRIqwzMordqlbDkfKGoIJfldxxlQgseIPRoMtsAeQibzBBgCwlVdOzwEtaQR", "first_name": "", "is_staff": false, "is_active": true, "date_joined": "2024-04-23T08:38:44.948Z", "created": "2024-04-23T08:38:44.956Z", "modified": "2024-04-23T08:38:44.956Z", "email": "jGnsqdiEWh@example.com", "gender": null, "image": "", "groups": [], "user_permissions": []}}, {"model": "users.user", "pk": "ecba400d-c7c6-4f7d-84c4-1623ebc6355a", "fields": {"password": "pbkdf2_sha256$600000$UIojQDmb53eikIdon9rbH4$c7xCNoGv4fLZ3LE/t33t9Tj7xBaKat7Ra8vok4++XQI=", "last_login": "2024-04-22T10:25:02.876Z", "is_superuser": false, "username": "test_user5", "first_name": "", "is_staff": false, "is_active": true, "date_joined": "2024-04-22T10:24:40.993Z", "created": "2024-04-22T10:24:41.341Z", "modified": "2024-04-22T10:24:41.341Z", "email": "user5@example.com", "gender": null, "image": "", "groups": [], "user_permissions": []}}, {"model": "users.user", "pk": "ecca03ac-c859-45ac-9d75-df40613d34e7", "fields": {"password": "YNlenwySJCYAzIRtMkjRbcpAapluOUNLYYcLVVtuYbQSzMVOhQWjQblEWmvfVgXDEiWHJGhYYDmPafcbwJKELMhxLHCdUZFRXJRKCihGgwHpibcRviuoNKLvXQhqdxzp", "last_login": null, "is_superuser": false, "username": "oUWwkGLAsucGmZgaLxAQONgpHOzFNZagKSkWNqUQLCWwbsluSRoFSvuPBBoEbOPjfrhjyLwQFCGnYzgZsLJwtSVocnEQZXpmErQUOlIAeCrxndpXGXsOhiQIBAdnhJBufktyNIEYCRIGTibbQvCugx", "first_name": "", "is_staff": false, "is_active": true, "date_joined": "2024-04-25T11:18:31.213Z", "created": "2024-04-25T11:18:31.230Z", "modified": "2024-04-25T11:18:31.230Z", "email": "RThrZwJpkH@example.com", "gender": null, "image": "", "groups": [], "user_permissions": []}}, {"model": "users.user", "pk": "f3fee61d-45a0-419c-a130-2e48ed228208", "fields": {"password": "pbkdf2_sha256$600000$MJDg5MlJWhRr82JEfx0A2E$86rW8XCR7FlOJy+bF1a0t1xuRLgcOo8KXyVDKkXC0KY=", "last_login": "2024-04-22T07:06:18.505Z", "is_superuser": false, "username": "test_user4", "first_name": "", "is_staff": false, "is_active": true, "date_joined": "2024-04-22T07:06:14.876Z", "created": "2024-04-22T07:06:15.206Z", "modified": "2024-04-22T07:06:15.206Z", "email": "user4@example.com", "gender": null, "image": "", "groups": [], "user_permissions": []}}, {"model": "users.userlearninglanguage", "pk": "08b9415c-15de-48b1-b0b1-7a0de1fe66a5", "fields": {"created": "2024-04-25T11:20:06.348Z", "modified": "2024-04-25T11:20:06.348Z", "slug": "ouwwkglasucgmzgalxaqongphozfnzagkskwnquqlcwwbslusrofsvupbboebopjfrhjylwqfcgnyzgzsljwtsvocneqzxpmerquoliaecrxndpxgxsohiqibadnhjbufktynieycrigtibbqvcugx-xgwhawrgioedvkujbzkpysqbqcofxightjifezviovyvtjlsavybgwnybtmhzzvkzstvotuwsncklewqzoimnoubymluxymahmytfyjxubfgnflhiwmtpfwrzpsnttwpmhtbotuawxkxfhtnqfjymyhopuhtpqxpsbafmkiwbafkgsuykaaatixnjhzrxgxgpwrkxlfjjgbqcqzneylbdrkdfsedvykyflwrvzsjwkiiqbjxsezfwhhjnhsrmfiu", "language": "40ae4ea7-0784-44f4-adde-040ffeb82ef6", "user": "ecca03ac-c859-45ac-9d75-df40613d34e7", "level": "", "image": ""}}, {"model": "users.userlearninglanguage", "pk": "8fac1ef6-7f18-4832-b609-a4c42179fb12", "fields": {"created": "2024-04-22T07:24:41.222Z", "modified": "2024-04-22T07:24:41.222Z", "slug": "test_user4-english", "language": "a9513e4a-1579-423e-9ce0-8732013b31c8", "user": "f3fee61d-45a0-419c-a130-2e48ed228208", "level": "so so", "image": ""}}]
