[{"model": "admin.logentry", "pk": 1, "fields": {"action_time": "2023-09-10T16:21:20.421Z", "user": 1, "content_type": 24, "object_id": "1", "object_repr": "test", "action_flag": 1, "change_message": "[{\"added\": {}}]"}}, {"model": "admin.logentry", "pk": 2, "fields": {"action_time": "2023-09-10T16:21:33.950Z", "user": 1, "content_type": 16, "object_id": "1", "object_repr": "test", "action_flag": 1, "change_message": "[{\"added\": {}}]"}}, {"model": "admin.logentry", "pk": 3, "fields": {"action_time": "2023-09-10T16:34:26.850Z", "user": 1, "content_type": 28, "object_id": "1", "object_repr": "`test` means `test` (definition was added at 2023-09-10 16:34:26.846457+00:00)", "action_flag": 1, "change_message": "[{\"added\": {}}]"}}, {"model": "admin.logentry", "pk": 4, "fields": {"action_time": "2023-09-12T19:58:03.632Z", "user": 1, "content_type": 16, "object_id": "2", "object_repr": "test 2", "action_flag": 1, "change_message": "[{\"added\": {}}]"}}, {"model": "admin.logentry", "pk": 5, "fields": {"action_time": "2023-09-12T19:58:16.707Z", "user": 1, "content_type": 28, "object_id": "2", "object_repr": "`test` means `test 2` (definition was added at 2023-09-12 19:58:16.704558+00:00)", "action_flag": 1, "change_message": "[{\"added\": {}}]"}}, {"model": "admin.logentry", "pk": 6, "fields": {"action_time": "2023-09-18T19:59:38.070Z", "user": 1, "content_type": 37, "object_id": "5", "object_repr": "test_user4", "action_flag": 3, "change_message": ""}}, {"model": "admin.logentry", "pk": 7, "fields": {"action_time": "2023-09-18T19:59:38.088Z", "user": 1, "content_type": 37, "object_id": "4", "object_repr": "test_user3", "action_flag": 3, "change_message": ""}}, {"model": "admin.logentry", "pk": 8, "fields": {"action_time": "2023-09-18T19:59:38.104Z", "user": 1, "content_type": 37, "object_id": "3", "object_repr": "test_user2", "action_flag": 3, "change_message": ""}}, {"model": "admin.logentry", "pk": 9, "fields": {"action_time": "2023-09-18T20:00:26.323Z", "user": 1, "content_type": 37, "object_id": "2", "object_repr": "test_user1", "action_flag": 2, "change_message": "[{\"changed\": {\"fields\": [\"Username\", \"First name\", \"Slug\", \"Gender\"]}}]"}}, {"model": "admin.logentry", "pk": 10, "fields": {"action_time": "2023-09-18T20:01:38.649Z", "user": 1, "content_type": 37, "object_id": "6", "object_repr": "test_user2", "action_flag": 1, "change_message": "[{\"added\": {}}]"}}, {"model": "admin.logentry", "pk": 11, "fields": {"action_time": "2023-09-18T20:20:29.883Z", "user": 1, "content_type": 34, "object_id": "1", "object_repr": "UserLanguage object (1)", "action_flag": 1, "change_message": "[{\"added\": {}}]"}}, {"model": "admin.logentry", "pk": 12, "fields": {"action_time": "2023-09-18T20:29:25.088Z", "user": 1, "content_type": 34, "object_id": "2", "object_repr": "UserLanguage object (2)", "action_flag": 1, "change_message": "[{\"added\": {}}]"}}, {"model": "admin.logentry", "pk": 13, "fields": {"action_time": "2023-09-18T20:34:44.861Z", "user": 1, "content_type": 34, "object_id": "3", "object_repr": "Russian (Русский) is native for test_user1", "action_flag": 1, "change_message": "[{\"added\": {}}]"}}, {"model": "admin.logentry", "pk": 14, "fields": {"action_time": "2023-09-18T20:34:55.374Z", "user": 1, "content_type": 34, "object_id": "4", "object_repr": "test_user2 learns English (English)", "action_flag": 1, "change_message": "[{\"added\": {}}]"}}, {"model": "admin.logentry", "pk": 15, "fields": {"action_time": "2023-09-18T20:35:07.525Z", "user": 1, "content_type": 34, "object_id": "5", "object_repr": "Russian (Русский) is native for test_user2", "action_flag": 1, "change_message": "[{\"added\": {}}]"}}, {"model": "admin.logentry", "pk": 16, "fields": {"action_time": "2023-09-18T20:41:02.754Z", "user": 1, "content_type": 20, "object_id": "1", "object_repr": "курс лингволео", "action_flag": 1, "change_message": "[{\"added\": {}}]"}}, {"model": "admin.logentry", "pk": 17, "fields": {"action_time": "2023-09-18T20:41:06.197Z", "user": 1, "content_type": 24, "object_id": "2", "object_repr": "Ambiguos", "action_flag": 1, "change_message": "[{\"added\": {}}]"}}, {"model": "admin.logentry", "pk": 18, "fields": {"action_time": "2023-09-18T20:41:21.577Z", "user": 1, "content_type": 24, "object_id": "2", "object_repr": "Ambiguos", "action_flag": 2, "change_message": "[{\"changed\": {\"fields\": [\"Type\"]}}]"}}, {"model": "admin.logentry", "pk": 19, "fields": {"action_time": "2023-09-18T20:43:23.492Z", "user": 1, "content_type": 20, "object_id": "2", "object_repr": "легкое", "action_flag": 1, "change_message": "[{\"added\": {}}]"}}, {"model": "admin.logentry", "pk": 20, "fields": {"action_time": "2023-09-18T20:43:30.166Z", "user": 1, "content_type": 24, "object_id": "3", "object_repr": "Learn", "action_flag": 1, "change_message": "[{\"added\": {}}]"}}, {"model": "admin.logentry", "pk": 21, "fields": {"action_time": "2023-09-18T20:44:22.288Z", "user": 1, "content_type": 24, "object_id": "4", "object_repr": "Take the mickey", "action_flag": 1, "change_message": "[{\"added\": {}}]"}}, {"model": "admin.logentry", "pk": 22, "fields": {"action_time": "2023-09-18T20:45:11.880Z", "user": 1, "content_type": 20, "object_id": "3", "object_repr": "for job'", "action_flag": 1, "change_message": "[{\"added\": {}}]"}}, {"model": "admin.logentry", "pk": 23, "fields": {"action_time": "2023-09-18T20:45:25.732Z", "user": 1, "content_type": 24, "object_id": "5", "object_repr": "Software", "action_flag": 1, "change_message": "[{\"added\": {}}]"}}, {"model": "admin.logentry", "pk": 24, "fields": {"action_time": "2023-09-18T20:45:35.781Z", "user": 1, "content_type": 20, "object_id": "3", "object_repr": "for job'", "action_flag": 3, "change_message": ""}}, {"model": "admin.logentry", "pk": 25, "fields": {"action_time": "2023-09-18T20:45:50.323Z", "user": 1, "content_type": 20, "object_id": "4", "object_repr": "for job", "action_flag": 1, "change_message": "[{\"added\": {}}]"}}, {"model": "admin.logentry", "pk": 26, "fields": {"action_time": "2023-09-18T20:45:53.946Z", "user": 1, "content_type": 24, "object_id": "5", "object_repr": "Software", "action_flag": 2, "change_message": "[{\"changed\": {\"fields\": [\"Word tags\"]}}]"}}, {"model": "admin.logentry", "pk": 27, "fields": {"action_time": "2023-09-18T20:47:21.462Z", "user": 1, "content_type": 24, "object_id": "6", "object_repr": "Requirements", "action_flag": 1, "change_message": "[{\"added\": {}}]"}}, {"model": "admin.logentry", "pk": 28, "fields": {"action_time": "2023-09-18T20:47:29.450Z", "user": 1, "content_type": 24, "object_id": "5", "object_repr": "Software", "action_flag": 2, "change_message": "[{\"changed\": {\"fields\": [\"Word tags\"]}}]"}}, {"model": "admin.logentry", "pk": 29, "fields": {"action_time": "2023-09-18T20:50:32.521Z", "user": 1, "content_type": 20, "object_id": "5", "object_repr": "разговорное", "action_flag": 1, "change_message": "[{\"added\": {}}]"}}, {"model": "admin.logentry", "pk": 30, "fields": {"action_time": "2023-09-18T20:50:35.231Z", "user": 1, "content_type": 24, "object_id": "7", "object_repr": "Salud", "action_flag": 1, "change_message": "[{\"added\": {}}]"}}, {"model": "admin.logentry", "pk": 31, "fields": {"action_time": "2023-09-18T20:51:45.300Z", "user": 1, "content_type": 24, "object_id": "8", "object_repr": "Tiempo", "action_flag": 1, "change_message": "[{\"added\": {}}]"}}, {"model": "admin.logentry", "pk": 32, "fields": {"action_time": "2023-09-18T20:52:30.949Z", "user": 1, "content_type": 24, "object_id": "9", "object_repr": "Ayer", "action_flag": 1, "change_message": "[{\"added\": {}}]"}}, {"model": "admin.logentry", "pk": 33, "fields": {"action_time": "2023-09-18T20:53:21.784Z", "user": 1, "content_type": 24, "object_id": "4", "object_repr": "Take the mickey", "action_flag": 2, "change_message": "[{\"changed\": {\"fields\": [\"Is the word problematic for you\"]}}]"}}, {"model": "admin.logentry", "pk": 34, "fields": {"action_time": "2023-09-18T20:56:09.184Z", "user": 1, "content_type": 24, "object_id": "10", "object_repr": "End up with", "action_flag": 1, "change_message": "[{\"added\": {}}]"}}, {"model": "admin.logentry", "pk": 35, "fields": {"action_time": "2023-09-18T20:57:07.966Z", "user": 1, "content_type": 24, "object_id": "11", "object_repr": "Hike", "action_flag": 1, "change_message": "[{\"added\": {}}]"}}, {"model": "admin.logentry", "pk": 36, "fields": {"action_time": "2023-09-18T20:57:53.481Z", "user": 1, "content_type": 24, "object_id": "12", "object_repr": "Go to greate lengths", "action_flag": 1, "change_message": "[{\"added\": {}}]"}}, {"model": "admin.logentry", "pk": 37, "fields": {"action_time": "2023-09-18T20:59:35.111Z", "user": 1, "content_type": 24, "object_id": "13", "object_repr": "Non-profit", "action_flag": 1, "change_message": "[{\"added\": {}}]"}}, {"model": "admin.logentry", "pk": 38, "fields": {"action_time": "2023-09-18T20:59:44.492Z", "user": 1, "content_type": 24, "object_id": "2", "object_repr": "Ambiguos", "action_flag": 2, "change_message": "[{\"changed\": {\"fields\": [\"Type\"]}}]"}}, {"model": "admin.logentry", "pk": 39, "fields": {"action_time": "2023-09-18T21:07:24.361Z", "user": 1, "content_type": 23, "object_id": "1", "object_repr": "Please install requirements", "action_flag": 1, "change_message": "[{\"added\": {}}]"}}, {"model": "admin.logentry", "pk": 40, "fields": {"action_time": "2023-09-18T21:07:45.197Z", "user": 1, "content_type": 25, "object_id": "1", "object_repr": "Usage example of `Requirements`: Please install requirements (example was added at 2023-09-18 21:07:45.194727+00:00)", "action_flag": 1, "change_message": "[{\"added\": {}}]"}}, {"model": "admin.logentry", "pk": 41, "fields": {"action_time": "2023-09-18T21:09:54.760Z", "user": 1, "content_type": 23, "object_id": "2", "object_repr": "His phrases were too ambiguous", "action_flag": 1, "change_message": "[{\"added\": {}}]"}}, {"model": "admin.logentry", "pk": 42, "fields": {"action_time": "2023-09-18T21:09:58.790Z", "user": 1, "content_type": 25, "object_id": "2", "object_repr": "Usage example of `Ambiguos`: His phrases were too ambiguous (example was added at 2023-09-18 21:09:58.788691+00:00)", "action_flag": 1, "change_message": "[{\"added\": {}}]"}}, {"model": "admin.logentry", "pk": 43, "fields": {"action_time": "2023-09-18T21:11:43.639Z", "user": 1, "content_type": 23, "object_id": "1", "object_repr": "Please install requirements for this app", "action_flag": 2, "change_message": "[{\"changed\": {\"fields\": [\"Usage example\"]}}]"}}, {"model": "admin.logentry", "pk": 44, "fields": {"action_time": "2023-09-18T21:11:46.087Z", "user": 1, "content_type": 25, "object_id": "1", "object_repr": "Usage example of `Requirements`: Please install requirements for this app (example was added at 2023-09-18 21:07:45.194727+00:00)", "action_flag": 2, "change_message": "[]"}}, {"model": "admin.logentry", "pk": 45, "fields": {"action_time": "2023-09-18T21:14:15.029Z", "user": 1, "content_type": 23, "object_id": "2", "object_repr": "His writing style is often considered ambiguous, making it difficult to understand his intentions", "action_flag": 2, "change_message": "[{\"changed\": {\"fields\": [\"Usage example\"]}}]"}}, {"model": "admin.logentry", "pk": 46, "fields": {"action_time": "2023-09-18T21:14:17.160Z", "user": 1, "content_type": 25, "object_id": "2", "object_repr": "Usage example of `Ambiguos`: His writing style is often considered ambiguous, making it difficult to understand his intentions (example was added at 2023-09-18 21:09:58.788691+00:00)", "action_flag": 2, "change_message": "[]"}}, {"model": "admin.logentry", "pk": 47, "fields": {"action_time": "2023-09-18T21:15:19.134Z", "user": 1, "content_type": 23, "object_id": "3", "object_repr": "The phrase “ambiguous sign” indicated that the road ahead was closed.", "action_flag": 1, "change_message": "[{\"added\": {}}]"}}, {"model": "admin.logentry", "pk": 48, "fields": {"action_time": "2023-09-18T21:15:20.855Z", "user": 1, "content_type": 25, "object_id": "3", "object_repr": "Usage example of `Ambiguos`: The phrase “ambiguous sign” indicated that the road ahead was closed. (example was added at 2023-09-18 21:15:20.853940+00:00)", "action_flag": 1, "change_message": "[{\"added\": {}}]"}}, {"model": "admin.logentry", "pk": 49, "fields": {"action_time": "2023-09-18T21:16:03.360Z", "user": 1, "content_type": 23, "object_id": "4", "object_repr": "The jury’s decision was ambiguous, leaving many questions unanswered.", "action_flag": 1, "change_message": "[{\"added\": {}}]"}}, {"model": "admin.logentry", "pk": 50, "fields": {"action_time": "2023-09-18T21:16:04.974Z", "user": 1, "content_type": 25, "object_id": "4", "object_repr": "Usage example of `Ambiguos`: The jury’s decision was ambiguous, leaving many questions unanswered. (example was added at 2023-09-18 21:16:04.972739+00:00)", "action_flag": 1, "change_message": "[{\"added\": {}}]"}}, {"model": "admin.logentry", "pk": 51, "fields": {"action_time": "2023-09-18T21:17:20.481Z", "user": 1, "content_type": 21, "object_id": "1", "object_repr": "Двусмысленный", "action_flag": 1, "change_message": "[{\"added\": {}}]"}}, {"model": "admin.logentry", "pk": 52, "fields": {"action_time": "2023-09-18T21:17:21.948Z", "user": 1, "content_type": 26, "object_id": "1", "object_repr": "`Ambiguos` is translated as `Двусмысленный` (translation was added at 2023-09-18 21:17:21.945312+00:00)", "action_flag": 1, "change_message": "[{\"added\": {}}]"}}, {"model": "admin.logentry", "pk": 53, "fields": {"action_time": "2023-09-18T21:17:45.474Z", "user": 1, "content_type": 21, "object_id": "2", "object_repr": "Изучать", "action_flag": 1, "change_message": "[{\"added\": {}}]"}}, {"model": "admin.logentry", "pk": 54, "fields": {"action_time": "2023-09-18T21:17:51.120Z", "user": 1, "content_type": 26, "object_id": "2", "object_repr": "`Learn` is translated as `Изучать` (translation was added at 2023-09-18 21:17:51.118099+00:00)", "action_flag": 1, "change_message": "[{\"added\": {}}]"}}, {"model": "admin.logentry", "pk": 55, "fields": {"action_time": "2023-09-18T21:18:47.256Z", "user": 1, "content_type": 21, "object_id": "3", "object_repr": "Сомнительный", "action_flag": 1, "change_message": "[{\"added\": {}}]"}}, {"model": "admin.logentry", "pk": 56, "fields": {"action_time": "2023-09-18T21:18:49.317Z", "user": 1, "content_type": 26, "object_id": "3", "object_repr": "`Ambiguos` is translated as `Сомнительный` (translation was added at 2023-09-18 21:18:49.314501+00:00)", "action_flag": 1, "change_message": "[{\"added\": {}}]"}}, {"model": "admin.logentry", "pk": 57, "fields": {"action_time": "2023-09-18T21:19:31.647Z", "user": 1, "content_type": 21, "object_id": "4", "object_repr": "Требования", "action_flag": 1, "change_message": "[{\"added\": {}}]"}}, {"model": "admin.logentry", "pk": 58, "fields": {"action_time": "2023-09-18T21:19:33.010Z", "user": 1, "content_type": 26, "object_id": "4", "object_repr": "`Requirements` is translated as `Требования` (translation was added at 2023-09-18 21:19:33.008109+00:00)", "action_flag": 1, "change_message": "[{\"added\": {}}]"}}, {"model": "admin.logentry", "pk": 59, "fields": {"action_time": "2023-09-18T21:19:56.290Z", "user": 1, "content_type": 21, "object_id": "5", "object_repr": "Обсуждать кого-то", "action_flag": 1, "change_message": "[{\"added\": {}}]"}}, {"model": "admin.logentry", "pk": 60, "fields": {"action_time": "2023-09-18T21:19:58.346Z", "user": 1, "content_type": 26, "object_id": "5", "object_repr": "`Take the mickey` is translated as `Обсуждать кого-то` (translation was added at 2023-09-18 21:19:58.344808+00:00)", "action_flag": 1, "change_message": "[{\"added\": {}}]"}}, {"model": "admin.logentry", "pk": 61, "fields": {"action_time": "2023-09-18T21:21:36.918Z", "user": 1, "content_type": 21, "object_id": "6", "object_repr": "Bless you", "action_flag": 1, "change_message": "[{\"added\": {}}]"}}, {"model": "admin.logentry", "pk": 62, "fields": {"action_time": "2023-09-18T21:21:43.612Z", "user": 1, "content_type": 26, "object_id": "6", "object_repr": "`Salud` is translated as `Bless you` (translation was added at 2023-09-18 21:21:43.610697+00:00)", "action_flag": 1, "change_message": "[{\"added\": {}}]"}}, {"model": "admin.logentry", "pk": 63, "fields": {"action_time": "2023-09-18T21:22:33.716Z", "user": 1, "content_type": 21, "object_id": "7", "object_repr": "Time", "action_flag": 1, "change_message": "[{\"added\": {}}]"}}, {"model": "admin.logentry", "pk": 64, "fields": {"action_time": "2023-09-18T21:22:52.296Z", "user": 1, "content_type": 26, "object_id": "7", "object_repr": "`Tiempo` is translated as `Time` (translation was added at 2023-09-18 21:22:52.294473+00:00)", "action_flag": 1, "change_message": "[{\"added\": {}}]"}}, {"model": "admin.logentry", "pk": 65, "fields": {"action_time": "2023-09-18T21:24:49.861Z", "user": 1, "content_type": 23, "object_id": "5", "object_repr": "Non-profit institution", "action_flag": 1, "change_message": "[{\"added\": {}}]"}}, {"model": "admin.logentry", "pk": 66, "fields": {"action_time": "2023-09-18T21:24:51.914Z", "user": 1, "content_type": 25, "object_id": "5", "object_repr": "Usage example of `Non-profit`: Non-profit institution (example was added at 2023-09-18 21:24:51.911643+00:00)", "action_flag": 1, "change_message": "[{\"added\": {}}]"}}, {"model": "admin.logentry", "pk": 67, "fields": {"action_time": "2023-09-18T21:25:50.419Z", "user": 1, "content_type": 16, "object_id": "3", "object_repr": "Finish with consequences", "action_flag": 1, "change_message": "[{\"added\": {}}]"}}, {"model": "admin.logentry", "pk": 68, "fields": {"action_time": "2023-09-18T21:25:51.712Z", "user": 1, "content_type": 28, "object_id": "3", "object_repr": "`End up with` means `Finish with consequences` (definition was added at 2023-09-18 21:25:51.710395+00:00)", "action_flag": 1, "change_message": "[{\"added\": {}}]"}}, {"model": "admin.logentry", "pk": 69, "fields": {"action_time": "2023-09-18T21:26:58.711Z", "user": 1, "content_type": 24, "object_id": "14", "object_repr": "Increase", "action_flag": 1, "change_message": "[{\"added\": {}}]"}}, {"model": "admin.logentry", "pk": 70, "fields": {"action_time": "2023-09-18T21:27:01.296Z", "user": 1, "content_type": 19, "object_id": "1", "object_repr": "`Hike` is synonym for `Increase`", "action_flag": 1, "change_message": "[{\"added\": {}}]"}}, {"model": "admin.logentry", "pk": 71, "fields": {"action_time": "2023-09-18T21:29:26.434Z", "user": 1, "content_type": 24, "object_id": "15", "object_repr": "Do your best", "action_flag": 1, "change_message": "[{\"added\": {}}]"}}, {"model": "admin.logentry", "pk": 72, "fields": {"action_time": "2023-09-18T21:29:27.935Z", "user": 1, "content_type": 19, "object_id": "2", "object_repr": "`Go to greate lengths` is synonym for `Do your best`", "action_flag": 1, "change_message": "[{\"added\": {}}]"}}, {"model": "admin.logentry", "pk": 73, "fields": {"action_time": "2023-09-28T11:30:31.666Z", "user": 1, "content_type": 21, "object_id": "8", "object_repr": "Кот", "action_flag": 1, "change_message": "[{\"added\": {}}]"}}, {"model": "admin.logentry", "pk": 74, "fields": {"action_time": "2023-09-28T11:30:59.232Z", "user": 1, "content_type": 24, "object_id": "16", "object_repr": "Cat", "action_flag": 1, "change_message": "[{\"added\": {}}, {\"added\": {\"name\": \"Word translation\", \"object\": \"`Cat` is translated as `\\u041a\\u043e\\u0442` (translation was added at 2023-09-28 11:30:59.222436+00:00)\"}}]"}}, {"model": "admin.logentry", "pk": 75, "fields": {"action_time": "2023-09-28T11:31:27.871Z", "user": 1, "content_type": 24, "object_id": "16", "object_repr": "Cat", "action_flag": 2, "change_message": "[{\"added\": {\"name\": \"Synonyms\", \"object\": \"`Do your best` is synonym for `Cat`\"}}]"}}, {"model": "admin.logentry", "pk": 76, "fields": {"action_time": "2023-09-28T11:34:51.578Z", "user": 1, "content_type": 24, "object_id": "16", "object_repr": "Cat", "action_flag": 2, "change_message": "[{\"added\": {\"name\": \"Synonyms\", \"object\": \"`Increase` is synonym for `Cat`\"}}]"}}, {"model": "admin.logentry", "pk": 77, "fields": {"action_time": "2023-09-28T11:43:14.616Z", "user": 1, "content_type": 24, "object_id": "16", "object_repr": "Cat", "action_flag": 2, "change_message": "[{\"added\": {\"name\": \"Synonyms\", \"object\": \"`Hike` is synonym for `Cat`\"}}]"}}, {"model": "admin.logentry", "pk": 78, "fields": {"action_time": "2023-10-11T17:51:24.683Z", "user": 1, "content_type": 37, "object_id": "3", "object_repr": "test_user2", "action_flag": 2, "change_message": "[{\"changed\": {\"fields\": [\"Password\"]}}]"}}, {"model": "admin.logentry", "pk": 79, "fields": {"action_time": "2023-10-11T17:51:55.162Z", "user": 1, "content_type": 37, "object_id": "3", "object_repr": "test_user2", "action_flag": 2, "change_message": "[{\"changed\": {\"fields\": [\"Password\"]}}]"}}, {"model": "admin.logentry", "pk": 80, "fields": {"action_time": "2023-10-11T17:52:05.912Z", "user": 1, "content_type": 37, "object_id": "5", "object_repr": "test_user4", "action_flag": 3, "change_message": ""}}, {"model": "admin.logentry", "pk": 81, "fields": {"action_time": "2023-10-11T18:23:19.486Z", "user": 1, "content_type": 21, "object_id": "10", "object_repr": "Увеличить", "action_flag": 1, "change_message": "[{\"added\": {}}]"}}, {"model": "admin.logentry", "pk": 82, "fields": {"action_time": "2023-10-11T18:23:24.837Z", "user": 1, "content_type": 24, "object_id": "14", "object_repr": "Increase", "action_flag": 2, "change_message": "[{\"changed\": {\"fields\": [\"Author\", \"Type\"]}}, {\"added\": {\"name\": \"Word translation\", \"object\": \"`Increase` is translated as `\\u0423\\u0432\\u0435\\u043b\\u0438\\u0447\\u0438\\u0442\\u044c` (translation was added at 2023-10-11 18:23:24.835341+00:00)\"}}]"}}, {"model": "admin.logentry", "pk": 83, "fields": {"action_time": "2023-10-11T18:24:08.871Z", "user": 1, "content_type": 21, "object_id": "11", "object_repr": "Делать все возможное", "action_flag": 1, "change_message": "[{\"added\": {}}]"}}, {"model": "admin.logentry", "pk": 84, "fields": {"action_time": "2023-10-11T18:24:15.343Z", "user": 1, "content_type": 24, "object_id": "15", "object_repr": "Do your best", "action_flag": 2, "change_message": "[{\"changed\": {\"fields\": [\"Author\", \"Type\"]}}, {\"added\": {\"name\": \"Word translation\", \"object\": \"`Do your best` is translated as `\\u0414\\u0435\\u043b\\u0430\\u0442\\u044c \\u0432\\u0441\\u0435 \\u0432\\u043e\\u0437\\u043c\\u043e\\u0436\\u043d\\u043e\\u0435` (translation was added at 2023-10-11 18:24:15.341556+00:00)\"}}]"}}, {"model": "admin.logentry", "pk": 85, "fields": {"action_time": "2023-10-11T18:24:52.319Z", "user": 1, "content_type": 21, "object_id": "12", "object_repr": "Некоммерческий", "action_flag": 1, "change_message": "[{\"added\": {}}]"}}, {"model": "admin.logentry", "pk": 86, "fields": {"action_time": "2023-10-11T18:25:02.041Z", "user": 1, "content_type": 24, "object_id": "13", "object_repr": "Non-profit", "action_flag": 2, "change_message": "[{\"changed\": {\"fields\": [\"Type\"]}}, {\"added\": {\"name\": \"Word translation\", \"object\": \"`Non-profit` is translated as `\\u041d\\u0435\\u043a\\u043e\\u043c\\u043c\\u0435\\u0440\\u0447\\u0435\\u0441\\u043a\\u0438\\u0439` (translation was added at 2023-10-11 18:25:02.039396+00:00)\"}}]"}}, {"model": "admin.logentry", "pk": 87, "fields": {"action_time": "2023-10-11T18:26:38.333Z", "user": 1, "content_type": 24, "object_id": "12", "object_repr": "Go to greate lengths", "action_flag": 2, "change_message": "[{\"changed\": {\"fields\": [\"Author\", \"Type\"]}}, {\"added\": {\"name\": \"Word translation\", \"object\": \"`Go to greate lengths` is translated as `\\u0414\\u0435\\u043b\\u0430\\u0442\\u044c \\u0432\\u0441\\u0435 \\u0432\\u043e\\u0437\\u043c\\u043e\\u0436\\u043d\\u043e\\u0435` (translation was added at 2023-10-11 18:26:38.330427+00:00)\"}}]"}}, {"model": "admin.logentry", "pk": 88, "fields": {"action_time": "2023-10-11T18:27:21.170Z", "user": 1, "content_type": 21, "object_id": "13", "object_repr": "Подниматься", "action_flag": 1, "change_message": "[{\"added\": {}}]"}}, {"model": "admin.logentry", "pk": 89, "fields": {"action_time": "2023-10-11T18:27:29.337Z", "user": 1, "content_type": 24, "object_id": "11", "object_repr": "Hike", "action_flag": 2, "change_message": "[{\"changed\": {\"fields\": [\"Author\", \"Type\"]}}, {\"added\": {\"name\": \"Word translation\", \"object\": \"`Hike` is translated as `\\u041f\\u043e\\u0434\\u043d\\u0438\\u043c\\u0430\\u0442\\u044c\\u0441\\u044f` (translation was added at 2023-10-11 18:27:29.334591+00:00)\"}}]"}}, {"model": "admin.logentry", "pk": 90, "fields": {"action_time": "2023-10-11T18:28:27.985Z", "user": 1, "content_type": 21, "object_id": "14", "object_repr": "Завершиться чем-то", "action_flag": 1, "change_message": "[{\"added\": {}}]"}}, {"model": "admin.logentry", "pk": 91, "fields": {"action_time": "2023-10-11T18:28:34.033Z", "user": 1, "content_type": 24, "object_id": "10", "object_repr": "End up with", "action_flag": 2, "change_message": "[{\"changed\": {\"fields\": [\"Author\", \"Type\"]}}, {\"added\": {\"name\": \"Word translation\", \"object\": \"`End up with` is translated as `\\u0417\\u0430\\u0432\\u0435\\u0440\\u0448\\u0438\\u0442\\u044c\\u0441\\u044f \\u0447\\u0435\\u043c-\\u0442\\u043e` (translation was added at 2023-10-11 18:28:34.028615+00:00)\"}}]"}}, {"model": "admin.logentry", "pk": 92, "fields": {"action_time": "2023-10-11T18:29:06.331Z", "user": 1, "content_type": 24, "object_id": "13", "object_repr": "Non-profit", "action_flag": 2, "change_message": "[{\"changed\": {\"fields\": [\"Author\"]}}]"}}, {"model": "admin.logentry", "pk": 93, "fields": {"action_time": "2023-10-11T18:29:26.310Z", "user": 1, "content_type": 19, "object_id": "1", "object_repr": "`Hike` is synonym for `Increase`", "action_flag": 2, "change_message": "[{\"changed\": {\"fields\": [\"Author\"]}}]"}}, {"model": "admin.logentry", "pk": 94, "fields": {"action_time": "2023-10-11T18:29:37.267Z", "user": 1, "content_type": 19, "object_id": "2", "object_repr": "`Go to greate lengths` is synonym for `Do your best`", "action_flag": 2, "change_message": "[{\"changed\": {\"fields\": [\"Author\"]}}]"}}, {"model": "admin.logentry", "pk": 95, "fields": {"action_time": "2023-10-11T18:30:11.470Z", "user": 1, "content_type": 16, "object_id": "3", "object_repr": "Finish with consequences", "action_flag": 2, "change_message": "[{\"changed\": {\"fields\": [\"Author\"]}}]"}}, {"model": "admin.logentry", "pk": 96, "fields": {"action_time": "2023-10-11T18:30:30.762Z", "user": 1, "content_type": 23, "object_id": "5", "object_repr": "Non-profit institution", "action_flag": 2, "change_message": "[{\"changed\": {\"fields\": [\"Author\"]}}]"}}, {"model": "admin.logentry", "pk": 97, "fields": {"action_time": "2023-10-11T18:31:08.792Z", "user": 1, "content_type": 34, "object_id": "5", "object_repr": "Russian (Русский) is native for test_user2", "action_flag": 3, "change_message": ""}}, {"model": "admin.logentry", "pk": 98, "fields": {"action_time": "2023-10-11T18:31:08.794Z", "user": 1, "content_type": 34, "object_id": "4", "object_repr": "test_user2 studies English (English)", "action_flag": 3, "change_message": ""}}, {"model": "admin.logentry", "pk": 99, "fields": {"action_time": "2023-10-11T18:31:15.049Z", "user": 1, "content_type": 34, "object_id": "3", "object_repr": "Russian (Русский) is native for test_user3", "action_flag": 2, "change_message": "[{\"changed\": {\"fields\": [\"User\"]}}]"}}, {"model": "admin.logentry", "pk": 100, "fields": {"action_time": "2023-10-11T18:31:21.266Z", "user": 1, "content_type": 34, "object_id": "2", "object_repr": "test_user3 studies Spanish (español)", "action_flag": 2, "change_message": "[{\"changed\": {\"fields\": [\"User\"]}}]"}}, {"model": "admin.logentry", "pk": 101, "fields": {"action_time": "2023-10-11T18:31:28.434Z", "user": 1, "content_type": 34, "object_id": "1", "object_repr": "test_user3 studies English (English)", "action_flag": 2, "change_message": "[{\"changed\": {\"fields\": [\"User\"]}}]"}}, {"model": "admin.logentry", "pk": 102, "fields": {"action_time": "2023-10-11T18:33:06.630Z", "user": 1, "content_type": 37, "object_id": "3", "object_repr": "test_user2", "action_flag": 3, "change_message": ""}}, {"model": "admin.logentry", "pk": 103, "fields": {"action_time": "2023-10-11T18:33:33.098Z", "user": 1, "content_type": 37, "object_id": "4", "object_repr": "test_user2", "action_flag": 2, "change_message": "[{\"changed\": {\"fields\": [\"Username\", \"\\u0410\\u0434\\u0440\\u0435\\u0441 \\u044d\\u043b\\u0435\\u043a\\u0442\\u0440\\u043e\\u043d\\u043d\\u043e\\u0439 \\u043f\\u043e\\u0447\\u0442\\u044b\", \"Slug\"]}}]"}}, {"model": "admin.logentry", "pk": 104, "fields": {"action_time": "2023-10-12T08:18:17.757Z", "user": 1, "content_type": 34, "object_id": "2", "object_repr": "test_user1 studies Spanish (español)", "action_flag": 2, "change_message": "[{\"changed\": {\"fields\": [\"User\"]}}]"}}, {"model": "admin.logentry", "pk": 105, "fields": {"action_time": "2023-10-12T08:18:29.071Z", "user": 1, "content_type": 34, "object_id": "6", "object_repr": "test_user1 studies English (English)", "action_flag": 1, "change_message": "[{\"added\": {}}]"}}, {"model": "admin.logentry", "pk": 106, "fields": {"action_time": "2023-10-12T08:18:58.001Z", "user": 1, "content_type": 34, "object_id": "7", "object_repr": "Russian (Русский) is native for test_user1", "action_flag": 1, "change_message": "[{\"added\": {}}]"}}, {"model": "admin.logentry", "pk": 107, "fields": {"action_time": "2023-10-12T08:20:47.175Z", "user": 1, "content_type": 15, "object_id": "1", "object_repr": "For work (0 words)", "action_flag": 1, "change_message": "[{\"added\": {}}]"}}, {"model": "admin.logentry", "pk": 108, "fields": {"action_time": "2023-10-12T08:30:48.074Z", "user": 1, "content_type": 27, "object_id": "1", "object_repr": "Word `Software` was added to collection `For work (1 words)` at 2023-10-12 08:30:48.014069+00:00", "action_flag": 1, "change_message": "[{\"added\": {}}]"}}, {"model": "admin.logentry", "pk": 109, "fields": {"action_time": "2023-10-12T08:31:15.763Z", "user": 1, "content_type": 27, "object_id": "2", "object_repr": "Word `Requirements` was added to collection `For work (2 words)` at 2023-10-12 08:31:15.331286+00:00", "action_flag": 1, "change_message": "[{\"added\": {}}]"}}, {"model": "admin.logentry", "pk": 110, "fields": {"action_time": "2023-10-12T08:33:34.983Z", "user": 1, "content_type": 16, "object_id": "4", "object_repr": "a set of computer programs and associated documentation and data", "action_flag": 1, "change_message": "[{\"added\": {}}]"}}, {"model": "admin.logentry", "pk": 111, "fields": {"action_time": "2023-10-12T08:34:16.924Z", "user": 1, "content_type": 21, "object_id": "15", "object_repr": "ПО", "action_flag": 1, "change_message": "[{\"added\": {}}]"}}, {"model": "admin.logentry", "pk": 112, "fields": {"action_time": "2023-10-12T08:34:21.541Z", "user": 1, "content_type": 24, "object_id": "5", "object_repr": "Software", "action_flag": 2, "change_message": "[{\"changed\": {\"fields\": [\"Type\"]}}, {\"added\": {\"name\": \"Word translation\", \"object\": \"`Software` is translated as `\\u041f\\u041e` (translation was added at 2023-10-12 08:34:21.539483+00:00)\"}}, {\"added\": {\"name\": \"Word definition\", \"object\": \"`Software` means `a set of computer programs and associated documentation and data` (definition was added at 2023-10-12 08:34:21.540483+00:00)\"}}]"}}, {"model": "admin.logentry", "pk": 113, "fields": {"action_time": "2023-10-12T08:34:53.371Z", "user": 1, "content_type": 24, "object_id": "2", "object_repr": "Ambiguos", "action_flag": 2, "change_message": "[{\"changed\": {\"fields\": [\"Type\"]}}]"}}, {"model": "admin.logentry", "pk": 114, "fields": {"action_time": "2023-10-12T08:35:02.526Z", "user": 1, "content_type": 24, "object_id": "3", "object_repr": "Learn", "action_flag": 2, "change_message": "[{\"changed\": {\"fields\": [\"Type\"]}}]"}}, {"model": "admin.logentry", "pk": 115, "fields": {"action_time": "2023-10-12T08:35:16.642Z", "user": 1, "content_type": 24, "object_id": "4", "object_repr": "Take the mickey", "action_flag": 2, "change_message": "[{\"changed\": {\"fields\": [\"Type\"]}}]"}}, {"model": "admin.logentry", "pk": 116, "fields": {"action_time": "2023-10-12T08:35:39.320Z", "user": 1, "content_type": 24, "object_id": "6", "object_repr": "Requirements", "action_flag": 2, "change_message": "[{\"changed\": {\"fields\": [\"Type\"]}}]"}}, {"model": "admin.logentry", "pk": 117, "fields": {"action_time": "2023-10-12T08:35:52.181Z", "user": 1, "content_type": 24, "object_id": "8", "object_repr": "Tiempo", "action_flag": 2, "change_message": "[{\"changed\": {\"fields\": [\"Type\"]}}]"}}, {"model": "admin.logentry", "pk": 118, "fields": {"action_time": "2023-11-04T09:37:22.655Z", "user": 1, "content_type": 22, "object_id": "19", "object_repr": "Пословица", "action_flag": 2, "change_message": "[{\"changed\": {\"fields\": [\"Type name [ru]\", \"Type name [en]\"]}}]"}}, {"model": "admin.logentry", "pk": 119, "fields": {"action_time": "2023-11-04T09:37:52.517Z", "user": 1, "content_type": 22, "object_id": "18", "object_repr": "Словосочетание", "action_flag": 2, "change_message": "[{\"changed\": {\"fields\": [\"Type name [ru]\", \"Type name [en]\"]}}]"}}, {"model": "admin.logentry", "pk": 120, "fields": {"action_time": "2023-11-04T09:38:03.464Z", "user": 1, "content_type": 22, "object_id": "17", "object_repr": "Цитата", "action_flag": 2, "change_message": "[{\"changed\": {\"fields\": [\"Type name [ru]\", \"Type name [en]\"]}}]"}}, {"model": "admin.logentry", "pk": 121, "fields": {"action_time": "2023-11-04T09:38:14.002Z", "user": 1, "content_type": 22, "object_id": "16", "object_repr": "Идиома", "action_flag": 2, "change_message": "[{\"changed\": {\"fields\": [\"Type name [ru]\", \"Type name [en]\"]}}]"}}, {"model": "admin.logentry", "pk": 122, "fields": {"action_time": "2023-11-04T09:38:26.946Z", "user": 1, "content_type": 22, "object_id": "15", "object_repr": "Фраза", "action_flag": 2, "change_message": "[{\"changed\": {\"fields\": [\"Type name [ru]\", \"Type name [en]\"]}}]"}}, {"model": "admin.logentry", "pk": 123, "fields": {"action_time": "2023-11-04T09:44:15.064Z", "user": 1, "content_type": 22, "object_id": "14", "object_repr": "Междометие", "action_flag": 2, "change_message": "[{\"changed\": {\"fields\": [\"Type name [ru]\", \"Type name [en]\"]}}]"}}, {"model": "admin.logentry", "pk": 124, "fields": {"action_time": "2023-11-04T09:44:24.765Z", "user": 1, "content_type": 22, "object_id": "13", "object_repr": "Числительное", "action_flag": 2, "change_message": "[{\"changed\": {\"fields\": [\"Type name [ru]\"]}}]"}}, {"model": "admin.logentry", "pk": 125, "fields": {"action_time": "2023-11-04T09:44:30.699Z", "user": 1, "content_type": 22, "object_id": "13", "object_repr": "Числительное", "action_flag": 2, "change_message": "[{\"changed\": {\"fields\": [\"Type name [en]\"]}}]"}}, {"model": "admin.logentry", "pk": 126, "fields": {"action_time": "2023-11-04T09:44:43.961Z", "user": 1, "content_type": 22, "object_id": "12", "object_repr": "Предикатив", "action_flag": 2, "change_message": "[{\"changed\": {\"fields\": [\"Type name [ru]\", \"Type name [en]\"]}}]"}}, {"model": "admin.logentry", "pk": 127, "fields": {"action_time": "2023-11-04T09:44:55.925Z", "user": 1, "content_type": 22, "object_id": "11", "object_repr": "Артикль", "action_flag": 2, "change_message": "[{\"changed\": {\"fields\": [\"Type name [ru]\", \"Type name [en]\"]}}]"}}, {"model": "admin.logentry", "pk": 128, "fields": {"action_time": "2023-11-04T09:45:12.463Z", "user": 1, "content_type": 22, "object_id": "10", "object_repr": "Деепричастие", "action_flag": 2, "change_message": "[{\"changed\": {\"fields\": [\"Type name [ru]\", \"Type name [en]\"]}}]"}}, {"model": "admin.logentry", "pk": 129, "fields": {"action_time": "2023-11-04T09:45:29.975Z", "user": 1, "content_type": 22, "object_id": "9", "object_repr": "Причастие", "action_flag": 2, "change_message": "[{\"changed\": {\"fields\": [\"Type name [ru]\", \"Type name [en]\"]}}]"}}, {"model": "admin.logentry", "pk": 130, "fields": {"action_time": "2023-11-04T09:45:41.271Z", "user": 1, "content_type": 22, "object_id": "8", "object_repr": "Particle", "action_flag": 2, "change_message": "[{\"changed\": {\"fields\": [\"Type name [en]\"]}}]"}}, {"model": "admin.logentry", "pk": 131, "fields": {"action_time": "2023-11-04T09:45:54.469Z", "user": 1, "content_type": 22, "object_id": "8", "object_repr": "Частица", "action_flag": 2, "change_message": "[{\"changed\": {\"fields\": [\"Type name [ru]\", \"Type name [en]\"]}}]"}}, {"model": "admin.logentry", "pk": 132, "fields": {"action_time": "2023-11-04T09:46:04.237Z", "user": 1, "content_type": 22, "object_id": "7", "object_repr": "Союз", "action_flag": 2, "change_message": "[{\"changed\": {\"fields\": [\"Type name [ru]\", \"Type name [en]\"]}}]"}}, {"model": "admin.logentry", "pk": 133, "fields": {"action_time": "2023-11-04T09:46:23.395Z", "user": 1, "content_type": 22, "object_id": "6", "object_repr": "Предлог", "action_flag": 2, "change_message": "[{\"changed\": {\"fields\": [\"Type name [ru]\", \"Type name [en]\"]}}]"}}, {"model": "admin.logentry", "pk": 134, "fields": {"action_time": "2023-11-04T09:46:45.603Z", "user": 1, "content_type": 22, "object_id": "5", "object_repr": "Местоимение", "action_flag": 2, "change_message": "[{\"changed\": {\"fields\": [\"Type name [ru]\", \"Type name [en]\"]}}]"}}, {"model": "admin.logentry", "pk": 135, "fields": {"action_time": "2023-11-04T09:47:09.280Z", "user": 1, "content_type": 22, "object_id": "4", "object_repr": "Наречие", "action_flag": 2, "change_message": "[{\"changed\": {\"fields\": [\"Type name [ru]\", \"Type name [en]\"]}}]"}}, {"model": "admin.logentry", "pk": 136, "fields": {"action_time": "2023-11-04T09:47:24.017Z", "user": 1, "content_type": 22, "object_id": "3", "object_repr": "Прилагательное", "action_flag": 2, "change_message": "[{\"changed\": {\"fields\": [\"Type name [ru]\", \"Type name [en]\"]}}]"}}, {"model": "admin.logentry", "pk": 137, "fields": {"action_time": "2023-11-04T09:47:35.669Z", "user": 1, "content_type": 22, "object_id": "2", "object_repr": "Глагол", "action_flag": 2, "change_message": "[{\"changed\": {\"fields\": [\"Type name [ru]\", \"Type name [en]\"]}}]"}}, {"model": "admin.logentry", "pk": 138, "fields": {"action_time": "2023-11-04T09:47:54.171Z", "user": 1, "content_type": 22, "object_id": "1", "object_repr": "Существительное", "action_flag": 2, "change_message": "[{\"changed\": {\"fields\": [\"Type name [ru]\", \"Type name [en]\"]}}]"}}, {"model": "auth.permission", "pk": 1, "fields": {"name": "Can add log entry", "content_type": 1, "codename": "add_logentry"}}, {"model": "auth.permission", "pk": 2, "fields": {"name": "Can change log entry", "content_type": 1, "codename": "change_logentry"}}, {"model": "auth.permission", "pk": 3, "fields": {"name": "Can delete log entry", "content_type": 1, "codename": "delete_logentry"}}, {"model": "auth.permission", "pk": 4, "fields": {"name": "Can view log entry", "content_type": 1, "codename": "view_logentry"}}, {"model": "auth.permission", "pk": 5, "fields": {"name": "Can add permission", "content_type": 2, "codename": "add_permission"}}, {"model": "auth.permission", "pk": 6, "fields": {"name": "Can change permission", "content_type": 2, "codename": "change_permission"}}, {"model": "auth.permission", "pk": 7, "fields": {"name": "Can delete permission", "content_type": 2, "codename": "delete_permission"}}, {"model": "auth.permission", "pk": 8, "fields": {"name": "Can view permission", "content_type": 2, "codename": "view_permission"}}, {"model": "auth.permission", "pk": 9, "fields": {"name": "Can add group", "content_type": 3, "codename": "add_group"}}, {"model": "auth.permission", "pk": 10, "fields": {"name": "Can change group", "content_type": 3, "codename": "change_group"}}, {"model": "auth.permission", "pk": 11, "fields": {"name": "Can delete group", "content_type": 3, "codename": "delete_group"}}, {"model": "auth.permission", "pk": 12, "fields": {"name": "Can view group", "content_type": 3, "codename": "view_group"}}, {"model": "auth.permission", "pk": 13, "fields": {"name": "Can add content type", "content_type": 4, "codename": "add_contenttype"}}, {"model": "auth.permission", "pk": 14, "fields": {"name": "Can change content type", "content_type": 4, "codename": "change_contenttype"}}, {"model": "auth.permission", "pk": 15, "fields": {"name": "Can delete content type", "content_type": 4, "codename": "delete_contenttype"}}, {"model": "auth.permission", "pk": 16, "fields": {"name": "Can view content type", "content_type": 4, "codename": "view_contenttype"}}, {"model": "auth.permission", "pk": 17, "fields": {"name": "Can add session", "content_type": 5, "codename": "add_session"}}, {"model": "auth.permission", "pk": 18, "fields": {"name": "Can change session", "content_type": 5, "codename": "change_session"}}, {"model": "auth.permission", "pk": 19, "fields": {"name": "Can delete session", "content_type": 5, "codename": "delete_session"}}, {"model": "auth.permission", "pk": 20, "fields": {"name": "Can view session", "content_type": 5, "codename": "view_session"}}, {"model": "auth.permission", "pk": 21, "fields": {"name": "Can add site", "content_type": 6, "codename": "add_site"}}, {"model": "auth.permission", "pk": 22, "fields": {"name": "Can change site", "content_type": 6, "codename": "change_site"}}, {"model": "auth.permission", "pk": 23, "fields": {"name": "Can delete site", "content_type": 6, "codename": "delete_site"}}, {"model": "auth.permission", "pk": 24, "fields": {"name": "Can view site", "content_type": 6, "codename": "view_site"}}, {"model": "auth.permission", "pk": 25, "fields": {"name": "Can add Token", "content_type": 7, "codename": "add_token"}}, {"model": "auth.permission", "pk": 26, "fields": {"name": "Can change Token", "content_type": 7, "codename": "change_token"}}, {"model": "auth.permission", "pk": 27, "fields": {"name": "Can delete Token", "content_type": 7, "codename": "delete_token"}}, {"model": "auth.permission", "pk": 28, "fields": {"name": "Can view Token", "content_type": 7, "codename": "view_token"}}, {"model": "auth.permission", "pk": 29, "fields": {"name": "Can add token", "content_type": 8, "codename": "add_tokenproxy"}}, {"model": "auth.permission", "pk": 30, "fields": {"name": "Can change token", "content_type": 8, "codename": "change_tokenproxy"}}, {"model": "auth.permission", "pk": 31, "fields": {"name": "Can delete token", "content_type": 8, "codename": "delete_tokenproxy"}}, {"model": "auth.permission", "pk": 32, "fields": {"name": "Can view token", "content_type": 8, "codename": "view_tokenproxy"}}, {"model": "auth.permission", "pk": 33, "fields": {"name": "Can add email address", "content_type": 9, "codename": "add_emailaddress"}}, {"model": "auth.permission", "pk": 34, "fields": {"name": "Can change email address", "content_type": 9, "codename": "change_emailaddress"}}, {"model": "auth.permission", "pk": 35, "fields": {"name": "Can delete email address", "content_type": 9, "codename": "delete_emailaddress"}}, {"model": "auth.permission", "pk": 36, "fields": {"name": "Can view email address", "content_type": 9, "codename": "view_emailaddress"}}, {"model": "auth.permission", "pk": 37, "fields": {"name": "Can add email confirmation", "content_type": 10, "codename": "add_emailconfirmation"}}, {"model": "auth.permission", "pk": 38, "fields": {"name": "Can change email confirmation", "content_type": 10, "codename": "change_emailconfirmation"}}, {"model": "auth.permission", "pk": 39, "fields": {"name": "Can delete email confirmation", "content_type": 10, "codename": "delete_emailconfirmation"}}, {"model": "auth.permission", "pk": 40, "fields": {"name": "Can view email confirmation", "content_type": 10, "codename": "view_emailconfirmation"}}, {"model": "auth.permission", "pk": 41, "fields": {"name": "Can add social account", "content_type": 11, "codename": "add_socialaccount"}}, {"model": "auth.permission", "pk": 42, "fields": {"name": "Can change social account", "content_type": 11, "codename": "change_socialaccount"}}, {"model": "auth.permission", "pk": 43, "fields": {"name": "Can delete social account", "content_type": 11, "codename": "delete_socialaccount"}}, {"model": "auth.permission", "pk": 44, "fields": {"name": "Can view social account", "content_type": 11, "codename": "view_socialaccount"}}, {"model": "auth.permission", "pk": 45, "fields": {"name": "Can add social application", "content_type": 12, "codename": "add_socialapp"}}, {"model": "auth.permission", "pk": 46, "fields": {"name": "Can change social application", "content_type": 12, "codename": "change_socialapp"}}, {"model": "auth.permission", "pk": 47, "fields": {"name": "Can delete social application", "content_type": 12, "codename": "delete_socialapp"}}, {"model": "auth.permission", "pk": 48, "fields": {"name": "Can view social application", "content_type": 12, "codename": "view_socialapp"}}, {"model": "auth.permission", "pk": 49, "fields": {"name": "Can add social application token", "content_type": 13, "codename": "add_socialtoken"}}, {"model": "auth.permission", "pk": 50, "fields": {"name": "Can change social application token", "content_type": 13, "codename": "change_socialtoken"}}, {"model": "auth.permission", "pk": 51, "fields": {"name": "Can delete social application token", "content_type": 13, "codename": "delete_socialtoken"}}, {"model": "auth.permission", "pk": 52, "fields": {"name": "Can view social application token", "content_type": 13, "codename": "view_socialtoken"}}, {"model": "auth.permission", "pk": 53, "fields": {"name": "Can add Antonym", "content_type": 14, "codename": "add_antonym"}}, {"model": "auth.permission", "pk": 54, "fields": {"name": "Can change Antonym", "content_type": 14, "codename": "change_antonym"}}, {"model": "auth.permission", "pk": 55, "fields": {"name": "Can delete Antonym", "content_type": 14, "codename": "delete_antonym"}}, {"model": "auth.permission", "pk": 56, "fields": {"name": "Can view Antonym", "content_type": 14, "codename": "view_antonym"}}, {"model": "auth.permission", "pk": 57, "fields": {"name": "Can add Collection", "content_type": 15, "codename": "add_collection"}}, {"model": "auth.permission", "pk": 58, "fields": {"name": "Can change Collection", "content_type": 15, "codename": "change_collection"}}, {"model": "auth.permission", "pk": 59, "fields": {"name": "Can delete Collection", "content_type": 15, "codename": "delete_collection"}}, {"model": "auth.permission", "pk": 60, "fields": {"name": "Can view Collection", "content_type": 15, "codename": "view_collection"}}, {"model": "auth.permission", "pk": 61, "fields": {"name": "Can add Definition", "content_type": 16, "codename": "add_definition"}}, {"model": "auth.permission", "pk": 62, "fields": {"name": "Can change Definition", "content_type": 16, "codename": "change_definition"}}, {"model": "auth.permission", "pk": 63, "fields": {"name": "Can delete Definition", "content_type": 16, "codename": "delete_definition"}}, {"model": "auth.permission", "pk": 64, "fields": {"name": "Can view Definition", "content_type": 16, "codename": "view_definition"}}, {"model": "auth.permission", "pk": 65, "fields": {"name": "Can add Form", "content_type": 17, "codename": "add_form"}}, {"model": "auth.permission", "pk": 66, "fields": {"name": "Can change Form", "content_type": 17, "codename": "change_form"}}, {"model": "auth.permission", "pk": 67, "fields": {"name": "Can delete Form", "content_type": 17, "codename": "delete_form"}}, {"model": "auth.permission", "pk": 68, "fields": {"name": "Can view Form", "content_type": 17, "codename": "view_form"}}, {"model": "auth.permission", "pk": 69, "fields": {"name": "Can add Similar", "content_type": 18, "codename": "add_similar"}}, {"model": "auth.permission", "pk": 70, "fields": {"name": "Can change Similar", "content_type": 18, "codename": "change_similar"}}, {"model": "auth.permission", "pk": 71, "fields": {"name": "Can delete Similar", "content_type": 18, "codename": "delete_similar"}}, {"model": "auth.permission", "pk": 72, "fields": {"name": "Can view Similar", "content_type": 18, "codename": "view_similar"}}, {"model": "auth.permission", "pk": 73, "fields": {"name": "Can add Synonyms", "content_type": 19, "codename": "add_synonym"}}, {"model": "auth.permission", "pk": 74, "fields": {"name": "Can change Synonyms", "content_type": 19, "codename": "change_synonym"}}, {"model": "auth.permission", "pk": 75, "fields": {"name": "Can delete Synonyms", "content_type": 19, "codename": "delete_synonym"}}, {"model": "auth.permission", "pk": 76, "fields": {"name": "Can view Synonyms", "content_type": 19, "codename": "view_synonym"}}, {"model": "auth.permission", "pk": 77, "fields": {"name": "Can add Tag", "content_type": 20, "codename": "add_tag"}}, {"model": "auth.permission", "pk": 78, "fields": {"name": "Can change Tag", "content_type": 20, "codename": "change_tag"}}, {"model": "auth.permission", "pk": 79, "fields": {"name": "Can delete Tag", "content_type": 20, "codename": "delete_tag"}}, {"model": "auth.permission", "pk": 80, "fields": {"name": "Can view Tag", "content_type": 20, "codename": "view_tag"}}, {"model": "auth.permission", "pk": 81, "fields": {"name": "Can add Translation", "content_type": 21, "codename": "add_translation"}}, {"model": "auth.permission", "pk": 82, "fields": {"name": "Can change Translation", "content_type": 21, "codename": "change_translation"}}, {"model": "auth.permission", "pk": 83, "fields": {"name": "Can delete Translation", "content_type": 21, "codename": "delete_translation"}}, {"model": "auth.permission", "pk": 84, "fields": {"name": "Can view Translation", "content_type": 21, "codename": "view_translation"}}, {"model": "auth.permission", "pk": 85, "fields": {"name": "Can add Type", "content_type": 22, "codename": "add_type"}}, {"model": "auth.permission", "pk": 86, "fields": {"name": "Can change Type", "content_type": 22, "codename": "change_type"}}, {"model": "auth.permission", "pk": 87, "fields": {"name": "Can delete Type", "content_type": 22, "codename": "delete_type"}}, {"model": "auth.permission", "pk": 88, "fields": {"name": "Can view Type", "content_type": 22, "codename": "view_type"}}, {"model": "auth.permission", "pk": 89, "fields": {"name": "Can add Usage example", "content_type": 23, "codename": "add_usageexample"}}, {"model": "auth.permission", "pk": 90, "fields": {"name": "Can change Usage example", "content_type": 23, "codename": "change_usageexample"}}, {"model": "auth.permission", "pk": 91, "fields": {"name": "Can delete Usage example", "content_type": 23, "codename": "delete_usageexample"}}, {"model": "auth.permission", "pk": 92, "fields": {"name": "Can view Usage example", "content_type": 23, "codename": "view_usageexample"}}, {"model": "auth.permission", "pk": 93, "fields": {"name": "Can add Word or phrase", "content_type": 24, "codename": "add_word"}}, {"model": "auth.permission", "pk": 94, "fields": {"name": "Can change Word or phrase", "content_type": 24, "codename": "change_word"}}, {"model": "auth.permission", "pk": 95, "fields": {"name": "Can delete Word or phrase", "content_type": 24, "codename": "delete_word"}}, {"model": "auth.permission", "pk": 96, "fields": {"name": "Can view Word or phrase", "content_type": 24, "codename": "view_word"}}, {"model": "auth.permission", "pk": 97, "fields": {"name": "Can add Word usage example", "content_type": 25, "codename": "add_wordusageexamples"}}, {"model": "auth.permission", "pk": 98, "fields": {"name": "Can change Word usage example", "content_type": 25, "codename": "change_wordusageexamples"}}, {"model": "auth.permission", "pk": 99, "fields": {"name": "Can delete Word usage example", "content_type": 25, "codename": "delete_wordusageexamples"}}, {"model": "auth.permission", "pk": 100, "fields": {"name": "Can view Word usage example", "content_type": 25, "codename": "view_wordusageexamples"}}, {"model": "auth.permission", "pk": 101, "fields": {"name": "Can add Word translation", "content_type": 26, "codename": "add_wordtranslations"}}, {"model": "auth.permission", "pk": 102, "fields": {"name": "Can change Word translation", "content_type": 26, "codename": "change_wordtranslations"}}, {"model": "auth.permission", "pk": 103, "fields": {"name": "Can delete Word translation", "content_type": 26, "codename": "delete_wordtranslations"}}, {"model": "auth.permission", "pk": 104, "fields": {"name": "Can view Word translation", "content_type": 26, "codename": "view_wordtranslations"}}, {"model": "auth.permission", "pk": 105, "fields": {"name": "Can add Words in collections", "content_type": 27, "codename": "add_wordsincollections"}}, {"model": "auth.permission", "pk": 106, "fields": {"name": "Can change Words in collections", "content_type": 27, "codename": "change_wordsincollections"}}, {"model": "auth.permission", "pk": 107, "fields": {"name": "Can delete Words in collections", "content_type": 27, "codename": "delete_wordsincollections"}}, {"model": "auth.permission", "pk": 108, "fields": {"name": "Can view Words in collections", "content_type": 27, "codename": "view_wordsincollections"}}, {"model": "auth.permission", "pk": 109, "fields": {"name": "Can add Word definition", "content_type": 28, "codename": "add_worddefinitions"}}, {"model": "auth.permission", "pk": 110, "fields": {"name": "Can change Word definition", "content_type": 28, "codename": "change_worddefinitions"}}, {"model": "auth.permission", "pk": 111, "fields": {"name": "Can delete Word definition", "content_type": 28, "codename": "delete_worddefinitions"}}, {"model": "auth.permission", "pk": 112, "fields": {"name": "Can view Word definition", "content_type": 28, "codename": "view_worddefinitions"}}, {"model": "auth.permission", "pk": 113, "fields": {"name": "Can add Заметка", "content_type": 29, "codename": "add_note"}}, {"model": "auth.permission", "pk": 114, "fields": {"name": "Can change Заметка", "content_type": 29, "codename": "change_note"}}, {"model": "auth.permission", "pk": 115, "fields": {"name": "Can delete Заметка", "content_type": 29, "codename": "delete_note"}}, {"model": "auth.permission", "pk": 116, "fields": {"name": "Can view Заметка", "content_type": 29, "codename": "view_note"}}, {"model": "auth.permission", "pk": 117, "fields": {"name": "Can add image association", "content_type": 30, "codename": "add_imageassociation"}}, {"model": "auth.permission", "pk": 118, "fields": {"name": "Can change image association", "content_type": 30, "codename": "change_imageassociation"}}, {"model": "auth.permission", "pk": 119, "fields": {"name": "Can delete image association", "content_type": 30, "codename": "delete_imageassociation"}}, {"model": "auth.permission", "pk": 120, "fields": {"name": "Can view image association", "content_type": 30, "codename": "view_imageassociation"}}, {"model": "auth.permission", "pk": 121, "fields": {"name": "Can add Favorite word", "content_type": 31, "codename": "add_favoriteword"}}, {"model": "auth.permission", "pk": 122, "fields": {"name": "Can change Favorite word", "content_type": 31, "codename": "change_favoriteword"}}, {"model": "auth.permission", "pk": 123, "fields": {"name": "Can delete Favorite word", "content_type": 31, "codename": "delete_favoriteword"}}, {"model": "auth.permission", "pk": 124, "fields": {"name": "Can view Favorite word", "content_type": 31, "codename": "view_favoriteword"}}, {"model": "auth.permission", "pk": 125, "fields": {"name": "Can add Favorite collection", "content_type": 32, "codename": "add_favoritecollection"}}, {"model": "auth.permission", "pk": 126, "fields": {"name": "Can change Favorite collection", "content_type": 32, "codename": "change_favoritecollection"}}, {"model": "auth.permission", "pk": 127, "fields": {"name": "Can delete Favorite collection", "content_type": 32, "codename": "delete_favoritecollection"}}, {"model": "auth.permission", "pk": 128, "fields": {"name": "Can view Favorite collection", "content_type": 32, "codename": "view_favoritecollection"}}, {"model": "auth.permission", "pk": 129, "fields": {"name": "Can add Language", "content_type": 33, "codename": "add_language"}}, {"model": "auth.permission", "pk": 130, "fields": {"name": "Can change Language", "content_type": 33, "codename": "change_language"}}, {"model": "auth.permission", "pk": 131, "fields": {"name": "Can delete Language", "content_type": 33, "codename": "delete_language"}}, {"model": "auth.permission", "pk": 132, "fields": {"name": "Can view Language", "content_type": 33, "codename": "view_language"}}, {"model": "auth.permission", "pk": 133, "fields": {"name": "Can add user language", "content_type": 34, "codename": "add_userlanguage"}}, {"model": "auth.permission", "pk": 134, "fields": {"name": "Can change user language", "content_type": 34, "codename": "change_userlanguage"}}, {"model": "auth.permission", "pk": 135, "fields": {"name": "Can delete user language", "content_type": 34, "codename": "delete_userlanguage"}}, {"model": "auth.permission", "pk": 136, "fields": {"name": "Can view user language", "content_type": 34, "codename": "view_userlanguage"}}, {"model": "auth.permission", "pk": 137, "fields": {"name": "Can add Exercise", "content_type": 35, "codename": "add_exercise"}}, {"model": "auth.permission", "pk": 138, "fields": {"name": "Can change Exercise", "content_type": 35, "codename": "change_exercise"}}, {"model": "auth.permission", "pk": 139, "fields": {"name": "Can delete Exercise", "content_type": 35, "codename": "delete_exercise"}}, {"model": "auth.permission", "pk": 140, "fields": {"name": "Can view Exercise", "content_type": 35, "codename": "view_exercise"}}, {"model": "auth.permission", "pk": 141, "fields": {"name": "Can add Favorite exercise", "content_type": 36, "codename": "add_favoriteexercise"}}, {"model": "auth.permission", "pk": 142, "fields": {"name": "Can change Favorite exercise", "content_type": 36, "codename": "change_favoriteexercise"}}, {"model": "auth.permission", "pk": 143, "fields": {"name": "Can delete Favorite exercise", "content_type": 36, "codename": "delete_favoriteexercise"}}, {"model": "auth.permission", "pk": 144, "fields": {"name": "Can view Favorite exercise", "content_type": 36, "codename": "view_favoriteexercise"}}, {"model": "auth.permission", "pk": 145, "fields": {"name": "Can add Пользователь", "content_type": 37, "codename": "add_user"}}, {"model": "auth.permission", "pk": 146, "fields": {"name": "Can change Пользователь", "content_type": 37, "codename": "change_user"}}, {"model": "auth.permission", "pk": 147, "fields": {"name": "Can delete Пользователь", "content_type": 37, "codename": "delete_user"}}, {"model": "auth.permission", "pk": 148, "fields": {"name": "Can view Пользователь", "content_type": 37, "codename": "view_user"}}, {"model": "contenttypes.contenttype", "pk": 1, "fields": {"app_label": "admin", "model": "logentry"}}, {"model": "contenttypes.contenttype", "pk": 2, "fields": {"app_label": "auth", "model": "permission"}}, {"model": "contenttypes.contenttype", "pk": 3, "fields": {"app_label": "auth", "model": "group"}}, {"model": "contenttypes.contenttype", "pk": 4, "fields": {"app_label": "contenttypes", "model": "contenttype"}}, {"model": "contenttypes.contenttype", "pk": 5, "fields": {"app_label": "sessions", "model": "session"}}, {"model": "contenttypes.contenttype", "pk": 6, "fields": {"app_label": "sites", "model": "site"}}, {"model": "contenttypes.contenttype", "pk": 7, "fields": {"app_label": "authtoken", "model": "token"}}, {"model": "contenttypes.contenttype", "pk": 8, "fields": {"app_label": "authtoken", "model": "tokenproxy"}}, {"model": "contenttypes.contenttype", "pk": 9, "fields": {"app_label": "account", "model": "emailaddress"}}, {"model": "contenttypes.contenttype", "pk": 10, "fields": {"app_label": "account", "model": "emailconfirmation"}}, {"model": "contenttypes.contenttype", "pk": 11, "fields": {"app_label": "socialaccount", "model": "socialaccount"}}, {"model": "contenttypes.contenttype", "pk": 12, "fields": {"app_label": "socialaccount", "model": "socialapp"}}, {"model": "contenttypes.contenttype", "pk": 13, "fields": {"app_label": "socialaccount", "model": "socialtoken"}}, {"model": "contenttypes.contenttype", "pk": 14, "fields": {"app_label": "vocabulary", "model": "antonym"}}, {"model": "contenttypes.contenttype", "pk": 15, "fields": {"app_label": "vocabulary", "model": "collection"}}, {"model": "contenttypes.contenttype", "pk": 16, "fields": {"app_label": "vocabulary", "model": "definition"}}, {"model": "contenttypes.contenttype", "pk": 17, "fields": {"app_label": "vocabulary", "model": "form"}}, {"model": "contenttypes.contenttype", "pk": 18, "fields": {"app_label": "vocabulary", "model": "similar"}}, {"model": "contenttypes.contenttype", "pk": 19, "fields": {"app_label": "vocabulary", "model": "synonym"}}, {"model": "contenttypes.contenttype", "pk": 20, "fields": {"app_label": "vocabulary", "model": "tag"}}, {"model": "contenttypes.contenttype", "pk": 21, "fields": {"app_label": "vocabulary", "model": "translation"}}, {"model": "contenttypes.contenttype", "pk": 22, "fields": {"app_label": "vocabulary", "model": "type"}}, {"model": "contenttypes.contenttype", "pk": 23, "fields": {"app_label": "vocabulary", "model": "usageexample"}}, {"model": "contenttypes.contenttype", "pk": 24, "fields": {"app_label": "vocabulary", "model": "word"}}, {"model": "contenttypes.contenttype", "pk": 25, "fields": {"app_label": "vocabulary", "model": "wordusageexamples"}}, {"model": "contenttypes.contenttype", "pk": 26, "fields": {"app_label": "vocabulary", "model": "wordtranslations"}}, {"model": "contenttypes.contenttype", "pk": 27, "fields": {"app_label": "vocabulary", "model": "wordsincollections"}}, {"model": "contenttypes.contenttype", "pk": 28, "fields": {"app_label": "vocabulary", "model": "worddefinitions"}}, {"model": "contenttypes.contenttype", "pk": 29, "fields": {"app_label": "vocabulary", "model": "note"}}, {"model": "contenttypes.contenttype", "pk": 30, "fields": {"app_label": "vocabulary", "model": "imageassociation"}}, {"model": "contenttypes.contenttype", "pk": 31, "fields": {"app_label": "vocabulary", "model": "favoriteword"}}, {"model": "contenttypes.contenttype", "pk": 32, "fields": {"app_label": "vocabulary", "model": "favoritecollection"}}, {"model": "contenttypes.contenttype", "pk": 33, "fields": {"app_label": "languages", "model": "language"}}, {"model": "contenttypes.contenttype", "pk": 34, "fields": {"app_label": "languages", "model": "userlanguage"}}, {"model": "contenttypes.contenttype", "pk": 35, "fields": {"app_label": "exercises", "model": "exercise"}}, {"model": "contenttypes.contenttype", "pk": 36, "fields": {"app_label": "exercises", "model": "favoriteexercise"}}, {"model": "contenttypes.contenttype", "pk": 37, "fields": {"app_label": "users", "model": "user"}}, {"model": "sessions.session", "pk": "1tql0hwzwkg0gyqakgj70ns1vrdwlm2v", "fields": {"session_data": ".eJxVjDsOwjAQBe_iGln-O6GkzxmsXe8KB5AtxUmFuDuJlALaNzPvLRJsa0lb5yXNJK5Ci8vvhpCfXA9AD6j3JnOr6zKjPBR50i6nRvy6ne7fQYFe9jqQVR6VVVGB4RAjGIfKw-isDxp0Jhu1Q6dDHEZlkDl4GiB4Q-z2QHy-sao2zA:1qfNA6:TcTaX_thGjdkaFOKpQNXTdTxCb3xQgRlXlyM3wg16VA", "expire_date": "2023-09-24T16:19:50.459Z"}}, {"model": "sessions.session", "pk": "ca0lmvzt6iiubwcarduss6p0pmj8yi1s", "fields": {"session_data": ".eJxVjDsOwjAQBe_iGlnBn6yhpOcM1q53jQPIluKkQtwdIqWA9s3Me6mI61Li2mWOE6uzcurwuxGmh9QN8B3rrenU6jJPpDdF77Tra2N5Xnb376BgL98aOTFSCCehTOSsRQJA4TAY8MPoMlocj2BBEkFg44MJ2UA2Dj2Czer9ARjnOJk:1qqe1m:QlrS4ryAd8It_sleKnEmk-KqUhz6MKaYxdwsEFXWgyE", "expire_date": "2023-10-25T18:33:50.864Z"}}, {"model": "sessions.session", "pk": "e6vrt5yeyvlbfdq0sia4ifodz2ewhjo5", "fields": {"session_data": ".eJxVjMsOwiAQRf-FtSE8BgSX7v0GwjAgVUOT0q6M_y5NutDtPefcNwtxW2vYel7CROzCFDv9bhjTM7cd0CO2-8zT3NZlQr4r_KCd32bKr-vh_h3U2OuoRTkLhQKKLUBakTQgPUVnDapI4CRaC04NKXnlvfBOGgRAPbDNWrPPF78CNqk:1qpmap:DqHM-rW4PkbzOYYkcMtqu_cy76VGq7GJc1d5FN66r-A", "expire_date": "2023-10-23T09:30:27.768Z"}}, {"model": "sessions.session", "pk": "gu9j1803wlirsmi44460x724th5bit4j", "fields": {"session_data": ".eJxVjDsOwjAQBe_iGln-O6GkzxmsXe8KB5AtxUmFuDuJlALaNzPvLRJsa0lb5yXNJK5Ci8vvhpCfXA9AD6j3JnOr6zKjPBR50i6nRvy6ne7fQYFe9jqQVR6VVVGB4RAjGIfKw-isDxp0Jhu1Q6dDHEZlkDl4GiB4Q-z2QHy-sao2zA:1qqqkq:-syzOeSg2J-w47rH5rCk75GPJW7_no3ZUcNOJv47jVI", "expire_date": "2023-10-26T08:09:12.746Z"}}, {"model": "sessions.session", "pk": "ltlaof08bdlwkrxxy5vb1w0fln5pq526", "fields": {"session_data": ".eJxVjEsOwjAMBe-SNYoaizgtS_acIbIdhxRQIvWzqrg7VOoCtm9m3mYirUuJ66xTHJO5GGdOvxuTPLXuID2o3puVVpdpZLsr9qCzvbWkr-vh_h0Umsu3DtkN6nIQIGTpe1X2iAKiuQPsECB1DklIhYEBvfizuEzieQgZ0Lw_AeU4tA:1qzD58:w3lAizzIpNqX07VaboR4-Y6ExlizmhyH-mCt9TzMa4s", "expire_date": "2023-11-18T09:36:42.256Z"}}, {"model": "sessions.session", "pk": "p79jfz8smhtdv53aaongrvwov8qpcxcl", "fields": {"session_data": ".eJxVjDsOwjAQBe_iGln-O6GkzxmsXe8KB5AtxUmFuDuJlALaNzPvLRJsa0lb5yXNJK5Ci8vvhpCfXA9AD6j3JnOr6zKjPBR50i6nRvy6ne7fQYFe9jqQVR6VVVGB4RAjGIfKw-isDxp0Jhu1Q6dDHEZlkDl4GiB4Q-z2QHy-sao2zA:1qiKEo:un-gSafpyKlAPNAh3QsydckU3aMjLtfdlssC6o6SILU", "expire_date": "2023-10-02T19:48:54.977Z"}}, {"model": "sessions.session", "pk": "sqm2zinavn1s6kzc9hmx9o0o1dkygb5s", "fields": {"session_data": ".eJxVjDsOwjAQBe_iGln-O6GkzxmsXe8KB5AtxUmFuDuJlALaNzPvLRJsa0lb5yXNJK5Ci8vvhpCfXA9AD6j3JnOr6zKjPBR50i6nRvy6ne7fQYFe9jqQVR6VVVGB4RAjGIfKw-isDxp0Jhu1Q6dDHEZlkDl4GiB4Q-z2QHy-sao2zA:1qjlDl:4zlGqKuOgxpXS67vx75FhIu7WakgySD4eak812GXwUw", "expire_date": "2023-10-06T18:49:45.951Z"}}, {"model": "sessions.session", "pk": "x3kzo8x2bhx5u29vp5v7t0y7p8b6auw1", "fields": {"session_data": ".eJxVjEsOwjAMBe-SNYoaizgtS_acIbIdhxRQIvWzqrg7VOoCtm9m3mYirUuJ66xTHJO5GGdOvxuTPLXuID2o3puVVpdpZLsr9qCzvbWkr-vh_h0Umsu3DtkN6nIQIGTpe1X2iAKiuQPsECB1DklIhYEBvfizuEzieQgZ0Lw_AeU4tA:1qqdDY:6_H5gfSy2Zajo7T0YcCCa9V232IDBDQEZB-cwcUaQgs", "expire_date": "2023-10-25T17:41:56.701Z"}}, {"model": "sessions.session", "pk": "xeqxym88ak3rdgwcf1cug6zae9ya8rrk", "fields": {"session_data": ".eJxVjDsOwjAQBe_iGln-O6GkzxmsXe8KB5AtxUmFuDuJlALaNzPvLRJsa0lb5yXNJK5Ci8vvhpCfXA9AD6j3JnOr6zKjPBR50i6nRvy6ne7fQYFe9jqQVR6VVVGB4RAjGIfKw-isDxp0Jhu1Q6dDHEZlkDl4GiB4Q-z2QHy-sao2zA:1qeBgH:AsCviZx3rkma8DkNEkIM_zKeop0VdXX-D1oyH4h-lHk", "expire_date": "2023-09-21T09:52:09.062Z"}}, {"model": "sessions.session", "pk": "zsuqksqbfrrldt31139yl3vgqxj1kopm", "fields": {"session_data": ".eJxVjDsOwjAQBe_iGln-O6GkzxmsXe8KB5AtxUmFuDuJlALaNzPvLRJsa0lb5yXNJK5Ci8vvhpCfXA9AD6j3JnOr6zKjPBR50i6nRvy6ne7fQYFe9jqQVR6VVVGB4RAjGIfKw-isDxp0Jhu1Q6dDHEZlkDl4GiB4Q-z2QHy-sao2zA:1qqe3c:JuI93Boxv3OuvEQiPrBLauOkJVqi4cwaJeWaF3Ib_TQ", "expire_date": "2023-10-25T18:35:44.212Z"}}, {"model": "sites.site", "pk": 1, "fields": {"domain": "example.com", "name": "example.com"}}, {"model": "authtoken.token", "pk": "027e623ce960d282afc84b995ca0e5ad082c58fd", "fields": {"user": 2, "created": "2023-09-21T08:59:58.923Z"}}, {"model": "authtoken.token", "pk": "0b130dd0d43bb7e587c0fc2897f216f21b2e0a76", "fields": {"user": 4, "created": "2023-09-28T11:32:00.825Z"}}, {"model": "authtoken.token", "pk": "cdcd6fd4ff6aebb21c4dc4127c3ad8da6e453f99", "fields": {"user": 1, "created": "2023-09-28T11:32:28.958Z"}}, {"model": "account.emailaddress", "pk": 1, "fields": {"user": 2, "email": "user@example.com", "verified": false, "primary": true}}, {"model": "account.emailaddress", "pk": 2, "fields": {"user": 4, "email": "user3@example.com", "verified": false, "primary": true}}, {"model": "vocabulary.tag", "pk": 1, "fields": {"name": "курс лингволео"}}, {"model": "vocabulary.tag", "pk": 2, "fields": {"name": "легкое"}}, {"model": "vocabulary.tag", "pk": 4, "fields": {"name": "for job"}}, {"model": "vocabulary.tag", "pk": 5, "fields": {"name": "разговорное"}}, {"model": "vocabulary.collection", "pk": 1, "fields": {"created": "2023-10-12T08:20:46.576Z", "modified": "2023-10-12T08:20:46.576Z", "author": 2, "title": "For work", "slug": null, "description": "words usually are in use by developers"}}, {"model": "vocabulary.type", "pk": 1, "fields": {"name": "Существительное", "name_ru": "Существительное", "name_en": "Noun", "slug": "noun", "sorting": 3}}, {"model": "vocabulary.type", "pk": 2, "fields": {"name": "Глагол", "name_ru": "Глагол", "name_en": "Verb", "slug": "verb", "sorting": 3}}, {"model": "vocabulary.type", "pk": 3, "fields": {"name": "Прилагательное", "name_ru": "Прилагательное", "name_en": "Adjective", "slug": "adject", "sorting": 3}}, {"model": "vocabulary.type", "pk": 4, "fields": {"name": "Наречие", "name_ru": "Наречие", "name_en": "Adverb", "slug": "adverb", "sorting": 2}}, {"model": "vocabulary.type", "pk": 5, "fields": {"name": "Местоимение", "name_ru": "Местоимение", "name_en": "Pronoun", "slug": "pronoun", "sorting": 1}}, {"model": "vocabulary.type", "pk": 6, "fields": {"name": "Предлог", "name_ru": "Предлог", "name_en": "Preposition", "slug": "prepos", "sorting": 2}}, {"model": "vocabulary.type", "pk": 7, "fields": {"name": "Союз", "name_ru": "Союз", "name_en": "Union", "slug": "union", "sorting": 1}}, {"model": "vocabulary.type", "pk": 8, "fields": {"name": "Частица", "name_ru": "Частица", "name_en": "Particle", "slug": "particle", "sorting": 1}}, {"model": "vocabulary.type", "pk": 9, "fields": {"name": "Причастие", "name_ru": "Причастие", "name_en": "Participle", "slug": "participle", "sorting": 2}}, {"model": "vocabulary.type", "pk": 10, "fields": {"name": "Деепричастие", "name_ru": "Деепричастие", "name_en": "Gerund", "slug": "gerund", "sorting": 2}}, {"model": "vocabulary.type", "pk": 11, "fields": {"name": "Артикль", "name_ru": "Артикль", "name_en": "Article", "slug": "article", "sorting": 1}}, {"model": "vocabulary.type", "pk": 12, "fields": {"name": "Предикатив", "name_ru": "Предикатив", "name_en": "Predicative", "slug": "predicative", "sorting": 1}}, {"model": "vocabulary.type", "pk": 13, "fields": {"name": "Числительное", "name_ru": "Числительное", "name_en": "Numeral", "slug": "numeral", "sorting": 2}}, {"model": "vocabulary.type", "pk": 14, "fields": {"name": "Междометие", "name_ru": "Междометие", "name_en": "Interjection", "slug": "interj", "sorting": 1}}, {"model": "vocabulary.type", "pk": 15, "fields": {"name": "Фраза", "name_ru": "Фраза", "name_en": "Phrase", "slug": "phrase", "sorting": 3}}, {"model": "vocabulary.type", "pk": 16, "fields": {"name": "Идиома", "name_ru": "Идиома", "name_en": "Idiom", "slug": "idiom", "sorting": 1}}, {"model": "vocabulary.type", "pk": 17, "fields": {"name": "Цитата", "name_ru": "Цитата", "name_en": "Quote", "slug": "quote", "sorting": 2}}, {"model": "vocabulary.type", "pk": 18, "fields": {"name": "Словосочетание", "name_ru": "Словосочетание", "name_en": "Collocation", "slug": "collocation", "sorting": 3}}, {"model": "vocabulary.type", "pk": 19, "fields": {"name": "Пословица", "name_ru": "Пословица", "name_en": "Proverb", "slug": "proverb", "sorting": 1}}, {"model": "vocabulary.word", "pk": 2, "fields": {"created": "2023-09-18T20:41:06.186Z", "modified": "2023-10-12T08:34:53.346Z", "language": 1, "text": "Ambiguos", "slug": "Ambiguos-2", "author": 2, "activity": "INACTIVE", "is_problematic": true, "types": [3], "tags": [1]}}, {"model": "vocabulary.word", "pk": 3, "fields": {"created": "2023-09-18T20:43:30.157Z", "modified": "2023-10-12T08:35:02.488Z", "language": 1, "text": "Learn", "slug": "Learn-2", "author": 2, "activity": "MASTERED", "is_problematic": false, "types": [2], "tags": [2]}}, {"model": "vocabulary.word", "pk": 4, "fields": {"created": "2023-09-18T20:44:22.268Z", "modified": "2023-10-12T08:35:16.595Z", "language": 1, "text": "Take the mickey", "slug": "Take-the-mickey-2", "author": 2, "activity": "INACTIVE", "is_problematic": false, "types": [15], "tags": [1]}}, {"model": "vocabulary.word", "pk": 5, "fields": {"created": "2023-09-18T20:45:25.726Z", "modified": "2023-10-12T08:34:21.514Z", "language": 1, "text": "Software", "slug": "Software-2", "author": 2, "activity": "ACTIVE", "is_problematic": false, "types": [1], "tags": [2, 4]}}, {"model": "vocabulary.word", "pk": 6, "fields": {"created": "2023-09-18T20:47:21.457Z", "modified": "2023-10-12T08:35:39.254Z", "language": 1, "text": "Requirements", "slug": "Requirements-2", "author": 2, "activity": "ACTIVE", "is_problematic": true, "types": [1], "tags": [4]}}, {"model": "vocabulary.word", "pk": 7, "fields": {"created": "2023-09-18T20:50:35.224Z", "modified": "2023-09-18T20:50:35.224Z", "language": 17, "text": "Salud", "slug": "salud-2", "author": 2, "activity": "ACTIVE", "is_problematic": true, "types": [], "tags": [5]}}, {"model": "vocabulary.word", "pk": 8, "fields": {"created": "2023-09-18T20:51:45.294Z", "modified": "2023-10-12T08:35:52.172Z", "language": 17, "text": "Tiempo", "slug": "Tiempo-2", "author": 2, "activity": "ACTIVE", "is_problematic": false, "types": [1], "tags": [2]}}, {"model": "vocabulary.word", "pk": 9, "fields": {"created": "2023-09-18T20:52:30.943Z", "modified": "2023-09-18T20:52:30.943Z", "language": 17, "text": "Ayer", "slug": "ayer-2", "author": 2, "activity": "INACTIVE", "is_problematic": true, "types": [], "tags": []}}, {"model": "vocabulary.word", "pk": 10, "fields": {"created": "2023-09-18T20:56:09.178Z", "modified": "2023-10-11T18:28:33.942Z", "language": 1, "text": "End up with", "slug": "End-up-with-4", "author": 4, "activity": "INACTIVE", "is_problematic": false, "types": [15], "tags": []}}, {"model": "vocabulary.word", "pk": 11, "fields": {"created": "2023-09-18T20:57:07.960Z", "modified": "2023-10-11T18:27:29.325Z", "language": 1, "text": "Hike", "slug": "Hike-4", "author": 4, "activity": "INACTIVE", "is_problematic": false, "types": [2], "tags": [1, 2]}}, {"model": "vocabulary.word", "pk": 12, "fields": {"created": "2023-09-18T20:57:53.475Z", "modified": "2023-10-11T18:26:38.242Z", "language": 1, "text": "Go to greate lengths", "slug": "Go-to-greate-lengths-4", "author": 4, "activity": "INACTIVE", "is_problematic": true, "types": [15], "tags": [1]}}, {"model": "vocabulary.word", "pk": 13, "fields": {"created": "2023-09-18T20:59:35.105Z", "modified": "2023-10-11T18:29:06.238Z", "language": 1, "text": "Non-profit", "slug": "Non-profit-4", "author": 4, "activity": "INACTIVE", "is_problematic": false, "types": [3], "tags": []}}, {"model": "vocabulary.word", "pk": 14, "fields": {"created": "2023-09-18T21:26:58.704Z", "modified": "2023-10-11T18:23:24.825Z", "language": 1, "text": "Increase", "slug": "Increase-4", "author": 4, "activity": "INACTIVE", "is_problematic": false, "types": [2], "tags": [2]}}, {"model": "vocabulary.word", "pk": 15, "fields": {"created": "2023-09-18T21:29:26.426Z", "modified": "2023-10-11T18:24:15.332Z", "language": 1, "text": "Do your best", "slug": "Do-your-best-4", "author": 4, "activity": "INACTIVE", "is_problematic": false, "types": [15], "tags": [2, 5]}}, {"model": "vocabulary.word", "pk": 16, "fields": {"created": "2023-09-28T11:30:59.204Z", "modified": "2023-09-28T11:43:14.608Z", "language": 1, "text": "Cat", "slug": "Cat-1", "author": 1, "activity": "INACTIVE", "is_problematic": false, "types": [], "tags": [2]}}, {"model": "vocabulary.word", "pk": 17, "fields": {"created": "2023-10-06T18:40:45.174Z", "modified": "2023-10-06T18:40:45.174Z", "language": 1, "text": "big fish", "slug": "big-fish-2", "author": 2, "activity": "INACTIVE", "is_problematic": false, "types": [1], "tags": []}}, {"model": "vocabulary.synonym", "pk": 1, "fields": {"created": "2023-09-18T21:27:01.293Z", "modified": "2023-10-11T18:29:26.309Z", "author": 4, "from_word": 11, "to_word": 14, "difference": ""}}, {"model": "vocabulary.synonym", "pk": 2, "fields": {"created": "2023-09-18T21:29:27.932Z", "modified": "2023-10-11T18:29:37.266Z", "author": 4, "from_word": 12, "to_word": 15, "difference": ""}}, {"model": "vocabulary.synonym", "pk": 3, "fields": {"created": "2023-09-28T11:31:27.838Z", "modified": "2023-09-28T11:31:27.838Z", "author": 1, "from_word": 15, "to_word": 16, "difference": ""}}, {"model": "vocabulary.synonym", "pk": 4, "fields": {"created": "2023-09-28T11:34:51.574Z", "modified": "2023-09-28T11:34:51.574Z", "author": 1, "from_word": 14, "to_word": 16, "difference": ""}}, {"model": "vocabulary.synonym", "pk": 5, "fields": {"created": "2023-09-28T11:43:14.614Z", "modified": "2023-09-28T11:43:14.614Z", "author": 1, "from_word": 11, "to_word": 16, "difference": ""}}, {"model": "vocabulary.translation", "pk": 1, "fields": {"created": "2023-09-18T21:17:20.479Z", "modified": "2023-09-18T21:17:20.479Z", "author": 2, "text": "Двусмысленный", "language": 1}}, {"model": "vocabulary.translation", "pk": 2, "fields": {"created": "2023-09-18T21:17:45.471Z", "modified": "2023-09-18T21:17:45.471Z", "author": 2, "text": "Изучать", "language": 1}}, {"model": "vocabulary.translation", "pk": 3, "fields": {"created": "2023-09-18T21:18:47.253Z", "modified": "2023-09-18T21:18:47.253Z", "author": 2, "text": "Сомнительный", "language": 1}}, {"model": "vocabulary.translation", "pk": 4, "fields": {"created": "2023-09-18T21:19:31.645Z", "modified": "2023-09-18T21:19:31.645Z", "author": 2, "text": "Требования", "language": 1}}, {"model": "vocabulary.translation", "pk": 5, "fields": {"created": "2023-09-18T21:19:56.287Z", "modified": "2023-09-18T21:19:56.287Z", "author": 2, "text": "Обсуждать кого-то", "language": 1}}, {"model": "vocabulary.translation", "pk": 6, "fields": {"created": "2023-09-18T21:21:36.916Z", "modified": "2023-09-18T21:21:36.916Z", "author": 2, "text": "Bless you", "language": 1}}, {"model": "vocabulary.translation", "pk": 7, "fields": {"created": "2023-09-18T21:22:33.714Z", "modified": "2023-09-18T21:22:33.714Z", "author": 2, "text": "Time", "language": 1}}, {"model": "vocabulary.translation", "pk": 8, "fields": {"created": "2023-09-28T11:30:31.663Z", "modified": "2023-09-28T11:30:31.663Z", "author": 1, "text": "Кот", "language": 1}}, {"model": "vocabulary.translation", "pk": 9, "fields": {"created": "2023-10-06T18:40:45.204Z", "modified": "2023-10-06T18:40:45.204Z", "author": 2, "text": "большая рыба", "language": 1}}, {"model": "vocabulary.translation", "pk": 10, "fields": {"created": "2023-10-11T18:23:19.484Z", "modified": "2023-10-11T18:23:19.484Z", "author": 4, "text": "Увеличить", "language": 1}}, {"model": "vocabulary.translation", "pk": 11, "fields": {"created": "2023-10-11T18:24:08.868Z", "modified": "2023-10-11T18:24:08.868Z", "author": 4, "text": "Делать все возможное", "language": 1}}, {"model": "vocabulary.translation", "pk": 12, "fields": {"created": "2023-10-11T18:24:52.318Z", "modified": "2023-10-11T18:24:52.318Z", "author": 4, "text": "Некоммерческий", "language": 1}}, {"model": "vocabulary.translation", "pk": 13, "fields": {"created": "2023-10-11T18:27:21.164Z", "modified": "2023-10-11T18:27:21.164Z", "author": 4, "text": "Подниматься", "language": 1}}, {"model": "vocabulary.translation", "pk": 14, "fields": {"created": "2023-10-11T18:28:27.984Z", "modified": "2023-10-11T18:28:27.984Z", "author": 4, "text": "Завершиться чем-то", "language": 1}}, {"model": "vocabulary.translation", "pk": 15, "fields": {"created": "2023-10-12T08:34:16.909Z", "modified": "2023-10-12T08:34:16.909Z", "author": 2, "text": "ПО", "language": 1}}, {"model": "vocabulary.wordsincollections", "pk": 1, "fields": {"created": "2023-10-12T08:30:48.014Z", "word": 5, "collection": 1}}, {"model": "vocabulary.wordsincollections", "pk": 2, "fields": {"created": "2023-10-12T08:31:15.331Z", "word": 6, "collection": 1}}, {"model": "vocabulary.wordtranslations", "pk": 1, "fields": {"created": "2023-09-18T21:17:21.945Z", "word": 2, "translation": 1}}, {"model": "vocabulary.wordtranslations", "pk": 2, "fields": {"created": "2023-09-18T21:17:51.118Z", "word": 3, "translation": 2}}, {"model": "vocabulary.wordtranslations", "pk": 3, "fields": {"created": "2023-09-18T21:18:49.314Z", "word": 2, "translation": 3}}, {"model": "vocabulary.wordtranslations", "pk": 4, "fields": {"created": "2023-09-18T21:19:33.008Z", "word": 6, "translation": 4}}, {"model": "vocabulary.wordtranslations", "pk": 5, "fields": {"created": "2023-09-18T21:19:58.344Z", "word": 4, "translation": 5}}, {"model": "vocabulary.wordtranslations", "pk": 6, "fields": {"created": "2023-09-18T21:21:43.610Z", "word": 7, "translation": 6}}, {"model": "vocabulary.wordtranslations", "pk": 7, "fields": {"created": "2023-09-18T21:22:52.294Z", "word": 8, "translation": 7}}, {"model": "vocabulary.wordtranslations", "pk": 8, "fields": {"created": "2023-09-28T11:30:59.222Z", "word": 16, "translation": 8}}, {"model": "vocabulary.wordtranslations", "pk": 9, "fields": {"created": "2023-10-06T18:40:45.205Z", "word": 17, "translation": 9}}, {"model": "vocabulary.wordtranslations", "pk": 10, "fields": {"created": "2023-10-11T18:23:24.835Z", "word": 14, "translation": 10}}, {"model": "vocabulary.wordtranslations", "pk": 11, "fields": {"created": "2023-10-11T18:24:15.341Z", "word": 15, "translation": 11}}, {"model": "vocabulary.wordtranslations", "pk": 12, "fields": {"created": "2023-10-11T18:25:02.039Z", "word": 13, "translation": 12}}, {"model": "vocabulary.wordtranslations", "pk": 13, "fields": {"created": "2023-10-11T18:26:38.330Z", "word": 12, "translation": 11}}, {"model": "vocabulary.wordtranslations", "pk": 14, "fields": {"created": "2023-10-11T18:27:29.334Z", "word": 11, "translation": 13}}, {"model": "vocabulary.wordtranslations", "pk": 15, "fields": {"created": "2023-10-11T18:28:34.028Z", "word": 10, "translation": 14}}, {"model": "vocabulary.wordtranslations", "pk": 16, "fields": {"created": "2023-10-12T08:34:21.539Z", "word": 5, "translation": 15}}, {"model": "vocabulary.definition", "pk": 3, "fields": {"created": "2023-09-18T21:25:50.417Z", "modified": "2023-10-11T18:30:11.466Z", "author": 4, "text": "Finish with consequences", "translation": ""}}, {"model": "vocabulary.definition", "pk": 4, "fields": {"created": "2023-10-12T08:33:34.940Z", "modified": "2023-10-12T08:33:34.940Z", "author": 2, "text": "a set of computer programs and associated documentation and data", "translation": ""}}, {"model": "vocabulary.worddefinitions", "pk": 3, "fields": {"created": "2023-09-18T21:25:51.710Z", "word": 10, "definition": 3}}, {"model": "vocabulary.worddefinitions", "pk": 4, "fields": {"created": "2023-10-12T08:34:21.540Z", "word": 5, "definition": 4}}, {"model": "vocabulary.usageexample", "pk": 1, "fields": {"created": "2023-09-18T21:07:24.358Z", "modified": "2023-09-18T21:11:43.635Z", "author": 2, "text": "Please install requirements for this app", "translation": ""}}, {"model": "vocabulary.usageexample", "pk": 2, "fields": {"created": "2023-09-18T21:09:54.757Z", "modified": "2023-09-18T21:14:15.026Z", "author": 2, "text": "His writing style is often considered ambiguous, making it difficult to understand his intentions", "translation": ""}}, {"model": "vocabulary.usageexample", "pk": 3, "fields": {"created": "2023-09-18T21:15:19.132Z", "modified": "2023-09-18T21:15:19.132Z", "author": 2, "text": "The phrase “ambiguous sign” indicated that the road ahead was closed.", "translation": ""}}, {"model": "vocabulary.usageexample", "pk": 4, "fields": {"created": "2023-09-18T21:16:03.357Z", "modified": "2023-09-18T21:16:03.357Z", "author": 2, "text": "The jury’s decision was ambiguous, leaving many questions unanswered.", "translation": ""}}, {"model": "vocabulary.usageexample", "pk": 5, "fields": {"created": "2023-09-18T21:24:49.860Z", "modified": "2023-10-11T18:30:30.758Z", "author": 4, "text": "Non-profit institution", "translation": ""}}, {"model": "vocabulary.wordusageexamples", "pk": 1, "fields": {"created": "2023-09-18T21:07:45.194Z", "word": 6, "example": 1}}, {"model": "vocabulary.wordusageexamples", "pk": 2, "fields": {"created": "2023-09-18T21:09:58.788Z", "word": 2, "example": 2}}, {"model": "vocabulary.wordusageexamples", "pk": 3, "fields": {"created": "2023-09-18T21:15:20.853Z", "word": 2, "example": 3}}, {"model": "vocabulary.wordusageexamples", "pk": 4, "fields": {"created": "2023-09-18T21:16:04.972Z", "word": 2, "example": 4}}, {"model": "vocabulary.wordusageexamples", "pk": 5, "fields": {"created": "2023-09-18T21:24:51.911Z", "word": 13, "example": 5}}, {"model": "vocabulary.note", "pk": 1, "fields": {"created": "2023-10-06T18:40:45.208Z", "word": 17, "text": "обязательно выучить"}}, {"model": "languages.language", "pk": 1, "fields": {"name": "English", "name_local": "English", "isocode": "en", "sorting": 3}}, {"model": "languages.language", "pk": 2, "fields": {"name": "Afrikaans", "name_local": "Afrikaans", "isocode": "af", "sorting": 0}}, {"model": "languages.language", "pk": 3, "fields": {"name": "Arabic", "name_local": "العربيّة", "isocode": "ar", "sorting": 1}}, {"model": "languages.language", "pk": 4, "fields": {"name": "Azerbaijani", "name_local": "Azərbaycanca", "isocode": "az", "sorting": 0}}, {"model": "languages.language", "pk": 5, "fields": {"name": "Belarusian", "name_local": "беларуская", "isocode": "be", "sorting": 0}}, {"model": "languages.language", "pk": 6, "fields": {"name": "Bulgarian", "name_local": "български", "isocode": "bg", "sorting": 0}}, {"model": "languages.language", "pk": 7, "fields": {"name": "Bengali", "name_local": "বাংলা", "isocode": "bn", "sorting": 0}}, {"model": "languages.language", "pk": 8, "fields": {"name": "Breton", "name_local": "brezhoneg", "isocode": "br", "sorting": 0}}, {"model": "languages.language", "pk": 9, "fields": {"name": "Bosnian", "name_local": "bosanski", "isocode": "bs", "sorting": 0}}, {"model": "languages.language", "pk": 10, "fields": {"name": "Catalan", "name_local": "català", "isocode": "ca", "sorting": 0}}, {"model": "languages.language", "pk": 11, "fields": {"name": "Czech", "name_local": "česky", "isocode": "cs", "sorting": 0}}, {"model": "languages.language", "pk": 12, "fields": {"name": "Welsh", "name_local": "Cymraeg", "isocode": "cy", "sorting": 0}}, {"model": "languages.language", "pk": 13, "fields": {"name": "Danish", "name_local": "dansk", "isocode": "da", "sorting": 0}}, {"model": "languages.language", "pk": 14, "fields": {"name": "German", "name_local": "Deutsch", "isocode": "de", "sorting": 2}}, {"model": "languages.language", "pk": 15, "fields": {"name": "Greek", "name_local": "Ελληνικά", "isocode": "el", "sorting": 0}}, {"model": "languages.language", "pk": 16, "fields": {"name": "Esperanto", "name_local": "Esperanto", "isocode": "eo", "sorting": 0}}, {"model": "languages.language", "pk": 17, "fields": {"name": "Spanish", "name_local": "español", "isocode": "es", "sorting": 2}}, {"model": "languages.language", "pk": 18, "fields": {"name": "Estonian", "name_local": "eesti", "isocode": "et", "sorting": 0}}, {"model": "languages.language", "pk": 19, "fields": {"name": "Basque", "name_local": "Basque", "isocode": "eu", "sorting": 0}}, {"model": "languages.language", "pk": 20, "fields": {"name": "Persian", "name_local": "فارسی", "isocode": "fa", "sorting": 0}}, {"model": "languages.language", "pk": 21, "fields": {"name": "Finnish", "name_local": "suomi", "isocode": "fi", "sorting": 0}}, {"model": "languages.language", "pk": 22, "fields": {"name": "French", "name_local": "français", "isocode": "fr", "sorting": 2}}, {"model": "languages.language", "pk": 23, "fields": {"name": "Frisian", "name_local": "frysk", "isocode": "fy", "sorting": 0}}, {"model": "languages.language", "pk": 24, "fields": {"name": "Irish", "name_local": "Gaeilge", "isocode": "ga", "sorting": 0}}, {"model": "languages.language", "pk": 25, "fields": {"name": "Scottish Gaelic", "name_local": "Gàidhlig", "isocode": "gd", "sorting": 0}}, {"model": "languages.language", "pk": 26, "fields": {"name": "Galician", "name_local": "galego", "isocode": "gl", "sorting": 0}}, {"model": "languages.language", "pk": 27, "fields": {"name": "Hebrew", "name_local": "עברית", "isocode": "he", "sorting": 0}}, {"model": "languages.language", "pk": 28, "fields": {"name": "Hindi", "name_local": "हिंदी", "isocode": "hi", "sorting": 0}}, {"model": "languages.language", "pk": 29, "fields": {"name": "Croatian", "name_local": "Hrvatski", "isocode": "hr", "sorting": 0}}, {"model": "languages.language", "pk": 30, "fields": {"name": "Hungarian", "name_local": "Magyar", "isocode": "hu", "sorting": 0}}, {"model": "languages.language", "pk": 31, "fields": {"name": "Armenian", "name_local": "հայերեն", "isocode": "hy", "sorting": 0}}, {"model": "languages.language", "pk": 32, "fields": {"name": "Interlingua", "name_local": "Interlingua", "isocode": "ia", "sorting": 0}}, {"model": "languages.language", "pk": 33, "fields": {"name": "Ido", "name_local": "ido", "isocode": "io", "sorting": 0}}, {"model": "languages.language", "pk": 34, "fields": {"name": "Indonesian", "name_local": "Bahasa Indonesia", "isocode": "id", "sorting": 0}}, {"model": "languages.language", "pk": 35, "fields": {"name": "Igbo", "name_local": "Asụsụ Ìgbò", "isocode": "ig", "sorting": 0}}, {"model": "languages.language", "pk": 36, "fields": {"name": "Icelandic", "name_local": "Íslenska", "isocode": "is", "sorting": 0}}, {"model": "languages.language", "pk": 37, "fields": {"name": "Italian", "name_local": "italiano", "isocode": "it", "sorting": 2}}, {"model": "languages.language", "pk": 38, "fields": {"name": "Japanese", "name_local": "日本語", "isocode": "ja", "sorting": 2}}, {"model": "languages.language", "pk": 39, "fields": {"name": "Georgian", "name_local": "ქართული", "isocode": "ka", "sorting": 0}}, {"model": "languages.language", "pk": 40, "fields": {"name": "Kazakh", "name_local": "Қазақ", "isocode": "kk", "sorting": 0}}, {"model": "languages.language", "pk": 41, "fields": {"name": "Khmer", "name_local": "Khmer", "isocode": "km", "sorting": 0}}, {"model": "languages.language", "pk": 42, "fields": {"name": "Kannada", "name_local": "Kannada", "isocode": "kn", "sorting": 0}}, {"model": "languages.language", "pk": 43, "fields": {"name": "Korean", "name_local": "한국어", "isocode": "ko", "sorting": 2}}, {"model": "languages.language", "pk": 44, "fields": {"name": "Kyrgyz", "name_local": "Кыргызча", "isocode": "ky", "sorting": 0}}, {"model": "languages.language", "pk": 45, "fields": {"name": "Luxembourgish", "name_local": "Lëtzebuergesch", "isocode": "lb", "sorting": 0}}, {"model": "languages.language", "pk": 46, "fields": {"name": "Lithuanian", "name_local": "Lietuviškai", "isocode": "lt", "sorting": 0}}, {"model": "languages.language", "pk": 47, "fields": {"name": "Latvian", "name_local": "latviešu", "isocode": "lv", "sorting": 0}}, {"model": "languages.language", "pk": 48, "fields": {"name": "Macedonian", "name_local": "Македонски", "isocode": "mk", "sorting": 0}}, {"model": "languages.language", "pk": 49, "fields": {"name": "Malayalam", "name_local": "മലയാളം", "isocode": "ml", "sorting": 0}}, {"model": "languages.language", "pk": 50, "fields": {"name": "Mongolian", "name_local": "Mongolian", "isocode": "mn", "sorting": 0}}, {"model": "languages.language", "pk": 51, "fields": {"name": "Marathi", "name_local": "मराठी", "isocode": "mr", "sorting": 0}}, {"model": "languages.language", "pk": 52, "fields": {"name": "Malay", "name_local": "Bahasa Melayu", "isocode": "ms", "sorting": 0}}, {"model": "languages.language", "pk": 53, "fields": {"name": "Burmese", "name_local": "မြန်မာဘာသာ", "isocode": "my", "sorting": 0}}, {"model": "languages.language", "pk": 54, "fields": {"name": "Norwegian Bokmal", "name_local": "norsk (bokmål)", "isocode": "nb", "sorting": 0}}, {"model": "languages.language", "pk": 55, "fields": {"name": "Nepali", "name_local": "नेपाली", "isocode": "ne", "sorting": 0}}, {"model": "languages.language", "pk": 56, "fields": {"name": "Dutch", "name_local": "Nederlands", "isocode": "nl", "sorting": 1}}, {"model": "languages.language", "pk": 57, "fields": {"name": "Norwegian Nynorsk", "name_local": "norsk (nynorsk)", "isocode": "nn", "sorting": 0}}, {"model": "languages.language", "pk": 58, "fields": {"name": "Norwegian", "name_local": "norsk", "isocode": "no", "sorting": 0}}, {"model": "languages.language", "pk": 59, "fields": {"name": "Ossetic", "name_local": "Ирон", "isocode": "os", "sorting": 0}}, {"model": "languages.language", "pk": 60, "fields": {"name": "Punjabi", "name_local": "Punjabi", "isocode": "pa", "sorting": 0}}, {"model": "languages.language", "pk": 61, "fields": {"name": "Polish", "name_local": "polski", "isocode": "pl", "sorting": 0}}, {"model": "languages.language", "pk": 62, "fields": {"name": "Portuguese", "name_local": "Português", "isocode": "pt", "sorting": 0}}, {"model": "languages.language", "pk": 63, "fields": {"name": "Romanian", "name_local": "Română", "isocode": "ro", "sorting": 1}}, {"model": "languages.language", "pk": 64, "fields": {"name": "Russian", "name_local": "Русский", "isocode": "ru", "sorting": 2}}, {"model": "languages.language", "pk": 65, "fields": {"name": "Slovak", "name_local": "Slovensky", "isocode": "sk", "sorting": 0}}, {"model": "languages.language", "pk": 66, "fields": {"name": "Slovenian", "name_local": "Slovenščina", "isocode": "sl", "sorting": 0}}, {"model": "languages.language", "pk": 67, "fields": {"name": "Albanian", "name_local": "shqip", "isocode": "sq", "sorting": 0}}, {"model": "languages.language", "pk": 68, "fields": {"name": "Serbian", "name_local": "српски", "isocode": "sr", "sorting": 0}}, {"model": "languages.language", "pk": 69, "fields": {"name": "Swedish", "name_local": "svenska", "isocode": "sv", "sorting": 0}}, {"model": "languages.language", "pk": 70, "fields": {"name": "Swahili", "name_local": "Kiswahili", "isocode": "sw", "sorting": 0}}, {"model": "languages.language", "pk": 71, "fields": {"name": "Tamil", "name_local": "தமிழ்", "isocode": "ta", "sorting": 0}}, {"model": "languages.language", "pk": 72, "fields": {"name": "Telugu", "name_local": "తెలుగు", "isocode": "te", "sorting": 0}}, {"model": "languages.language", "pk": 73, "fields": {"name": "Tajik", "name_local": "тоҷикӣ", "isocode": "tg", "sorting": 0}}, {"model": "languages.language", "pk": 74, "fields": {"name": "Thai", "name_local": "ภาษาไทย", "isocode": "th", "sorting": 0}}, {"model": "languages.language", "pk": 75, "fields": {"name": "Turkmen", "name_local": "Türkmençe", "isocode": "tk", "sorting": 0}}, {"model": "languages.language", "pk": 76, "fields": {"name": "Turkish", "name_local": "Türkçe", "isocode": "tr", "sorting": 1}}, {"model": "languages.language", "pk": 77, "fields": {"name": "Tatar", "name_local": "Татарча", "isocode": "tt", "sorting": 0}}, {"model": "languages.language", "pk": 78, "fields": {"name": "Ukrainian", "name_local": "Українська", "isocode": "uk", "sorting": 0}}, {"model": "languages.language", "pk": 79, "fields": {"name": "Urdu", "name_local": "اردو", "isocode": "ur", "sorting": 0}}, {"model": "languages.language", "pk": 80, "fields": {"name": "Uzbek", "name_local": "oʻzbek tili", "isocode": "uz", "sorting": 0}}, {"model": "languages.language", "pk": 81, "fields": {"name": "Vietnamese", "name_local": "Tiếng Việt", "isocode": "vi", "sorting": 0}}, {"model": "languages.userlanguage", "pk": 1, "fields": {"created": "2023-09-18T20:20:29.879Z", "user": 4, "language": 1, "is_native": false}}, {"model": "languages.userlanguage", "pk": 2, "fields": {"created": "2023-09-18T20:29:25.085Z", "user": 2, "language": 17, "is_native": false}}, {"model": "languages.userlanguage", "pk": 3, "fields": {"created": "2023-09-18T20:34:44.859Z", "user": 4, "language": 64, "is_native": true}}, {"model": "languages.userlanguage", "pk": 6, "fields": {"created": "2023-10-12T08:18:29.031Z", "user": 2, "language": 1, "is_native": false}}, {"model": "languages.userlanguage", "pk": 7, "fields": {"created": "2023-10-12T08:18:57.644Z", "user": 2, "language": 64, "is_native": true}}, {"model": "users.user", "pk": 1, "fields": {"password": "pbkdf2_sha256$600000$3y9VUxfJ8e08MqmTfQKA2u$Y/HHvtapNajHvfYRFluStB1Mv6oRNB1ChfE2xDuLXS0=", "last_login": "2023-11-04T09:36:42.241Z", "is_superuser": true, "username": "admin", "first_name": "", "is_staff": true, "is_active": true, "date_joined": "2023-09-07T09:28:39.692Z", "email": "admin@example.com", "slug": "", "gender": null, "image": "", "groups": [], "user_permissions": []}}, {"model": "users.user", "pk": 2, "fields": {"password": "pbkdf2_sha256$600000$nKL8ulZASFtddKdlPjnRYK$n1O8ACZcEYDvqmnqfbgBEGFI5gour4HRecI56RTDPA8=", "last_login": "2023-10-11T18:14:45.638Z", "is_superuser": false, "username": "test_user1", "first_name": "Ivan", "is_staff": false, "is_active": true, "date_joined": "2023-09-07T09:37:35Z", "email": "user@example.com", "slug": "test_user1", "gender": "M", "image": "", "groups": [], "user_permissions": []}}, {"model": "users.user", "pk": 4, "fields": {"password": "pbkdf2_sha256$600000$g4cQzGjFE4WKJqZfs0Dj3x$D58/Rw2IHPdcDcJvSZTTNoO/+Kih+sf3/BWla2tiC2o=", "last_login": "2023-10-11T18:33:50.856Z", "is_superuser": false, "username": "test_user2", "first_name": "", "is_staff": false, "is_active": true, "date_joined": "2023-09-24T18:42:22Z", "email": "user2@example.com", "slug": "test_user2", "gender": null, "image": "", "groups": [], "user_permissions": []}}]