[{"model": "admin.logentry", "pk": 1, "fields": {"action_time": "2023-09-10T16:21:20.421Z", "user": 1, "content_type": 18, "object_id": "1", "object_repr": "test", "action_flag": 1, "change_message": "[{\"added\": {}}]"}}, {"model": "admin.logentry", "pk": 2, "fields": {"action_time": "2023-09-10T16:21:33.950Z", "user": 1, "content_type": 10, "object_id": "1", "object_repr": "test", "action_flag": 1, "change_message": "[{\"added\": {}}]"}}, {"model": "admin.logentry", "pk": 3, "fields": {"action_time": "2023-09-10T16:34:26.850Z", "user": 1, "content_type": 22, "object_id": "1", "object_repr": "`test` means `test` (definition was added at 2023-09-10 16:34:26.846457+00:00)", "action_flag": 1, "change_message": "[{\"added\": {}}]"}}, {"model": "admin.logentry", "pk": 4, "fields": {"action_time": "2023-09-12T19:58:03.632Z", "user": 1, "content_type": 10, "object_id": "2", "object_repr": "test 2", "action_flag": 1, "change_message": "[{\"added\": {}}]"}}, {"model": "admin.logentry", "pk": 5, "fields": {"action_time": "2023-09-12T19:58:16.707Z", "user": 1, "content_type": 22, "object_id": "2", "object_repr": "`test` means `test 2` (definition was added at 2023-09-12 19:58:16.704558+00:00)", "action_flag": 1, "change_message": "[{\"added\": {}}]"}}, {"model": "admin.logentry", "pk": 6, "fields": {"action_time": "2023-09-18T19:59:38.070Z", "user": 1, "content_type": 29, "object_id": "5", "object_repr": "test_user4", "action_flag": 3, "change_message": ""}}, {"model": "admin.logentry", "pk": 7, "fields": {"action_time": "2023-09-18T19:59:38.088Z", "user": 1, "content_type": 29, "object_id": "4", "object_repr": "test_user3", "action_flag": 3, "change_message": ""}}, {"model": "admin.logentry", "pk": 8, "fields": {"action_time": "2023-09-18T19:59:38.104Z", "user": 1, "content_type": 29, "object_id": "3", "object_repr": "test_user2", "action_flag": 3, "change_message": ""}}, {"model": "admin.logentry", "pk": 9, "fields": {"action_time": "2023-09-18T20:00:26.323Z", "user": 1, "content_type": 29, "object_id": "2", "object_repr": "test_user1", "action_flag": 2, "change_message": "[{\"changed\": {\"fields\": [\"Username\", \"First name\", \"Slug\", \"Gender\"]}}]"}}, {"model": "admin.logentry", "pk": 10, "fields": {"action_time": "2023-09-18T20:01:38.649Z", "user": 1, "content_type": 29, "object_id": "6", "object_repr": "test_user2", "action_flag": 1, "change_message": "[{\"added\": {}}]"}}, {"model": "admin.logentry", "pk": 11, "fields": {"action_time": "2023-09-18T20:20:29.883Z", "user": 1, "content_type": 36, "object_id": "1", "object_repr": "UserLanguage object (1)", "action_flag": 1, "change_message": "[{\"added\": {}}]"}}, {"model": "admin.logentry", "pk": 12, "fields": {"action_time": "2023-09-18T20:29:25.088Z", "user": 1, "content_type": 36, "object_id": "2", "object_repr": "UserLanguage object (2)", "action_flag": 1, "change_message": "[{\"added\": {}}]"}}, {"model": "admin.logentry", "pk": 13, "fields": {"action_time": "2023-09-18T20:34:44.861Z", "user": 1, "content_type": 36, "object_id": "3", "object_repr": "Russian (Русский) is native for test_user1", "action_flag": 1, "change_message": "[{\"added\": {}}]"}}, {"model": "admin.logentry", "pk": 14, "fields": {"action_time": "2023-09-18T20:34:55.374Z", "user": 1, "content_type": 36, "object_id": "4", "object_repr": "test_user2 learns English (English)", "action_flag": 1, "change_message": "[{\"added\": {}}]"}}, {"model": "admin.logentry", "pk": 15, "fields": {"action_time": "2023-09-18T20:35:07.525Z", "user": 1, "content_type": 36, "object_id": "5", "object_repr": "Russian (Русский) is native for test_user2", "action_flag": 1, "change_message": "[{\"added\": {}}]"}}, {"model": "admin.logentry", "pk": 16, "fields": {"action_time": "2023-09-18T20:41:02.754Z", "user": 1, "content_type": 14, "object_id": "1", "object_repr": "курс лингволео", "action_flag": 1, "change_message": "[{\"added\": {}}]"}}, {"model": "admin.logentry", "pk": 17, "fields": {"action_time": "2023-09-18T20:41:06.197Z", "user": 1, "content_type": 18, "object_id": "2", "object_repr": "Ambiguos", "action_flag": 1, "change_message": "[{\"added\": {}}]"}}, {"model": "admin.logentry", "pk": 18, "fields": {"action_time": "2023-09-18T20:41:21.577Z", "user": 1, "content_type": 18, "object_id": "2", "object_repr": "Ambiguos", "action_flag": 2, "change_message": "[{\"changed\": {\"fields\": [\"Type\"]}}]"}}, {"model": "admin.logentry", "pk": 19, "fields": {"action_time": "2023-09-18T20:43:23.492Z", "user": 1, "content_type": 14, "object_id": "2", "object_repr": "легкое", "action_flag": 1, "change_message": "[{\"added\": {}}]"}}, {"model": "admin.logentry", "pk": 20, "fields": {"action_time": "2023-09-18T20:43:30.166Z", "user": 1, "content_type": 18, "object_id": "3", "object_repr": "Learn", "action_flag": 1, "change_message": "[{\"added\": {}}]"}}, {"model": "admin.logentry", "pk": 21, "fields": {"action_time": "2023-09-18T20:44:22.288Z", "user": 1, "content_type": 18, "object_id": "4", "object_repr": "Take the mickey", "action_flag": 1, "change_message": "[{\"added\": {}}]"}}, {"model": "admin.logentry", "pk": 22, "fields": {"action_time": "2023-09-18T20:45:11.880Z", "user": 1, "content_type": 14, "object_id": "3", "object_repr": "for job'", "action_flag": 1, "change_message": "[{\"added\": {}}]"}}, {"model": "admin.logentry", "pk": 23, "fields": {"action_time": "2023-09-18T20:45:25.732Z", "user": 1, "content_type": 18, "object_id": "5", "object_repr": "Software", "action_flag": 1, "change_message": "[{\"added\": {}}]"}}, {"model": "admin.logentry", "pk": 24, "fields": {"action_time": "2023-09-18T20:45:35.781Z", "user": 1, "content_type": 14, "object_id": "3", "object_repr": "for job'", "action_flag": 3, "change_message": ""}}, {"model": "admin.logentry", "pk": 25, "fields": {"action_time": "2023-09-18T20:45:50.323Z", "user": 1, "content_type": 14, "object_id": "4", "object_repr": "for job", "action_flag": 1, "change_message": "[{\"added\": {}}]"}}, {"model": "admin.logentry", "pk": 26, "fields": {"action_time": "2023-09-18T20:45:53.946Z", "user": 1, "content_type": 18, "object_id": "5", "object_repr": "Software", "action_flag": 2, "change_message": "[{\"changed\": {\"fields\": [\"Word tags\"]}}]"}}, {"model": "admin.logentry", "pk": 27, "fields": {"action_time": "2023-09-18T20:47:21.462Z", "user": 1, "content_type": 18, "object_id": "6", "object_repr": "Requirements", "action_flag": 1, "change_message": "[{\"added\": {}}]"}}, {"model": "admin.logentry", "pk": 28, "fields": {"action_time": "2023-09-18T20:47:29.450Z", "user": 1, "content_type": 18, "object_id": "5", "object_repr": "Software", "action_flag": 2, "change_message": "[{\"changed\": {\"fields\": [\"Word tags\"]}}]"}}, {"model": "admin.logentry", "pk": 29, "fields": {"action_time": "2023-09-18T20:50:32.521Z", "user": 1, "content_type": 14, "object_id": "5", "object_repr": "разговорное", "action_flag": 1, "change_message": "[{\"added\": {}}]"}}, {"model": "admin.logentry", "pk": 30, "fields": {"action_time": "2023-09-18T20:50:35.231Z", "user": 1, "content_type": 18, "object_id": "7", "object_repr": "Salud", "action_flag": 1, "change_message": "[{\"added\": {}}]"}}, {"model": "admin.logentry", "pk": 31, "fields": {"action_time": "2023-09-18T20:51:45.300Z", "user": 1, "content_type": 18, "object_id": "8", "object_repr": "Tiempo", "action_flag": 1, "change_message": "[{\"added\": {}}]"}}, {"model": "admin.logentry", "pk": 32, "fields": {"action_time": "2023-09-18T20:52:30.949Z", "user": 1, "content_type": 18, "object_id": "9", "object_repr": "Ayer", "action_flag": 1, "change_message": "[{\"added\": {}}]"}}, {"model": "admin.logentry", "pk": 33, "fields": {"action_time": "2023-09-18T20:53:21.784Z", "user": 1, "content_type": 18, "object_id": "4", "object_repr": "Take the mickey", "action_flag": 2, "change_message": "[{\"changed\": {\"fields\": [\"Is the word problematic for you\"]}}]"}}, {"model": "admin.logentry", "pk": 34, "fields": {"action_time": "2023-09-18T20:56:09.184Z", "user": 1, "content_type": 18, "object_id": "10", "object_repr": "End up with", "action_flag": 1, "change_message": "[{\"added\": {}}]"}}, {"model": "admin.logentry", "pk": 35, "fields": {"action_time": "2023-09-18T20:57:07.966Z", "user": 1, "content_type": 18, "object_id": "11", "object_repr": "Hike", "action_flag": 1, "change_message": "[{\"added\": {}}]"}}, {"model": "admin.logentry", "pk": 36, "fields": {"action_time": "2023-09-18T20:57:53.481Z", "user": 1, "content_type": 18, "object_id": "12", "object_repr": "Go to greate lengths", "action_flag": 1, "change_message": "[{\"added\": {}}]"}}, {"model": "admin.logentry", "pk": 37, "fields": {"action_time": "2023-09-18T20:59:35.111Z", "user": 1, "content_type": 18, "object_id": "13", "object_repr": "Non-profit", "action_flag": 1, "change_message": "[{\"added\": {}}]"}}, {"model": "admin.logentry", "pk": 38, "fields": {"action_time": "2023-09-18T20:59:44.492Z", "user": 1, "content_type": 18, "object_id": "2", "object_repr": "Ambiguos", "action_flag": 2, "change_message": "[{\"changed\": {\"fields\": [\"Type\"]}}]"}}, {"model": "admin.logentry", "pk": 39, "fields": {"action_time": "2023-09-18T21:07:24.361Z", "user": 1, "content_type": 17, "object_id": "1", "object_repr": "Please install requirements", "action_flag": 1, "change_message": "[{\"added\": {}}]"}}, {"model": "admin.logentry", "pk": 40, "fields": {"action_time": "2023-09-18T21:07:45.197Z", "user": 1, "content_type": 19, "object_id": "1", "object_repr": "Usage example of `Requirements`: Please install requirements (example was added at 2023-09-18 21:07:45.194727+00:00)", "action_flag": 1, "change_message": "[{\"added\": {}}]"}}, {"model": "admin.logentry", "pk": 41, "fields": {"action_time": "2023-09-18T21:09:54.760Z", "user": 1, "content_type": 17, "object_id": "2", "object_repr": "His phrases were too ambiguous", "action_flag": 1, "change_message": "[{\"added\": {}}]"}}, {"model": "admin.logentry", "pk": 42, "fields": {"action_time": "2023-09-18T21:09:58.790Z", "user": 1, "content_type": 19, "object_id": "2", "object_repr": "Usage example of `Ambiguos`: His phrases were too ambiguous (example was added at 2023-09-18 21:09:58.788691+00:00)", "action_flag": 1, "change_message": "[{\"added\": {}}]"}}, {"model": "admin.logentry", "pk": 43, "fields": {"action_time": "2023-09-18T21:11:43.639Z", "user": 1, "content_type": 17, "object_id": "1", "object_repr": "Please install requirements for this app", "action_flag": 2, "change_message": "[{\"changed\": {\"fields\": [\"Usage example\"]}}]"}}, {"model": "admin.logentry", "pk": 44, "fields": {"action_time": "2023-09-18T21:11:46.087Z", "user": 1, "content_type": 19, "object_id": "1", "object_repr": "Usage example of `Requirements`: Please install requirements for this app (example was added at 2023-09-18 21:07:45.194727+00:00)", "action_flag": 2, "change_message": "[]"}}, {"model": "admin.logentry", "pk": 45, "fields": {"action_time": "2023-09-18T21:14:15.029Z", "user": 1, "content_type": 17, "object_id": "2", "object_repr": "His writing style is often considered ambiguous, making it difficult to understand his intentions", "action_flag": 2, "change_message": "[{\"changed\": {\"fields\": [\"Usage example\"]}}]"}}, {"model": "admin.logentry", "pk": 46, "fields": {"action_time": "2023-09-18T21:14:17.160Z", "user": 1, "content_type": 19, "object_id": "2", "object_repr": "Usage example of `Ambiguos`: His writing style is often considered ambiguous, making it difficult to understand his intentions (example was added at 2023-09-18 21:09:58.788691+00:00)", "action_flag": 2, "change_message": "[]"}}, {"model": "admin.logentry", "pk": 47, "fields": {"action_time": "2023-09-18T21:15:19.134Z", "user": 1, "content_type": 17, "object_id": "3", "object_repr": "The phrase “ambiguous sign” indicated that the road ahead was closed.", "action_flag": 1, "change_message": "[{\"added\": {}}]"}}, {"model": "admin.logentry", "pk": 48, "fields": {"action_time": "2023-09-18T21:15:20.855Z", "user": 1, "content_type": 19, "object_id": "3", "object_repr": "Usage example of `Ambiguos`: The phrase “ambiguous sign” indicated that the road ahead was closed. (example was added at 2023-09-18 21:15:20.853940+00:00)", "action_flag": 1, "change_message": "[{\"added\": {}}]"}}, {"model": "admin.logentry", "pk": 49, "fields": {"action_time": "2023-09-18T21:16:03.360Z", "user": 1, "content_type": 17, "object_id": "4", "object_repr": "The jury’s decision was ambiguous, leaving many questions unanswered.", "action_flag": 1, "change_message": "[{\"added\": {}}]"}}, {"model": "admin.logentry", "pk": 50, "fields": {"action_time": "2023-09-18T21:16:04.974Z", "user": 1, "content_type": 19, "object_id": "4", "object_repr": "Usage example of `Ambiguos`: The jury’s decision was ambiguous, leaving many questions unanswered. (example was added at 2023-09-18 21:16:04.972739+00:00)", "action_flag": 1, "change_message": "[{\"added\": {}}]"}}, {"model": "admin.logentry", "pk": 51, "fields": {"action_time": "2023-09-18T21:17:20.481Z", "user": 1, "content_type": 15, "object_id": "1", "object_repr": "Двусмысленный", "action_flag": 1, "change_message": "[{\"added\": {}}]"}}, {"model": "admin.logentry", "pk": 52, "fields": {"action_time": "2023-09-18T21:17:21.948Z", "user": 1, "content_type": 20, "object_id": "1", "object_repr": "`Ambiguos` is translated as `Двусмысленный` (translation was added at 2023-09-18 21:17:21.945312+00:00)", "action_flag": 1, "change_message": "[{\"added\": {}}]"}}, {"model": "admin.logentry", "pk": 53, "fields": {"action_time": "2023-09-18T21:17:45.474Z", "user": 1, "content_type": 15, "object_id": "2", "object_repr": "Изучать", "action_flag": 1, "change_message": "[{\"added\": {}}]"}}, {"model": "admin.logentry", "pk": 54, "fields": {"action_time": "2023-09-18T21:17:51.120Z", "user": 1, "content_type": 20, "object_id": "2", "object_repr": "`Learn` is translated as `Изучать` (translation was added at 2023-09-18 21:17:51.118099+00:00)", "action_flag": 1, "change_message": "[{\"added\": {}}]"}}, {"model": "admin.logentry", "pk": 55, "fields": {"action_time": "2023-09-18T21:18:47.256Z", "user": 1, "content_type": 15, "object_id": "3", "object_repr": "Сомнительный", "action_flag": 1, "change_message": "[{\"added\": {}}]"}}, {"model": "admin.logentry", "pk": 56, "fields": {"action_time": "2023-09-18T21:18:49.317Z", "user": 1, "content_type": 20, "object_id": "3", "object_repr": "`Ambiguos` is translated as `Сомнительный` (translation was added at 2023-09-18 21:18:49.314501+00:00)", "action_flag": 1, "change_message": "[{\"added\": {}}]"}}, {"model": "admin.logentry", "pk": 57, "fields": {"action_time": "2023-09-18T21:19:31.647Z", "user": 1, "content_type": 15, "object_id": "4", "object_repr": "Требования", "action_flag": 1, "change_message": "[{\"added\": {}}]"}}, {"model": "admin.logentry", "pk": 58, "fields": {"action_time": "2023-09-18T21:19:33.010Z", "user": 1, "content_type": 20, "object_id": "4", "object_repr": "`Requirements` is translated as `Требования` (translation was added at 2023-09-18 21:19:33.008109+00:00)", "action_flag": 1, "change_message": "[{\"added\": {}}]"}}, {"model": "admin.logentry", "pk": 59, "fields": {"action_time": "2023-09-18T21:19:56.290Z", "user": 1, "content_type": 15, "object_id": "5", "object_repr": "Обсуждать кого-то", "action_flag": 1, "change_message": "[{\"added\": {}}]"}}, {"model": "admin.logentry", "pk": 60, "fields": {"action_time": "2023-09-18T21:19:58.346Z", "user": 1, "content_type": 20, "object_id": "5", "object_repr": "`Take the mickey` is translated as `Обсуждать кого-то` (translation was added at 2023-09-18 21:19:58.344808+00:00)", "action_flag": 1, "change_message": "[{\"added\": {}}]"}}, {"model": "admin.logentry", "pk": 61, "fields": {"action_time": "2023-09-18T21:21:36.918Z", "user": 1, "content_type": 15, "object_id": "6", "object_repr": "Bless you", "action_flag": 1, "change_message": "[{\"added\": {}}]"}}, {"model": "admin.logentry", "pk": 62, "fields": {"action_time": "2023-09-18T21:21:43.612Z", "user": 1, "content_type": 20, "object_id": "6", "object_repr": "`Salud` is translated as `Bless you` (translation was added at 2023-09-18 21:21:43.610697+00:00)", "action_flag": 1, "change_message": "[{\"added\": {}}]"}}, {"model": "admin.logentry", "pk": 63, "fields": {"action_time": "2023-09-18T21:22:33.716Z", "user": 1, "content_type": 15, "object_id": "7", "object_repr": "Time", "action_flag": 1, "change_message": "[{\"added\": {}}]"}}, {"model": "admin.logentry", "pk": 64, "fields": {"action_time": "2023-09-18T21:22:52.296Z", "user": 1, "content_type": 20, "object_id": "7", "object_repr": "`Tiempo` is translated as `Time` (translation was added at 2023-09-18 21:22:52.294473+00:00)", "action_flag": 1, "change_message": "[{\"added\": {}}]"}}, {"model": "admin.logentry", "pk": 65, "fields": {"action_time": "2023-09-18T21:24:49.861Z", "user": 1, "content_type": 17, "object_id": "5", "object_repr": "Non-profit institution", "action_flag": 1, "change_message": "[{\"added\": {}}]"}}, {"model": "admin.logentry", "pk": 66, "fields": {"action_time": "2023-09-18T21:24:51.914Z", "user": 1, "content_type": 19, "object_id": "5", "object_repr": "Usage example of `Non-profit`: Non-profit institution (example was added at 2023-09-18 21:24:51.911643+00:00)", "action_flag": 1, "change_message": "[{\"added\": {}}]"}}, {"model": "admin.logentry", "pk": 67, "fields": {"action_time": "2023-09-18T21:25:50.419Z", "user": 1, "content_type": 10, "object_id": "3", "object_repr": "Finish with consequences", "action_flag": 1, "change_message": "[{\"added\": {}}]"}}, {"model": "admin.logentry", "pk": 68, "fields": {"action_time": "2023-09-18T21:25:51.712Z", "user": 1, "content_type": 22, "object_id": "3", "object_repr": "`End up with` means `Finish with consequences` (definition was added at 2023-09-18 21:25:51.710395+00:00)", "action_flag": 1, "change_message": "[{\"added\": {}}]"}}, {"model": "admin.logentry", "pk": 69, "fields": {"action_time": "2023-09-18T21:26:58.711Z", "user": 1, "content_type": 18, "object_id": "14", "object_repr": "Increase", "action_flag": 1, "change_message": "[{\"added\": {}}]"}}, {"model": "admin.logentry", "pk": 70, "fields": {"action_time": "2023-09-18T21:27:01.296Z", "user": 1, "content_type": 13, "object_id": "1", "object_repr": "`Hike` is synonym for `Increase`", "action_flag": 1, "change_message": "[{\"added\": {}}]"}}, {"model": "admin.logentry", "pk": 71, "fields": {"action_time": "2023-09-18T21:29:26.434Z", "user": 1, "content_type": 18, "object_id": "15", "object_repr": "Do your best", "action_flag": 1, "change_message": "[{\"added\": {}}]"}}, {"model": "admin.logentry", "pk": 72, "fields": {"action_time": "2023-09-18T21:29:27.935Z", "user": 1, "content_type": 13, "object_id": "2", "object_repr": "`Go to greate lengths` is synonym for `Do your best`", "action_flag": 1, "change_message": "[{\"added\": {}}]"}}, {"model": "auth.permission", "pk": 1, "fields": {"name": "Can add log entry", "content_type": 1, "codename": "add_logentry"}}, {"model": "auth.permission", "pk": 2, "fields": {"name": "Can change log entry", "content_type": 1, "codename": "change_logentry"}}, {"model": "auth.permission", "pk": 3, "fields": {"name": "Can delete log entry", "content_type": 1, "codename": "delete_logentry"}}, {"model": "auth.permission", "pk": 4, "fields": {"name": "Can view log entry", "content_type": 1, "codename": "view_logentry"}}, {"model": "auth.permission", "pk": 5, "fields": {"name": "Can add permission", "content_type": 2, "codename": "add_permission"}}, {"model": "auth.permission", "pk": 6, "fields": {"name": "Can change permission", "content_type": 2, "codename": "change_permission"}}, {"model": "auth.permission", "pk": 7, "fields": {"name": "Can delete permission", "content_type": 2, "codename": "delete_permission"}}, {"model": "auth.permission", "pk": 8, "fields": {"name": "Can view permission", "content_type": 2, "codename": "view_permission"}}, {"model": "auth.permission", "pk": 9, "fields": {"name": "Can add group", "content_type": 3, "codename": "add_group"}}, {"model": "auth.permission", "pk": 10, "fields": {"name": "Can change group", "content_type": 3, "codename": "change_group"}}, {"model": "auth.permission", "pk": 11, "fields": {"name": "Can delete group", "content_type": 3, "codename": "delete_group"}}, {"model": "auth.permission", "pk": 12, "fields": {"name": "Can view group", "content_type": 3, "codename": "view_group"}}, {"model": "auth.permission", "pk": 13, "fields": {"name": "Can add content type", "content_type": 4, "codename": "add_contenttype"}}, {"model": "auth.permission", "pk": 14, "fields": {"name": "Can change content type", "content_type": 4, "codename": "change_contenttype"}}, {"model": "auth.permission", "pk": 15, "fields": {"name": "Can delete content type", "content_type": 4, "codename": "delete_contenttype"}}, {"model": "auth.permission", "pk": 16, "fields": {"name": "Can view content type", "content_type": 4, "codename": "view_contenttype"}}, {"model": "auth.permission", "pk": 17, "fields": {"name": "Can add session", "content_type": 5, "codename": "add_session"}}, {"model": "auth.permission", "pk": 18, "fields": {"name": "Can change session", "content_type": 5, "codename": "change_session"}}, {"model": "auth.permission", "pk": 19, "fields": {"name": "Can delete session", "content_type": 5, "codename": "delete_session"}}, {"model": "auth.permission", "pk": 20, "fields": {"name": "Can view session", "content_type": 5, "codename": "view_session"}}, {"model": "auth.permission", "pk": 21, "fields": {"name": "Can add Token", "content_type": 6, "codename": "add_token"}}, {"model": "auth.permission", "pk": 22, "fields": {"name": "Can change Token", "content_type": 6, "codename": "change_token"}}, {"model": "auth.permission", "pk": 23, "fields": {"name": "Can delete Token", "content_type": 6, "codename": "delete_token"}}, {"model": "auth.permission", "pk": 24, "fields": {"name": "Can view Token", "content_type": 6, "codename": "view_token"}}, {"model": "auth.permission", "pk": 25, "fields": {"name": "Can add token", "content_type": 7, "codename": "add_tokenproxy"}}, {"model": "auth.permission", "pk": 26, "fields": {"name": "Can change token", "content_type": 7, "codename": "change_tokenproxy"}}, {"model": "auth.permission", "pk": 27, "fields": {"name": "Can delete token", "content_type": 7, "codename": "delete_tokenproxy"}}, {"model": "auth.permission", "pk": 28, "fields": {"name": "Can view token", "content_type": 7, "codename": "view_tokenproxy"}}, {"model": "auth.permission", "pk": 29, "fields": {"name": "Can add Antonym", "content_type": 8, "codename": "add_antonym"}}, {"model": "auth.permission", "pk": 30, "fields": {"name": "Can change Antonym", "content_type": 8, "codename": "change_antonym"}}, {"model": "auth.permission", "pk": 31, "fields": {"name": "Can delete Antonym", "content_type": 8, "codename": "delete_antonym"}}, {"model": "auth.permission", "pk": 32, "fields": {"name": "Can view Antonym", "content_type": 8, "codename": "view_antonym"}}, {"model": "auth.permission", "pk": 33, "fields": {"name": "Can add Collection", "content_type": 9, "codename": "add_collection"}}, {"model": "auth.permission", "pk": 34, "fields": {"name": "Can change Collection", "content_type": 9, "codename": "change_collection"}}, {"model": "auth.permission", "pk": 35, "fields": {"name": "Can delete Collection", "content_type": 9, "codename": "delete_collection"}}, {"model": "auth.permission", "pk": 36, "fields": {"name": "Can view Collection", "content_type": 9, "codename": "view_collection"}}, {"model": "auth.permission", "pk": 37, "fields": {"name": "Can add Definition", "content_type": 10, "codename": "add_definition"}}, {"model": "auth.permission", "pk": 38, "fields": {"name": "Can change Definition", "content_type": 10, "codename": "change_definition"}}, {"model": "auth.permission", "pk": 39, "fields": {"name": "Can delete Definition", "content_type": 10, "codename": "delete_definition"}}, {"model": "auth.permission", "pk": 40, "fields": {"name": "Can view Definition", "content_type": 10, "codename": "view_definition"}}, {"model": "auth.permission", "pk": 41, "fields": {"name": "Can add Form", "content_type": 11, "codename": "add_form"}}, {"model": "auth.permission", "pk": 42, "fields": {"name": "Can change Form", "content_type": 11, "codename": "change_form"}}, {"model": "auth.permission", "pk": 43, "fields": {"name": "Can delete Form", "content_type": 11, "codename": "delete_form"}}, {"model": "auth.permission", "pk": 44, "fields": {"name": "Can view Form", "content_type": 11, "codename": "view_form"}}, {"model": "auth.permission", "pk": 45, "fields": {"name": "Can add Similar", "content_type": 12, "codename": "add_similar"}}, {"model": "auth.permission", "pk": 46, "fields": {"name": "Can change Similar", "content_type": 12, "codename": "change_similar"}}, {"model": "auth.permission", "pk": 47, "fields": {"name": "Can delete Similar", "content_type": 12, "codename": "delete_similar"}}, {"model": "auth.permission", "pk": 48, "fields": {"name": "Can view Similar", "content_type": 12, "codename": "view_similar"}}, {"model": "auth.permission", "pk": 49, "fields": {"name": "Can add Synonyms", "content_type": 13, "codename": "add_synonym"}}, {"model": "auth.permission", "pk": 50, "fields": {"name": "Can change Synonyms", "content_type": 13, "codename": "change_synonym"}}, {"model": "auth.permission", "pk": 51, "fields": {"name": "Can delete Synonyms", "content_type": 13, "codename": "delete_synonym"}}, {"model": "auth.permission", "pk": 52, "fields": {"name": "Can view Synonyms", "content_type": 13, "codename": "view_synonym"}}, {"model": "auth.permission", "pk": 53, "fields": {"name": "Can add Tag", "content_type": 14, "codename": "add_tag"}}, {"model": "auth.permission", "pk": 54, "fields": {"name": "Can change Tag", "content_type": 14, "codename": "change_tag"}}, {"model": "auth.permission", "pk": 55, "fields": {"name": "Can delete Tag", "content_type": 14, "codename": "delete_tag"}}, {"model": "auth.permission", "pk": 56, "fields": {"name": "Can view Tag", "content_type": 14, "codename": "view_tag"}}, {"model": "auth.permission", "pk": 57, "fields": {"name": "Can add Translation", "content_type": 15, "codename": "add_translation"}}, {"model": "auth.permission", "pk": 58, "fields": {"name": "Can change Translation", "content_type": 15, "codename": "change_translation"}}, {"model": "auth.permission", "pk": 59, "fields": {"name": "Can delete Translation", "content_type": 15, "codename": "delete_translation"}}, {"model": "auth.permission", "pk": 60, "fields": {"name": "Can view Translation", "content_type": 15, "codename": "view_translation"}}, {"model": "auth.permission", "pk": 61, "fields": {"name": "Can add Type", "content_type": 16, "codename": "add_type"}}, {"model": "auth.permission", "pk": 62, "fields": {"name": "Can change Type", "content_type": 16, "codename": "change_type"}}, {"model": "auth.permission", "pk": 63, "fields": {"name": "Can delete Type", "content_type": 16, "codename": "delete_type"}}, {"model": "auth.permission", "pk": 64, "fields": {"name": "Can view Type", "content_type": 16, "codename": "view_type"}}, {"model": "auth.permission", "pk": 65, "fields": {"name": "Can add Usage example", "content_type": 17, "codename": "add_usageexample"}}, {"model": "auth.permission", "pk": 66, "fields": {"name": "Can change Usage example", "content_type": 17, "codename": "change_usageexample"}}, {"model": "auth.permission", "pk": 67, "fields": {"name": "Can delete Usage example", "content_type": 17, "codename": "delete_usageexample"}}, {"model": "auth.permission", "pk": 68, "fields": {"name": "Can view Usage example", "content_type": 17, "codename": "view_usageexample"}}, {"model": "auth.permission", "pk": 69, "fields": {"name": "Can add Word or phrase", "content_type": 18, "codename": "add_word"}}, {"model": "auth.permission", "pk": 70, "fields": {"name": "Can change Word or phrase", "content_type": 18, "codename": "change_word"}}, {"model": "auth.permission", "pk": 71, "fields": {"name": "Can delete Word or phrase", "content_type": 18, "codename": "delete_word"}}, {"model": "auth.permission", "pk": 72, "fields": {"name": "Can view Word or phrase", "content_type": 18, "codename": "view_word"}}, {"model": "auth.permission", "pk": 73, "fields": {"name": "Can add Word usage example", "content_type": 19, "codename": "add_wordusageexamples"}}, {"model": "auth.permission", "pk": 74, "fields": {"name": "Can change Word usage example", "content_type": 19, "codename": "change_wordusageexamples"}}, {"model": "auth.permission", "pk": 75, "fields": {"name": "Can delete Word usage example", "content_type": 19, "codename": "delete_wordusageexamples"}}, {"model": "auth.permission", "pk": 76, "fields": {"name": "Can view Word usage example", "content_type": 19, "codename": "view_wordusageexamples"}}, {"model": "auth.permission", "pk": 77, "fields": {"name": "Can add Word translation", "content_type": 20, "codename": "add_wordtranslations"}}, {"model": "auth.permission", "pk": 78, "fields": {"name": "Can change Word translation", "content_type": 20, "codename": "change_wordtranslations"}}, {"model": "auth.permission", "pk": 79, "fields": {"name": "Can delete Word translation", "content_type": 20, "codename": "delete_wordtranslations"}}, {"model": "auth.permission", "pk": 80, "fields": {"name": "Can view Word translation", "content_type": 20, "codename": "view_wordtranslations"}}, {"model": "auth.permission", "pk": 81, "fields": {"name": "Can add Words in collections", "content_type": 21, "codename": "add_wordsincollections"}}, {"model": "auth.permission", "pk": 82, "fields": {"name": "Can change Words in collections", "content_type": 21, "codename": "change_wordsincollections"}}, {"model": "auth.permission", "pk": 83, "fields": {"name": "Can delete Words in collections", "content_type": 21, "codename": "delete_wordsincollections"}}, {"model": "auth.permission", "pk": 84, "fields": {"name": "Can view Words in collections", "content_type": 21, "codename": "view_wordsincollections"}}, {"model": "auth.permission", "pk": 85, "fields": {"name": "Can add Word definition", "content_type": 22, "codename": "add_worddefinitions"}}, {"model": "auth.permission", "pk": 86, "fields": {"name": "Can change Word definition", "content_type": 22, "codename": "change_worddefinitions"}}, {"model": "auth.permission", "pk": 87, "fields": {"name": "Can delete Word definition", "content_type": 22, "codename": "delete_worddefinitions"}}, {"model": "auth.permission", "pk": 88, "fields": {"name": "Can view Word definition", "content_type": 22, "codename": "view_worddefinitions"}}, {"model": "auth.permission", "pk": 89, "fields": {"name": "Can add Note", "content_type": 23, "codename": "add_note"}}, {"model": "auth.permission", "pk": 90, "fields": {"name": "Can change Note", "content_type": 23, "codename": "change_note"}}, {"model": "auth.permission", "pk": 91, "fields": {"name": "Can delete Note", "content_type": 23, "codename": "delete_note"}}, {"model": "auth.permission", "pk": 92, "fields": {"name": "Can view Note", "content_type": 23, "codename": "view_note"}}, {"model": "auth.permission", "pk": 93, "fields": {"name": "Can add Favorite word", "content_type": 24, "codename": "add_favoriteword"}}, {"model": "auth.permission", "pk": 94, "fields": {"name": "Can change Favorite word", "content_type": 24, "codename": "change_favoriteword"}}, {"model": "auth.permission", "pk": 95, "fields": {"name": "Can delete Favorite word", "content_type": 24, "codename": "delete_favoriteword"}}, {"model": "auth.permission", "pk": 96, "fields": {"name": "Can view Favorite word", "content_type": 24, "codename": "view_favoriteword"}}, {"model": "auth.permission", "pk": 97, "fields": {"name": "Can add Favorite collection", "content_type": 25, "codename": "add_favoritecollection"}}, {"model": "auth.permission", "pk": 98, "fields": {"name": "Can change Favorite collection", "content_type": 25, "codename": "change_favoritecollection"}}, {"model": "auth.permission", "pk": 99, "fields": {"name": "Can delete Favorite collection", "content_type": 25, "codename": "delete_favoritecollection"}}, {"model": "auth.permission", "pk": 100, "fields": {"name": "Can view Favorite collection", "content_type": 25, "codename": "view_favoritecollection"}}, {"model": "auth.permission", "pk": 101, "fields": {"name": "Can add Exercise", "content_type": 26, "codename": "add_exercise"}}, {"model": "auth.permission", "pk": 102, "fields": {"name": "Can change Exercise", "content_type": 26, "codename": "change_exercise"}}, {"model": "auth.permission", "pk": 103, "fields": {"name": "Can delete Exercise", "content_type": 26, "codename": "delete_exercise"}}, {"model": "auth.permission", "pk": 104, "fields": {"name": "Can view Exercise", "content_type": 26, "codename": "view_exercise"}}, {"model": "auth.permission", "pk": 105, "fields": {"name": "Can add Favorite exercise", "content_type": 27, "codename": "add_favoriteexercise"}}, {"model": "auth.permission", "pk": 106, "fields": {"name": "Can change Favorite exercise", "content_type": 27, "codename": "change_favoriteexercise"}}, {"model": "auth.permission", "pk": 107, "fields": {"name": "Can delete Favorite exercise", "content_type": 27, "codename": "delete_favoriteexercise"}}, {"model": "auth.permission", "pk": 108, "fields": {"name": "Can view Favorite exercise", "content_type": 27, "codename": "view_favoriteexercise"}}, {"model": "auth.permission", "pk": 109, "fields": {"name": "Can add Language", "content_type": 28, "codename": "add_language"}}, {"model": "auth.permission", "pk": 110, "fields": {"name": "Can change Language", "content_type": 28, "codename": "change_language"}}, {"model": "auth.permission", "pk": 111, "fields": {"name": "Can delete Language", "content_type": 28, "codename": "delete_language"}}, {"model": "auth.permission", "pk": 112, "fields": {"name": "Can view Language", "content_type": 28, "codename": "view_language"}}, {"model": "auth.permission", "pk": 113, "fields": {"name": "Can add Пользователь", "content_type": 29, "codename": "add_user"}}, {"model": "auth.permission", "pk": 114, "fields": {"name": "Can change Пользователь", "content_type": 29, "codename": "change_user"}}, {"model": "auth.permission", "pk": 115, "fields": {"name": "Can delete Пользователь", "content_type": 29, "codename": "delete_user"}}, {"model": "auth.permission", "pk": 116, "fields": {"name": "Can view Пользователь", "content_type": 29, "codename": "view_user"}}, {"model": "auth.permission", "pk": 117, "fields": {"name": "Can add site", "content_type": 30, "codename": "add_site"}}, {"model": "auth.permission", "pk": 118, "fields": {"name": "Can change site", "content_type": 30, "codename": "change_site"}}, {"model": "auth.permission", "pk": 119, "fields": {"name": "Can delete site", "content_type": 30, "codename": "delete_site"}}, {"model": "auth.permission", "pk": 120, "fields": {"name": "Can view site", "content_type": 30, "codename": "view_site"}}, {"model": "auth.permission", "pk": 121, "fields": {"name": "Can add email address", "content_type": 31, "codename": "add_emailaddress"}}, {"model": "auth.permission", "pk": 122, "fields": {"name": "Can change email address", "content_type": 31, "codename": "change_emailaddress"}}, {"model": "auth.permission", "pk": 123, "fields": {"name": "Can delete email address", "content_type": 31, "codename": "delete_emailaddress"}}, {"model": "auth.permission", "pk": 124, "fields": {"name": "Can view email address", "content_type": 31, "codename": "view_emailaddress"}}, {"model": "auth.permission", "pk": 125, "fields": {"name": "Can add email confirmation", "content_type": 32, "codename": "add_emailconfirmation"}}, {"model": "auth.permission", "pk": 126, "fields": {"name": "Can change email confirmation", "content_type": 32, "codename": "change_emailconfirmation"}}, {"model": "auth.permission", "pk": 127, "fields": {"name": "Can delete email confirmation", "content_type": 32, "codename": "delete_emailconfirmation"}}, {"model": "auth.permission", "pk": 128, "fields": {"name": "Can view email confirmation", "content_type": 32, "codename": "view_emailconfirmation"}}, {"model": "auth.permission", "pk": 129, "fields": {"name": "Can add social account", "content_type": 33, "codename": "add_socialaccount"}}, {"model": "auth.permission", "pk": 130, "fields": {"name": "Can change social account", "content_type": 33, "codename": "change_socialaccount"}}, {"model": "auth.permission", "pk": 131, "fields": {"name": "Can delete social account", "content_type": 33, "codename": "delete_socialaccount"}}, {"model": "auth.permission", "pk": 132, "fields": {"name": "Can view social account", "content_type": 33, "codename": "view_socialaccount"}}, {"model": "auth.permission", "pk": 133, "fields": {"name": "Can add social application", "content_type": 34, "codename": "add_socialapp"}}, {"model": "auth.permission", "pk": 134, "fields": {"name": "Can change social application", "content_type": 34, "codename": "change_socialapp"}}, {"model": "auth.permission", "pk": 135, "fields": {"name": "Can delete social application", "content_type": 34, "codename": "delete_socialapp"}}, {"model": "auth.permission", "pk": 136, "fields": {"name": "Can view social application", "content_type": 34, "codename": "view_socialapp"}}, {"model": "auth.permission", "pk": 137, "fields": {"name": "Can add social application token", "content_type": 35, "codename": "add_socialtoken"}}, {"model": "auth.permission", "pk": 138, "fields": {"name": "Can change social application token", "content_type": 35, "codename": "change_socialtoken"}}, {"model": "auth.permission", "pk": 139, "fields": {"name": "Can delete social application token", "content_type": 35, "codename": "delete_socialtoken"}}, {"model": "auth.permission", "pk": 140, "fields": {"name": "Can view social application token", "content_type": 35, "codename": "view_socialtoken"}}, {"model": "auth.permission", "pk": 141, "fields": {"name": "Can add user language", "content_type": 36, "codename": "add_userlanguage"}}, {"model": "auth.permission", "pk": 142, "fields": {"name": "Can change user language", "content_type": 36, "codename": "change_userlanguage"}}, {"model": "auth.permission", "pk": 143, "fields": {"name": "Can delete user language", "content_type": 36, "codename": "delete_userlanguage"}}, {"model": "auth.permission", "pk": 144, "fields": {"name": "Can view user language", "content_type": 36, "codename": "view_userlanguage"}}, {"model": "auth.permission", "pk": 145, "fields": {"name": "Can add image association", "content_type": 37, "codename": "add_imageassociation"}}, {"model": "auth.permission", "pk": 146, "fields": {"name": "Can change image association", "content_type": 37, "codename": "change_imageassociation"}}, {"model": "auth.permission", "pk": 147, "fields": {"name": "Can delete image association", "content_type": 37, "codename": "delete_imageassociation"}}, {"model": "auth.permission", "pk": 148, "fields": {"name": "Can view image association", "content_type": 37, "codename": "view_imageassociation"}}, {"model": "contenttypes.contenttype", "pk": 1, "fields": {"app_label": "admin", "model": "logentry"}}, {"model": "contenttypes.contenttype", "pk": 2, "fields": {"app_label": "auth", "model": "permission"}}, {"model": "contenttypes.contenttype", "pk": 3, "fields": {"app_label": "auth", "model": "group"}}, {"model": "contenttypes.contenttype", "pk": 4, "fields": {"app_label": "contenttypes", "model": "contenttype"}}, {"model": "contenttypes.contenttype", "pk": 5, "fields": {"app_label": "sessions", "model": "session"}}, {"model": "contenttypes.contenttype", "pk": 6, "fields": {"app_label": "authtoken", "model": "token"}}, {"model": "contenttypes.contenttype", "pk": 7, "fields": {"app_label": "authtoken", "model": "tokenproxy"}}, {"model": "contenttypes.contenttype", "pk": 8, "fields": {"app_label": "vocabulary", "model": "antonym"}}, {"model": "contenttypes.contenttype", "pk": 9, "fields": {"app_label": "vocabulary", "model": "collection"}}, {"model": "contenttypes.contenttype", "pk": 10, "fields": {"app_label": "vocabulary", "model": "definition"}}, {"model": "contenttypes.contenttype", "pk": 11, "fields": {"app_label": "vocabulary", "model": "form"}}, {"model": "contenttypes.contenttype", "pk": 12, "fields": {"app_label": "vocabulary", "model": "similar"}}, {"model": "contenttypes.contenttype", "pk": 13, "fields": {"app_label": "vocabulary", "model": "synonym"}}, {"model": "contenttypes.contenttype", "pk": 14, "fields": {"app_label": "vocabulary", "model": "tag"}}, {"model": "contenttypes.contenttype", "pk": 15, "fields": {"app_label": "vocabulary", "model": "translation"}}, {"model": "contenttypes.contenttype", "pk": 16, "fields": {"app_label": "vocabulary", "model": "type"}}, {"model": "contenttypes.contenttype", "pk": 17, "fields": {"app_label": "vocabulary", "model": "usageexample"}}, {"model": "contenttypes.contenttype", "pk": 18, "fields": {"app_label": "vocabulary", "model": "word"}}, {"model": "contenttypes.contenttype", "pk": 19, "fields": {"app_label": "vocabulary", "model": "wordusageexamples"}}, {"model": "contenttypes.contenttype", "pk": 20, "fields": {"app_label": "vocabulary", "model": "wordtranslations"}}, {"model": "contenttypes.contenttype", "pk": 21, "fields": {"app_label": "vocabulary", "model": "wordsincollections"}}, {"model": "contenttypes.contenttype", "pk": 22, "fields": {"app_label": "vocabulary", "model": "worddefinitions"}}, {"model": "contenttypes.contenttype", "pk": 23, "fields": {"app_label": "vocabulary", "model": "note"}}, {"model": "contenttypes.contenttype", "pk": 24, "fields": {"app_label": "vocabulary", "model": "favoriteword"}}, {"model": "contenttypes.contenttype", "pk": 25, "fields": {"app_label": "vocabulary", "model": "favoritecollection"}}, {"model": "contenttypes.contenttype", "pk": 26, "fields": {"app_label": "exercises", "model": "exercise"}}, {"model": "contenttypes.contenttype", "pk": 27, "fields": {"app_label": "exercises", "model": "favoriteexercise"}}, {"model": "contenttypes.contenttype", "pk": 28, "fields": {"app_label": "languages", "model": "language"}}, {"model": "contenttypes.contenttype", "pk": 29, "fields": {"app_label": "users", "model": "user"}}, {"model": "contenttypes.contenttype", "pk": 30, "fields": {"app_label": "sites", "model": "site"}}, {"model": "contenttypes.contenttype", "pk": 31, "fields": {"app_label": "account", "model": "emailaddress"}}, {"model": "contenttypes.contenttype", "pk": 32, "fields": {"app_label": "account", "model": "emailconfirmation"}}, {"model": "contenttypes.contenttype", "pk": 33, "fields": {"app_label": "socialaccount", "model": "socialaccount"}}, {"model": "contenttypes.contenttype", "pk": 34, "fields": {"app_label": "socialaccount", "model": "socialapp"}}, {"model": "contenttypes.contenttype", "pk": 35, "fields": {"app_label": "socialaccount", "model": "socialtoken"}}, {"model": "contenttypes.contenttype", "pk": 36, "fields": {"app_label": "languages", "model": "userlanguage"}}, {"model": "contenttypes.contenttype", "pk": 37, "fields": {"app_label": "vocabulary", "model": "imageassociation"}}, {"model": "sessions.session", "pk": "1tql0hwzwkg0gyqakgj70ns1vrdwlm2v", "fields": {"session_data": ".eJxVjDsOwjAQBe_iGln-O6GkzxmsXe8KB5AtxUmFuDuJlALaNzPvLRJsa0lb5yXNJK5Ci8vvhpCfXA9AD6j3JnOr6zKjPBR50i6nRvy6ne7fQYFe9jqQVR6VVVGB4RAjGIfKw-isDxp0Jhu1Q6dDHEZlkDl4GiB4Q-z2QHy-sao2zA:1qfNA6:TcTaX_thGjdkaFOKpQNXTdTxCb3xQgRlXlyM3wg16VA", "expire_date": "2023-09-24T16:19:50.459Z"}}, {"model": "sessions.session", "pk": "p79jfz8smhtdv53aaongrvwov8qpcxcl", "fields": {"session_data": ".eJxVjDsOwjAQBe_iGln-O6GkzxmsXe8KB5AtxUmFuDuJlALaNzPvLRJsa0lb5yXNJK5Ci8vvhpCfXA9AD6j3JnOr6zKjPBR50i6nRvy6ne7fQYFe9jqQVR6VVVGB4RAjGIfKw-isDxp0Jhu1Q6dDHEZlkDl4GiB4Q-z2QHy-sao2zA:1qiKEo:un-gSafpyKlAPNAh3QsydckU3aMjLtfdlssC6o6SILU", "expire_date": "2023-10-02T19:48:54.977Z"}}, {"model": "sessions.session", "pk": "rtg7jld0zdv41hsj6efqzjvuwmx1g68y", "fields": {"session_data": ".eJxVjMsOwiAQRf-FtSE8BgSX7v0GwjAgVUOT0q6M_y5NutDtPefcNwtxW2vYel7CROzCFDv9bhjTM7cd0CO2-8zT3NZlQr4r_KCd32bKr-vh_h3U2OuoRTkLhQKKLUBakTQgPUVnDapI4CRaC04NKXnlvfBOGgRAPbDNWrPPF78CNqk:1qjFXT:CEtShYX8xwekNVlmdgv4dPFF5ikzszHbaB1ty9S6Nb4", "expire_date": "2023-10-05T08:59:59.037Z"}}, {"model": "sessions.session", "pk": "xeqxym88ak3rdgwcf1cug6zae9ya8rrk", "fields": {"session_data": ".eJxVjDsOwjAQBe_iGln-O6GkzxmsXe8KB5AtxUmFuDuJlALaNzPvLRJsa0lb5yXNJK5Ci8vvhpCfXA9AD6j3JnOr6zKjPBR50i6nRvy6ne7fQYFe9jqQVR6VVVGB4RAjGIfKw-isDxp0Jhu1Q6dDHEZlkDl4GiB4Q-z2QHy-sao2zA:1qeBgH:AsCviZx3rkma8DkNEkIM_zKeop0VdXX-D1oyH4h-lHk", "expire_date": "2023-09-21T09:52:09.062Z"}}, {"model": "sites.site", "pk": 1, "fields": {"domain": "example.com", "name": "example.com"}}, {"model": "authtoken.token", "pk": "027e623ce960d282afc84b995ca0e5ad082c58fd", "fields": {"user": 2, "created": "2023-09-21T08:59:58.923Z"}}, {"model": "account.emailaddress", "pk": 1, "fields": {"user": 2, "email": "user@example.com", "verified": false, "primary": true}}, {"model": "vocabulary.tag", "pk": 1, "fields": {"name": "курс лингволео"}}, {"model": "vocabulary.tag", "pk": 2, "fields": {"name": "легкое"}}, {"model": "vocabulary.tag", "pk": 4, "fields": {"name": "for job"}}, {"model": "vocabulary.tag", "pk": 5, "fields": {"name": "разговорное"}}, {"model": "vocabulary.type", "pk": 1, "fields": {"name": "Noun", "slug": "noun", "sorting": 3}}, {"model": "vocabulary.type", "pk": 2, "fields": {"name": "Verb", "slug": "verb", "sorting": 3}}, {"model": "vocabulary.type", "pk": 3, "fields": {"name": "Adjective", "slug": "adject", "sorting": 3}}, {"model": "vocabulary.type", "pk": 4, "fields": {"name": "Adverb", "slug": "adverb", "sorting": 2}}, {"model": "vocabulary.type", "pk": 5, "fields": {"name": "Pronoun", "slug": "pronoun", "sorting": 1}}, {"model": "vocabulary.type", "pk": 6, "fields": {"name": "Preposition", "slug": "prepos", "sorting": 2}}, {"model": "vocabulary.type", "pk": 7, "fields": {"name": "Union", "slug": "union", "sorting": 1}}, {"model": "vocabulary.type", "pk": 8, "fields": {"name": "Particle", "slug": "particle", "sorting": 1}}, {"model": "vocabulary.type", "pk": 9, "fields": {"name": "Participle", "slug": "participle", "sorting": 2}}, {"model": "vocabulary.type", "pk": 10, "fields": {"name": "Gerund", "slug": "gerund", "sorting": 2}}, {"model": "vocabulary.type", "pk": 11, "fields": {"name": "Article", "slug": "article", "sorting": 1}}, {"model": "vocabulary.type", "pk": 12, "fields": {"name": "Predicative", "slug": "predicative", "sorting": 1}}, {"model": "vocabulary.type", "pk": 13, "fields": {"name": "Numeral", "slug": "numeral", "sorting": 2}}, {"model": "vocabulary.type", "pk": 14, "fields": {"name": "Interjection", "slug": "interj", "sorting": 1}}, {"model": "vocabulary.type", "pk": 15, "fields": {"name": "Phrase", "slug": "phrase", "sorting": 3}}, {"model": "vocabulary.type", "pk": 16, "fields": {"name": "Idiom", "slug": "idiom", "sorting": 1}}, {"model": "vocabulary.type", "pk": 17, "fields": {"name": "Quote", "slug": "quote", "sorting": 2}}, {"model": "vocabulary.type", "pk": 18, "fields": {"name": "Collocation", "slug": "collocation", "sorting": 3}}, {"model": "vocabulary.type", "pk": 19, "fields": {"name": "Proverb", "slug": "proverb", "sorting": 1}}, {"model": "vocabulary.word", "pk": 2, "fields": {"created": "2023-09-18T20:41:06.186Z", "modified": "2023-09-18T20:59:44.488Z", "language": 1, "text": "Ambiguos", "slug": "ambiguos-2", "author": 2, "type": 3, "activity": "INACTIVE", "is_problematic": true, "pronunciation": "", "transcription": "", "tags": [1]}}, {"model": "vocabulary.word", "pk": 3, "fields": {"created": "2023-09-18T20:43:30.157Z", "modified": "2023-09-18T20:43:30.157Z", "language": 1, "text": "Learn", "slug": "learn-2", "author": 2, "type": 2, "activity": "MASTERED", "is_problematic": false, "pronunciation": "", "transcription": "", "tags": [2]}}, {"model": "vocabulary.word", "pk": 4, "fields": {"created": "2023-09-18T20:44:22.268Z", "modified": "2023-09-18T20:53:21.753Z", "language": 1, "text": "Take the mickey", "slug": "take-the-mickey-2", "author": 2, "type": 15, "activity": "INACTIVE", "is_problematic": false, "pronunciation": "", "transcription": "", "tags": [1]}}, {"model": "vocabulary.word", "pk": 5, "fields": {"created": "2023-09-18T20:45:25.726Z", "modified": "2023-09-18T20:47:29.444Z", "language": 1, "text": "Software", "slug": "software-2", "author": 2, "type": 1, "activity": "ACTIVE", "is_problematic": false, "pronunciation": "", "transcription": "", "tags": [2, 4]}}, {"model": "vocabulary.word", "pk": 6, "fields": {"created": "2023-09-18T20:47:21.457Z", "modified": "2023-09-18T20:47:21.457Z", "language": 1, "text": "Requirements", "slug": "requirements-2", "author": 2, "type": 1, "activity": "ACTIVE", "is_problematic": true, "pronunciation": "", "transcription": "", "tags": [4]}}, {"model": "vocabulary.word", "pk": 7, "fields": {"created": "2023-09-18T20:50:35.224Z", "modified": "2023-09-18T20:50:35.224Z", "language": 17, "text": "Salud", "slug": "salud-2", "author": 2, "type": 15, "activity": "ACTIVE", "is_problematic": true, "pronunciation": "", "transcription": "", "tags": [5]}}, {"model": "vocabulary.word", "pk": 8, "fields": {"created": "2023-09-18T20:51:45.294Z", "modified": "2023-09-18T20:51:45.294Z", "language": 17, "text": "Tiempo", "slug": "tiempo-2", "author": 2, "type": 1, "activity": "ACTIVE", "is_problematic": false, "pronunciation": "", "transcription": "", "tags": [2]}}, {"model": "vocabulary.word", "pk": 9, "fields": {"created": "2023-09-18T20:52:30.943Z", "modified": "2023-09-18T20:52:30.943Z", "language": 17, "text": "Ayer", "slug": "ayer-2", "author": 2, "type": 1, "activity": "INACTIVE", "is_problematic": true, "pronunciation": "", "transcription": "", "tags": []}}, {"model": "vocabulary.word", "pk": 10, "fields": {"created": "2023-09-18T20:56:09.178Z", "modified": "2023-09-18T20:56:09.178Z", "language": 1, "text": "End up with", "slug": "end-up-with-6", "author": 6, "type": 4, "activity": "INACTIVE", "is_problematic": false, "pronunciation": "", "transcription": "", "tags": []}}, {"model": "vocabulary.word", "pk": 11, "fields": {"created": "2023-09-18T20:57:07.960Z", "modified": "2023-09-18T20:57:07.960Z", "language": 1, "text": "Hike", "slug": "hike-6", "author": 6, "type": 1, "activity": "INACTIVE", "is_problematic": false, "pronunciation": "", "transcription": "", "tags": [1, 2]}}, {"model": "vocabulary.word", "pk": 12, "fields": {"created": "2023-09-18T20:57:53.475Z", "modified": "2023-09-18T20:57:53.475Z", "language": 1, "text": "Go to greate lengths", "slug": "go-to-greate-lengths-6", "author": 6, "type": 15, "activity": "INACTIVE", "is_problematic": true, "pronunciation": "", "transcription": "", "tags": [1]}}, {"model": "vocabulary.word", "pk": 13, "fields": {"created": "2023-09-18T20:59:35.105Z", "modified": "2023-09-18T20:59:35.105Z", "language": 1, "text": "Non-profit", "slug": "non-profit-6", "author": 6, "type": 3, "activity": "INACTIVE", "is_problematic": false, "pronunciation": "", "transcription": "", "tags": []}}, {"model": "vocabulary.word", "pk": 14, "fields": {"created": "2023-09-18T21:26:58.704Z", "modified": "2023-09-18T21:26:58.704Z", "language": 1, "text": "Increase", "slug": "increase-6", "author": 6, "type": 1, "activity": "INACTIVE", "is_problematic": false, "pronunciation": "", "transcription": "", "tags": [2]}}, {"model": "vocabulary.word", "pk": 15, "fields": {"created": "2023-09-18T21:29:26.426Z", "modified": "2023-09-18T21:29:26.426Z", "language": 1, "text": "Do your best", "slug": "do-your-best-6", "author": 6, "type": 15, "activity": "INACTIVE", "is_problematic": false, "pronunciation": "", "transcription": "", "tags": [2, 5]}}, {"model": "vocabulary.synonym", "pk": 1, "fields": {"created": "2023-09-18T21:27:01.293Z", "modified": "2023-09-18T21:27:01.293Z", "author": 6, "from_word": 11, "to_word": 14, "difference": ""}}, {"model": "vocabulary.synonym", "pk": 2, "fields": {"created": "2023-09-18T21:29:27.932Z", "modified": "2023-09-18T21:29:27.932Z", "author": 6, "from_word": 12, "to_word": 15, "difference": ""}}, {"model": "vocabulary.translation", "pk": 1, "fields": {"created": "2023-09-18T21:17:20.479Z", "modified": "2023-09-18T21:17:20.479Z", "author": 2, "text": "Двусмысленный"}}, {"model": "vocabulary.translation", "pk": 2, "fields": {"created": "2023-09-18T21:17:45.471Z", "modified": "2023-09-18T21:17:45.471Z", "author": 2, "text": "Изучать"}}, {"model": "vocabulary.translation", "pk": 3, "fields": {"created": "2023-09-18T21:18:47.253Z", "modified": "2023-09-18T21:18:47.253Z", "author": 2, "text": "Сомнительный"}}, {"model": "vocabulary.translation", "pk": 4, "fields": {"created": "2023-09-18T21:19:31.645Z", "modified": "2023-09-18T21:19:31.645Z", "author": 2, "text": "Требования"}}, {"model": "vocabulary.translation", "pk": 5, "fields": {"created": "2023-09-18T21:19:56.287Z", "modified": "2023-09-18T21:19:56.287Z", "author": 2, "text": "Обсуждать кого-то"}}, {"model": "vocabulary.translation", "pk": 6, "fields": {"created": "2023-09-18T21:21:36.916Z", "modified": "2023-09-18T21:21:36.916Z", "author": 2, "text": "Bless you"}}, {"model": "vocabulary.translation", "pk": 7, "fields": {"created": "2023-09-18T21:22:33.714Z", "modified": "2023-09-18T21:22:33.714Z", "author": 2, "text": "Time"}}, {"model": "vocabulary.wordtranslations", "pk": 1, "fields": {"created": "2023-09-18T21:17:21.945Z", "word": 2, "translation": 1}}, {"model": "vocabulary.wordtranslations", "pk": 2, "fields": {"created": "2023-09-18T21:17:51.118Z", "word": 3, "translation": 2}}, {"model": "vocabulary.wordtranslations", "pk": 3, "fields": {"created": "2023-09-18T21:18:49.314Z", "word": 2, "translation": 3}}, {"model": "vocabulary.wordtranslations", "pk": 4, "fields": {"created": "2023-09-18T21:19:33.008Z", "word": 6, "translation": 4}}, {"model": "vocabulary.wordtranslations", "pk": 5, "fields": {"created": "2023-09-18T21:19:58.344Z", "word": 4, "translation": 5}}, {"model": "vocabulary.wordtranslations", "pk": 6, "fields": {"created": "2023-09-18T21:21:43.610Z", "word": 7, "translation": 6}}, {"model": "vocabulary.wordtranslations", "pk": 7, "fields": {"created": "2023-09-18T21:22:52.294Z", "word": 8, "translation": 7}}, {"model": "vocabulary.definition", "pk": 3, "fields": {"created": "2023-09-18T21:25:50.417Z", "modified": "2023-09-18T21:25:50.417Z", "author": 6, "text": "Finish with consequences", "translation": ""}}, {"model": "vocabulary.worddefinitions", "pk": 3, "fields": {"created": "2023-09-18T21:25:51.710Z", "word": 10, "definition": 3}}, {"model": "vocabulary.usageexample", "pk": 1, "fields": {"created": "2023-09-18T21:07:24.358Z", "modified": "2023-09-18T21:11:43.635Z", "author": 2, "text": "Please install requirements for this app", "translation": ""}}, {"model": "vocabulary.usageexample", "pk": 2, "fields": {"created": "2023-09-18T21:09:54.757Z", "modified": "2023-09-18T21:14:15.026Z", "author": 2, "text": "His writing style is often considered ambiguous, making it difficult to understand his intentions", "translation": ""}}, {"model": "vocabulary.usageexample", "pk": 3, "fields": {"created": "2023-09-18T21:15:19.132Z", "modified": "2023-09-18T21:15:19.132Z", "author": 2, "text": "The phrase “ambiguous sign” indicated that the road ahead was closed.", "translation": ""}}, {"model": "vocabulary.usageexample", "pk": 4, "fields": {"created": "2023-09-18T21:16:03.357Z", "modified": "2023-09-18T21:16:03.357Z", "author": 2, "text": "The jury’s decision was ambiguous, leaving many questions unanswered.", "translation": ""}}, {"model": "vocabulary.usageexample", "pk": 5, "fields": {"created": "2023-09-18T21:24:49.860Z", "modified": "2023-09-18T21:24:49.860Z", "author": 6, "text": "Non-profit institution", "translation": ""}}, {"model": "vocabulary.wordusageexamples", "pk": 1, "fields": {"created": "2023-09-18T21:07:45.194Z", "word": 6, "example": 1}}, {"model": "vocabulary.wordusageexamples", "pk": 2, "fields": {"created": "2023-09-18T21:09:58.788Z", "word": 2, "example": 2}}, {"model": "vocabulary.wordusageexamples", "pk": 3, "fields": {"created": "2023-09-18T21:15:20.853Z", "word": 2, "example": 3}}, {"model": "vocabulary.wordusageexamples", "pk": 4, "fields": {"created": "2023-09-18T21:16:04.972Z", "word": 2, "example": 4}}, {"model": "vocabulary.wordusageexamples", "pk": 5, "fields": {"created": "2023-09-18T21:24:51.911Z", "word": 13, "example": 5}}, {"model": "languages.language", "pk": 1, "fields": {"name": "English", "name_local": "English", "isocode": "en", "sorting": 3}}, {"model": "languages.language", "pk": 2, "fields": {"name": "Afrikaans", "name_local": "Afrikaans", "isocode": "af", "sorting": 0}}, {"model": "languages.language", "pk": 3, "fields": {"name": "Arabic", "name_local": "العربيّة", "isocode": "ar", "sorting": 1}}, {"model": "languages.language", "pk": 4, "fields": {"name": "Azerbaijani", "name_local": "Azərbaycanca", "isocode": "az", "sorting": 0}}, {"model": "languages.language", "pk": 5, "fields": {"name": "Belarusian", "name_local": "беларуская", "isocode": "be", "sorting": 0}}, {"model": "languages.language", "pk": 6, "fields": {"name": "Bulgarian", "name_local": "български", "isocode": "bg", "sorting": 0}}, {"model": "languages.language", "pk": 7, "fields": {"name": "Bengali", "name_local": "বাংলা", "isocode": "bn", "sorting": 0}}, {"model": "languages.language", "pk": 8, "fields": {"name": "Breton", "name_local": "brezhoneg", "isocode": "br", "sorting": 0}}, {"model": "languages.language", "pk": 9, "fields": {"name": "Bosnian", "name_local": "bosanski", "isocode": "bs", "sorting": 0}}, {"model": "languages.language", "pk": 10, "fields": {"name": "Catalan", "name_local": "català", "isocode": "ca", "sorting": 0}}, {"model": "languages.language", "pk": 11, "fields": {"name": "Czech", "name_local": "česky", "isocode": "cs", "sorting": 0}}, {"model": "languages.language", "pk": 12, "fields": {"name": "Welsh", "name_local": "Cymraeg", "isocode": "cy", "sorting": 0}}, {"model": "languages.language", "pk": 13, "fields": {"name": "Danish", "name_local": "dansk", "isocode": "da", "sorting": 0}}, {"model": "languages.language", "pk": 14, "fields": {"name": "German", "name_local": "Deutsch", "isocode": "de", "sorting": 2}}, {"model": "languages.language", "pk": 15, "fields": {"name": "Greek", "name_local": "Ελληνικά", "isocode": "el", "sorting": 0}}, {"model": "languages.language", "pk": 16, "fields": {"name": "Esperanto", "name_local": "Esperanto", "isocode": "eo", "sorting": 0}}, {"model": "languages.language", "pk": 17, "fields": {"name": "Spanish", "name_local": "español", "isocode": "es", "sorting": 2}}, {"model": "languages.language", "pk": 18, "fields": {"name": "Estonian", "name_local": "eesti", "isocode": "et", "sorting": 0}}, {"model": "languages.language", "pk": 19, "fields": {"name": "Basque", "name_local": "Basque", "isocode": "eu", "sorting": 0}}, {"model": "languages.language", "pk": 20, "fields": {"name": "Persian", "name_local": "فارسی", "isocode": "fa", "sorting": 0}}, {"model": "languages.language", "pk": 21, "fields": {"name": "Finnish", "name_local": "suomi", "isocode": "fi", "sorting": 0}}, {"model": "languages.language", "pk": 22, "fields": {"name": "French", "name_local": "français", "isocode": "fr", "sorting": 2}}, {"model": "languages.language", "pk": 23, "fields": {"name": "Frisian", "name_local": "frysk", "isocode": "fy", "sorting": 0}}, {"model": "languages.language", "pk": 24, "fields": {"name": "Irish", "name_local": "Gaeilge", "isocode": "ga", "sorting": 0}}, {"model": "languages.language", "pk": 25, "fields": {"name": "Scottish Gaelic", "name_local": "Gàidhlig", "isocode": "gd", "sorting": 0}}, {"model": "languages.language", "pk": 26, "fields": {"name": "Galician", "name_local": "galego", "isocode": "gl", "sorting": 0}}, {"model": "languages.language", "pk": 27, "fields": {"name": "Hebrew", "name_local": "עברית", "isocode": "he", "sorting": 0}}, {"model": "languages.language", "pk": 28, "fields": {"name": "Hindi", "name_local": "हिंदी", "isocode": "hi", "sorting": 0}}, {"model": "languages.language", "pk": 29, "fields": {"name": "Croatian", "name_local": "Hrvatski", "isocode": "hr", "sorting": 0}}, {"model": "languages.language", "pk": 30, "fields": {"name": "Hungarian", "name_local": "Magyar", "isocode": "hu", "sorting": 0}}, {"model": "languages.language", "pk": 31, "fields": {"name": "Armenian", "name_local": "հայերեն", "isocode": "hy", "sorting": 0}}, {"model": "languages.language", "pk": 32, "fields": {"name": "Interlingua", "name_local": "Interlingua", "isocode": "ia", "sorting": 0}}, {"model": "languages.language", "pk": 33, "fields": {"name": "Ido", "name_local": "ido", "isocode": "io", "sorting": 0}}, {"model": "languages.language", "pk": 34, "fields": {"name": "Indonesian", "name_local": "Bahasa Indonesia", "isocode": "id", "sorting": 0}}, {"model": "languages.language", "pk": 35, "fields": {"name": "Igbo", "name_local": "Asụsụ Ìgbò", "isocode": "ig", "sorting": 0}}, {"model": "languages.language", "pk": 36, "fields": {"name": "Icelandic", "name_local": "Íslenska", "isocode": "is", "sorting": 0}}, {"model": "languages.language", "pk": 37, "fields": {"name": "Italian", "name_local": "italiano", "isocode": "it", "sorting": 2}}, {"model": "languages.language", "pk": 38, "fields": {"name": "Japanese", "name_local": "日本語", "isocode": "ja", "sorting": 2}}, {"model": "languages.language", "pk": 39, "fields": {"name": "Georgian", "name_local": "ქართული", "isocode": "ka", "sorting": 0}}, {"model": "languages.language", "pk": 40, "fields": {"name": "Kazakh", "name_local": "Қазақ", "isocode": "kk", "sorting": 0}}, {"model": "languages.language", "pk": 41, "fields": {"name": "Khmer", "name_local": "Khmer", "isocode": "km", "sorting": 0}}, {"model": "languages.language", "pk": 42, "fields": {"name": "Kannada", "name_local": "Kannada", "isocode": "kn", "sorting": 0}}, {"model": "languages.language", "pk": 43, "fields": {"name": "Korean", "name_local": "한국어", "isocode": "ko", "sorting": 2}}, {"model": "languages.language", "pk": 44, "fields": {"name": "Kyrgyz", "name_local": "Кыргызча", "isocode": "ky", "sorting": 0}}, {"model": "languages.language", "pk": 45, "fields": {"name": "Luxembourgish", "name_local": "Lëtzebuergesch", "isocode": "lb", "sorting": 0}}, {"model": "languages.language", "pk": 46, "fields": {"name": "Lithuanian", "name_local": "Lietuviškai", "isocode": "lt", "sorting": 0}}, {"model": "languages.language", "pk": 47, "fields": {"name": "Latvian", "name_local": "latviešu", "isocode": "lv", "sorting": 0}}, {"model": "languages.language", "pk": 48, "fields": {"name": "Macedonian", "name_local": "Македонски", "isocode": "mk", "sorting": 0}}, {"model": "languages.language", "pk": 49, "fields": {"name": "Malayalam", "name_local": "മലയാളം", "isocode": "ml", "sorting": 0}}, {"model": "languages.language", "pk": 50, "fields": {"name": "Mongolian", "name_local": "Mongolian", "isocode": "mn", "sorting": 0}}, {"model": "languages.language", "pk": 51, "fields": {"name": "Marathi", "name_local": "मराठी", "isocode": "mr", "sorting": 0}}, {"model": "languages.language", "pk": 52, "fields": {"name": "Malay", "name_local": "Bahasa Melayu", "isocode": "ms", "sorting": 0}}, {"model": "languages.language", "pk": 53, "fields": {"name": "Burmese", "name_local": "မြန်မာဘာသာ", "isocode": "my", "sorting": 0}}, {"model": "languages.language", "pk": 54, "fields": {"name": "Norwegian Bokmal", "name_local": "norsk (bokmål)", "isocode": "nb", "sorting": 0}}, {"model": "languages.language", "pk": 55, "fields": {"name": "Nepali", "name_local": "नेपाली", "isocode": "ne", "sorting": 0}}, {"model": "languages.language", "pk": 56, "fields": {"name": "Dutch", "name_local": "Nederlands", "isocode": "nl", "sorting": 1}}, {"model": "languages.language", "pk": 57, "fields": {"name": "Norwegian Nynorsk", "name_local": "norsk (nynorsk)", "isocode": "nn", "sorting": 0}}, {"model": "languages.language", "pk": 58, "fields": {"name": "Norwegian", "name_local": "norsk", "isocode": "no", "sorting": 0}}, {"model": "languages.language", "pk": 59, "fields": {"name": "Ossetic", "name_local": "Ирон", "isocode": "os", "sorting": 0}}, {"model": "languages.language", "pk": 60, "fields": {"name": "Punjabi", "name_local": "Punjabi", "isocode": "pa", "sorting": 0}}, {"model": "languages.language", "pk": 61, "fields": {"name": "Polish", "name_local": "polski", "isocode": "pl", "sorting": 0}}, {"model": "languages.language", "pk": 62, "fields": {"name": "Portuguese", "name_local": "Português", "isocode": "pt", "sorting": 0}}, {"model": "languages.language", "pk": 63, "fields": {"name": "Romanian", "name_local": "Română", "isocode": "ro", "sorting": 1}}, {"model": "languages.language", "pk": 64, "fields": {"name": "Russian", "name_local": "Русский", "isocode": "ru", "sorting": 2}}, {"model": "languages.language", "pk": 65, "fields": {"name": "Slovak", "name_local": "Slovensky", "isocode": "sk", "sorting": 0}}, {"model": "languages.language", "pk": 66, "fields": {"name": "Slovenian", "name_local": "Slovenščina", "isocode": "sl", "sorting": 0}}, {"model": "languages.language", "pk": 67, "fields": {"name": "Albanian", "name_local": "shqip", "isocode": "sq", "sorting": 0}}, {"model": "languages.language", "pk": 68, "fields": {"name": "Serbian", "name_local": "српски", "isocode": "sr", "sorting": 0}}, {"model": "languages.language", "pk": 69, "fields": {"name": "Swedish", "name_local": "svenska", "isocode": "sv", "sorting": 0}}, {"model": "languages.language", "pk": 70, "fields": {"name": "Swahili", "name_local": "Kiswahili", "isocode": "sw", "sorting": 0}}, {"model": "languages.language", "pk": 71, "fields": {"name": "Tamil", "name_local": "தமிழ்", "isocode": "ta", "sorting": 0}}, {"model": "languages.language", "pk": 72, "fields": {"name": "Telugu", "name_local": "తెలుగు", "isocode": "te", "sorting": 0}}, {"model": "languages.language", "pk": 73, "fields": {"name": "Tajik", "name_local": "тоҷикӣ", "isocode": "tg", "sorting": 0}}, {"model": "languages.language", "pk": 74, "fields": {"name": "Thai", "name_local": "ภาษาไทย", "isocode": "th", "sorting": 0}}, {"model": "languages.language", "pk": 75, "fields": {"name": "Turkmen", "name_local": "Türkmençe", "isocode": "tk", "sorting": 0}}, {"model": "languages.language", "pk": 76, "fields": {"name": "Turkish", "name_local": "Türkçe", "isocode": "tr", "sorting": 1}}, {"model": "languages.language", "pk": 77, "fields": {"name": "Tatar", "name_local": "Татарча", "isocode": "tt", "sorting": 0}}, {"model": "languages.language", "pk": 78, "fields": {"name": "Ukrainian", "name_local": "Українська", "isocode": "uk", "sorting": 0}}, {"model": "languages.language", "pk": 79, "fields": {"name": "Urdu", "name_local": "اردو", "isocode": "ur", "sorting": 0}}, {"model": "languages.language", "pk": 80, "fields": {"name": "Uzbek", "name_local": "oʻzbek tili", "isocode": "uz", "sorting": 0}}, {"model": "languages.language", "pk": 81, "fields": {"name": "Vietnamese", "name_local": "Tiếng Việt", "isocode": "vi", "sorting": 0}}, {"model": "languages.userlanguage", "pk": 1, "fields": {"created": "2023-09-18T20:20:29.879Z", "user": 2, "language": 1, "is_native": false}}, {"model": "languages.userlanguage", "pk": 2, "fields": {"created": "2023-09-18T20:29:25.085Z", "user": 2, "language": 17, "is_native": false}}, {"model": "languages.userlanguage", "pk": 3, "fields": {"created": "2023-09-18T20:34:44.859Z", "user": 2, "language": 64, "is_native": true}}, {"model": "languages.userlanguage", "pk": 4, "fields": {"created": "2023-09-18T20:34:55.370Z", "user": 6, "language": 1, "is_native": false}}, {"model": "languages.userlanguage", "pk": 5, "fields": {"created": "2023-09-18T20:35:07.523Z", "user": 6, "language": 64, "is_native": true}}, {"model": "users.user", "pk": 1, "fields": {"password": "pbkdf2_sha256$600000$3y9VUxfJ8e08MqmTfQKA2u$Y/HHvtapNajHvfYRFluStB1Mv6oRNB1ChfE2xDuLXS0=", "last_login": "2023-09-18T19:48:54.961Z", "is_superuser": true, "username": "admin", "first_name": "", "is_staff": true, "is_active": true, "date_joined": "2023-09-07T09:28:39.692Z", "email": "admin@example.com", "slug": "", "gender": null, "image": "", "groups": [], "user_permissions": []}}, {"model": "users.user", "pk": 2, "fields": {"password": "pbkdf2_sha256$600000$nKL8ulZASFtddKdlPjnRYK$n1O8ACZcEYDvqmnqfbgBEGFI5gour4HRecI56RTDPA8=", "last_login": "2023-09-21T08:59:58.956Z", "is_superuser": false, "username": "test_user1", "first_name": "Ivan", "is_staff": false, "is_active": true, "date_joined": "2023-09-07T09:37:35Z", "email": "user@example.com", "slug": "test_user1", "gender": "M", "image": "", "groups": [], "user_permissions": []}}, {"model": "users.user", "pk": 6, "fields": {"password": "string123", "last_login": null, "is_superuser": false, "username": "test_user2", "first_name": "Jay", "is_staff": false, "is_active": true, "date_joined": "2023-09-18T20:00:30Z", "email": "jay@gmail.com", "slug": "test_user2", "gender": "F", "image": "", "groups": [], "user_permissions": []}}]