[{"model": "admin.logentry", "pk": 1, "fields": {"action_time": "2024-09-04T10:59:14.964Z", "user": "eba1b179-86d7-4a55-8a50-0d6423a7f8be", "content_type": 23, "object_id": "997a4d6f-cae0-4681-90d3-8647d60c147f", "object_repr": "Proverb", "action_flag": 3, "change_message": ""}}, {"model": "admin.logentry", "pk": 2, "fields": {"action_time": "2024-09-04T10:59:14.970Z", "user": "eba1b179-86d7-4a55-8a50-0d6423a7f8be", "content_type": 23, "object_id": "02ca3ccc-cde0-4f80-b76c-5b1d531cdd90", "object_repr": "Collocation", "action_flag": 3, "change_message": ""}}, {"model": "admin.logentry", "pk": 3, "fields": {"action_time": "2024-09-04T10:59:14.972Z", "user": "eba1b179-86d7-4a55-8a50-0d6423a7f8be", "content_type": 23, "object_id": "ba0b2915-cdaa-42ab-abc7-77e23ebb5eba", "object_repr": "Quote", "action_flag": 3, "change_message": ""}}, {"model": "admin.logentry", "pk": 4, "fields": {"action_time": "2024-09-04T10:59:14.974Z", "user": "eba1b179-86d7-4a55-8a50-0d6423a7f8be", "content_type": 23, "object_id": "4b656b8f-758b-423d-a90b-5fbed4f22fbd", "object_repr": "Idiom", "action_flag": 3, "change_message": ""}}, {"model": "admin.logentry", "pk": 5, "fields": {"action_time": "2024-09-04T10:59:14.976Z", "user": "eba1b179-86d7-4a55-8a50-0d6423a7f8be", "content_type": 23, "object_id": "a17f3221-5e8b-48e7-9a8f-fdf02b606890", "object_repr": "Phrase", "action_flag": 3, "change_message": ""}}, {"model": "admin.logentry", "pk": 6, "fields": {"action_time": "2024-09-04T10:59:14.977Z", "user": "eba1b179-86d7-4a55-8a50-0d6423a7f8be", "content_type": 23, "object_id": "9b2a3257-cdfe-49a6-8e2f-4b11a824e228", "object_repr": "Interjection", "action_flag": 3, "change_message": ""}}, {"model": "admin.logentry", "pk": 7, "fields": {"action_time": "2024-09-04T10:59:14.989Z", "user": "eba1b179-86d7-4a55-8a50-0d6423a7f8be", "content_type": 23, "object_id": "5fbb283f-8b44-441a-b61b-d1934f0b3304", "object_repr": "Numeral", "action_flag": 3, "change_message": ""}}, {"model": "admin.logentry", "pk": 8, "fields": {"action_time": "2024-09-04T10:59:14.993Z", "user": "eba1b179-86d7-4a55-8a50-0d6423a7f8be", "content_type": 23, "object_id": "5bfb18e6-daf4-48f8-ad53-fded18845173", "object_repr": "Predicative", "action_flag": 3, "change_message": ""}}, {"model": "admin.logentry", "pk": 9, "fields": {"action_time": "2024-09-04T10:59:14.995Z", "user": "eba1b179-86d7-4a55-8a50-0d6423a7f8be", "content_type": 23, "object_id": "ae67f2aa-525b-43d0-9f26-113acd9983b8", "object_repr": "Article", "action_flag": 3, "change_message": ""}}, {"model": "admin.logentry", "pk": 10, "fields": {"action_time": "2024-09-04T10:59:14.997Z", "user": "eba1b179-86d7-4a55-8a50-0d6423a7f8be", "content_type": 23, "object_id": "3725d2ed-b0d1-4acd-abcd-b4d257affe23", "object_repr": "Gerund", "action_flag": 3, "change_message": ""}}, {"model": "admin.logentry", "pk": 11, "fields": {"action_time": "2024-09-04T10:59:14.998Z", "user": "eba1b179-86d7-4a55-8a50-0d6423a7f8be", "content_type": 23, "object_id": "e4ac4bb8-34e2-4929-b2a4-bd1fc9efb41d", "object_repr": "Participle", "action_flag": 3, "change_message": ""}}, {"model": "admin.logentry", "pk": 12, "fields": {"action_time": "2024-09-04T10:59:15.000Z", "user": "eba1b179-86d7-4a55-8a50-0d6423a7f8be", "content_type": 23, "object_id": "967b6df3-a389-4ab1-a3f0-5abb7891d143", "object_repr": "Particle", "action_flag": 3, "change_message": ""}}, {"model": "admin.logentry", "pk": 13, "fields": {"action_time": "2024-09-04T10:59:15.002Z", "user": "eba1b179-86d7-4a55-8a50-0d6423a7f8be", "content_type": 23, "object_id": "a93ff434-cf07-4d01-af5a-10843ec3e15f", "object_repr": "Union", "action_flag": 3, "change_message": ""}}, {"model": "admin.logentry", "pk": 14, "fields": {"action_time": "2024-09-04T10:59:15.004Z", "user": "eba1b179-86d7-4a55-8a50-0d6423a7f8be", "content_type": 23, "object_id": "aff9b6b1-9278-4785-8eca-6ad1a4c8c3d4", "object_repr": "Preposition", "action_flag": 3, "change_message": ""}}, {"model": "admin.logentry", "pk": 15, "fields": {"action_time": "2024-09-04T10:59:15.005Z", "user": "eba1b179-86d7-4a55-8a50-0d6423a7f8be", "content_type": 23, "object_id": "bcba2aa3-417f-4e4d-b464-fb945af18c06", "object_repr": "Pronoun", "action_flag": 3, "change_message": ""}}, {"model": "admin.logentry", "pk": 16, "fields": {"action_time": "2024-09-04T10:59:15.007Z", "user": "eba1b179-86d7-4a55-8a50-0d6423a7f8be", "content_type": 23, "object_id": "c9a6f80f-3de7-4539-add8-645ec1d6dc92", "object_repr": "Adverb", "action_flag": 3, "change_message": ""}}, {"model": "admin.logentry", "pk": 17, "fields": {"action_time": "2024-09-04T10:59:15.008Z", "user": "eba1b179-86d7-4a55-8a50-0d6423a7f8be", "content_type": 23, "object_id": "961a7c04-3212-4aed-acde-7b01ab0ac6c9", "object_repr": "Adjective", "action_flag": 3, "change_message": ""}}, {"model": "admin.logentry", "pk": 18, "fields": {"action_time": "2024-09-04T10:59:15.010Z", "user": "eba1b179-86d7-4a55-8a50-0d6423a7f8be", "content_type": 23, "object_id": "1e1f7cbd-3485-4f05-beca-e41932b82b43", "object_repr": "Verb", "action_flag": 3, "change_message": ""}}, {"model": "admin.logentry", "pk": 19, "fields": {"action_time": "2024-09-04T10:59:15.011Z", "user": "eba1b179-86d7-4a55-8a50-0d6423a7f8be", "content_type": 23, "object_id": "1a1a00de-4955-465d-8836-f649dc40ee77", "object_repr": "Noun", "action_flag": 3, "change_message": ""}}, {"model": "sessions.session", "pk": "9e36ous3mi99ja6wylu4c5lzaxn6i999", "fields": {"session_data": ".eJxVjksOwjAMBe-SNY1iEjsJS_acobLrlBZQK_WzQtydVuoC1m9m9N6m5nXp6nUuU92ruZizoigIVxowV8GHXKW2kUrJF4IzBiYwp19NuHmWYXf1wcN9tM04LFMvdkfssc72Nmp5XQ_2L9Dx3G22ACVVl9EppQhCguBInVBAzUXYRWDv2u0YB1diKgkEvWdMMUvK5vMF5ctAgw:1slqUm:ul9evMZTOAqg7bLMoRa6iA-Pz-UkMxHvNaXcZAjPpVw", "expire_date": "2024-09-18T13:56:28.547Z"}}, {"model": "sessions.session", "pk": "iebgj7m97k0kxd0m5vun6c6que0dwr9q", "fields": {"session_data": ".eJxVjDsOgzAQBe_iOliAbd46ZfqcAS3edchHIPGpotw9IFEk3ZNm5r1Ny-vSt-usU3sXczZwKDMFKWofUfjIVcEeqYgBcJyRWcWcfrOO01OHvZUHD7fRpnFYpntnd8UedLbXUfR1Ody_g57nfqspSQiCDBBVpU_aKCXnq1g1QFNrcBpqRpSO6qh5W6BGEsMjU_Ywny_F8ECv:1slRYw:ifRz8XdHsUN-RyFDzvWVWN-40l9B0GBJ4Bs_7kOPFrU", "expire_date": "2024-09-17T11:19:06.496Z"}}, {"model": "sessions.session", "pk": "wyn7ce8dc27qrbn68rvkz4rth5zf54rs", "fields": {"session_data": ".eJxVzDkOwjAQheG7uMaW9xlT0nOGaOwZCIsSKUuFuDtESgH1-7_3Uh2tS9-ts0zdjdVRSSVXHRSNmUFHSkkjJast5-gDwQWrqMMvq9QeMmyW7zRcR9PGYZlu1WyJ2dfZnEeW52lv_w56mvuvLqHZLA0ipEaEGYGCiyI2YI4I0RdHbB17QOZUmSj7BlVascELi3p_AOX9QUc:1slnQg:d46u6KmrDVF8tPwAGq5E4PPC_dd-kpBZpaiWeO9TJIw", "expire_date": "2024-09-18T10:40:02.286Z"}}, {"model": "sites.site", "pk": 1, "fields": {"domain": "example.com", "name": "example.com"}}, {"model": "authtoken.token", "pk": "44e5b2ff3d097f0db5bedbe92419fc51a6b1a113", "fields": {"user": "2d5bd1ba-d459-4349-8fcb-d63e61254a61", "created": "2024-09-04T13:56:28.536Z"}}, {"model": "authtoken.token", "pk": "e2135d8aa4d93346badf39c07a425d2ce8c52c6c", "fields": {"user": "374a944c-4826-422e-ad0b-6a80f5d4de42", "created": "2024-09-04T12:22:13.026Z"}}, {"model": "account.emailaddress", "pk": 1, "fields": {"user": "76c42644-9014-44a6-a73d-0f379ff30092", "email": "buzinamvor@gmail.com", "verified": false, "primary": true}}, {"model": "account.emailaddress", "pk": 2, "fields": {"user": "374a944c-4826-422e-ad0b-6a80f5d4de42", "email": "user1@example.com", "verified": false, "primary": true}}, {"model": "account.emailaddress", "pk": 3, "fields": {"user": "2d5bd1ba-d459-4349-8fcb-d63e61254a61", "email": "user2@example.com", "verified": false, "primary": true}}, {"model": "vocabulary.word", "pk": "01d442c0-a252-45e3-bf11-691defac40b8", "fields": {"created": "2024-09-04T13:52:10.470Z", "modified": "2024-09-04T13:52:10.470Z", "slug": "astonishing-test_user1", "author": "374a944c-4826-422e-ad0b-6a80f5d4de42", "language": "9af89664-0c4a-45c8-a2d6-71ea070f4572", "text": "Astonishing", "activity_status": "I", "is_problematic": false, "last_exercise_date": null, "types": [], "tags": []}}, {"model": "vocabulary.word", "pk": "01f216e7-f74f-4c1b-b9b6-6551b9da2b68", "fields": {"created": "2024-09-04T13:52:08.965Z", "modified": "2024-09-04T13:52:08.965Z", "slug": "vacation-test_user1", "author": "374a944c-4826-422e-ad0b-6a80f5d4de42", "language": "9af89664-0c4a-45c8-a2d6-71ea070f4572", "text": "Vacation", "activity_status": "I", "is_problematic": false, "last_exercise_date": null, "types": [], "tags": []}}, {"model": "vocabulary.word", "pk": "03ec743d-1b85-496e-be53-c38bf7ad1bf9", "fields": {"created": "2024-09-04T13:52:10.596Z", "modified": "2024-09-04T13:52:10.596Z", "slug": "i-have-a-feeling-test_user1", "author": "374a944c-4826-422e-ad0b-6a80f5d4de42", "language": "9af89664-0c4a-45c8-a2d6-71ea070f4572", "text": "I have a feeling", "activity_status": "I", "is_problematic": false, "last_exercise_date": null, "types": [], "tags": []}}, {"model": "vocabulary.word", "pk": "05d169e4-d993-48c2-bf3b-8061e21885f1", "fields": {"created": "2024-09-04T13:52:08.073Z", "modified": "2024-09-04T13:52:08.073Z", "slug": "fête-test_user1", "author": "374a944c-4826-422e-ad0b-6a80f5d4de42", "language": "a9f236f6-1f3a-4f6f-981b-1aa297b083aa", "text": "Fête", "activity_status": "I", "is_problematic": false, "last_exercise_date": null, "types": [], "tags": ["b64164dd-c55d-4084-98e2-05509baad9a1", "421369d7-07a3-48cd-baa0-4af93c371faa"]}}, {"model": "vocabulary.word", "pk": "0b570a11-0308-4066-ba38-ccb049bb3872", "fields": {"created": "2024-09-04T13:52:08.163Z", "modified": "2024-09-04T13:52:08.163Z", "slug": "temple-test_user1", "author": "374a944c-4826-422e-ad0b-6a80f5d4de42", "language": "9af89664-0c4a-45c8-a2d6-71ea070f4572", "text": "Temple", "activity_status": "I", "is_problematic": false, "last_exercise_date": null, "types": [], "tags": ["b64164dd-c55d-4084-98e2-05509baad9a1", "421369d7-07a3-48cd-baa0-4af93c371faa"]}}, {"model": "vocabulary.word", "pk": "0df02e46-5a00-4a68-85dd-f721d6bfa6fd", "fields": {"created": "2024-09-04T13:52:08.890Z", "modified": "2024-09-04T13:52:08.890Z", "slug": "village-test_user1", "author": "374a944c-4826-422e-ad0b-6a80f5d4de42", "language": "9af89664-0c4a-45c8-a2d6-71ea070f4572", "text": "Village", "activity_status": "I", "is_problematic": false, "last_exercise_date": null, "types": [], "tags": []}}, {"model": "vocabulary.word", "pk": "1188cd35-de3d-4455-b3bf-c0bbe1fc58e2", "fields": {"created": "2024-09-04T13:52:10.534Z", "modified": "2024-09-04T13:52:10.535Z", "slug": "you-nailed-it-test_user1", "author": "374a944c-4826-422e-ad0b-6a80f5d4de42", "language": "9af89664-0c4a-45c8-a2d6-71ea070f4572", "text": "You nailed it!", "activity_status": "I", "is_problematic": false, "last_exercise_date": null, "types": [], "tags": []}}, {"model": "vocabulary.word", "pk": "1883f8bb-9b1c-48ff-a434-1f3d25d15502", "fields": {"created": "2024-09-04T13:57:14.075Z", "modified": "2024-09-04T13:57:14.075Z", "slug": "uccello-test_user2", "author": "2d5bd1ba-d459-4349-8fcb-d63e61254a61", "language": "2141a1f7-8335-4aa3-bf5c-831c9e3603b2", "text": "Uccello", "activity_status": "I", "is_problematic": false, "last_exercise_date": null, "types": [], "tags": []}}, {"model": "vocabulary.word", "pk": "1bac9bad-31ee-4b8d-8fe5-9f86426ae373", "fields": {"created": "2024-09-04T13:57:14.031Z", "modified": "2024-09-04T13:57:14.031Z", "slug": "riposo-test_user2", "author": "2d5bd1ba-d459-4349-8fcb-d63e61254a61", "language": "2141a1f7-8335-4aa3-bf5c-831c9e3603b2", "text": "Riposo", "activity_status": "I", "is_problematic": false, "last_exercise_date": null, "types": [], "tags": []}}, {"model": "vocabulary.word", "pk": "1e73d9b5-3061-4582-bfe8-e3e644e3ea5a", "fields": {"created": "2024-09-04T13:57:13.641Z", "modified": "2024-09-04T13:57:13.641Z", "slug": "biscotto-test_user2", "author": "2d5bd1ba-d459-4349-8fcb-d63e61254a61", "language": "2141a1f7-8335-4aa3-bf5c-831c9e3603b2", "text": "Biscotto", "activity_status": "I", "is_problematic": false, "last_exercise_date": null, "types": [], "tags": []}}, {"model": "vocabulary.word", "pk": "1fa8db9f-ea0c-4c5e-ac25-6d53fadb4b87", "fields": {"created": "2024-09-04T13:52:08.512Z", "modified": "2024-09-04T13:52:08.512Z", "slug": "river-test_user1", "author": "374a944c-4826-422e-ad0b-6a80f5d4de42", "language": "9af89664-0c4a-45c8-a2d6-71ea070f4572", "text": "River", "activity_status": "I", "is_problematic": false, "last_exercise_date": null, "types": [], "tags": []}}, {"model": "vocabulary.word", "pk": "33b84258-698a-4c5f-877f-af027b7d4f2f", "fields": {"created": "2024-09-04T13:57:13.796Z", "modified": "2024-09-04T13:57:13.796Z", "slug": "cena-test_user2", "author": "2d5bd1ba-d459-4349-8fcb-d63e61254a61", "language": "2141a1f7-8335-4aa3-bf5c-831c9e3603b2", "text": "Cena", "activity_status": "I", "is_problematic": false, "last_exercise_date": null, "types": [], "tags": []}}, {"model": "vocabulary.word", "pk": "33e42211-60b5-4407-a97d-38c6404f1ca5", "fields": {"created": "2024-09-04T13:52:09.263Z", "modified": "2024-09-04T13:52:09.263Z", "slug": "fleur-test_user1", "author": "374a944c-4826-422e-ad0b-6a80f5d4de42", "language": "a9f236f6-1f3a-4f6f-981b-1aa297b083aa", "text": "Fleur", "activity_status": "I", "is_problematic": false, "last_exercise_date": null, "types": [], "tags": []}}, {"model": "vocabulary.word", "pk": "37fe6338-05d6-4005-b4e6-314f7d51aefe", "fields": {"created": "2024-09-04T13:52:09.912Z", "modified": "2024-09-04T13:52:09.912Z", "slug": "fiesta-test_user1", "author": "374a944c-4826-422e-ad0b-6a80f5d4de42", "language": "24d307f6-dc07-48bc-afa1-e052a60f47da", "text": "Fiesta", "activity_status": "I", "is_problematic": false, "last_exercise_date": null, "types": [], "tags": []}}, {"model": "vocabulary.word", "pk": "40e6f3a7-d5be-4bcf-9854-424991e90ee7", "fields": {"created": "2024-09-04T13:52:10.639Z", "modified": "2024-09-04T13:52:10.639Z", "slug": "dont-take-to-heart-test_user1", "author": "374a944c-4826-422e-ad0b-6a80f5d4de42", "language": "9af89664-0c4a-45c8-a2d6-71ea070f4572", "text": "Don’t take to heart", "activity_status": "I", "is_problematic": false, "last_exercise_date": null, "types": [], "tags": []}}, {"model": "vocabulary.word", "pk": "47dfbfb2-e8db-4594-8e93-917446e723a1", "fields": {"created": "2024-09-04T13:52:09.519Z", "modified": "2024-09-04T13:52:09.519Z", "slug": "salad-test_user1", "author": "374a944c-4826-422e-ad0b-6a80f5d4de42", "language": "9af89664-0c4a-45c8-a2d6-71ea070f4572", "text": "Salad", "activity_status": "I", "is_problematic": false, "last_exercise_date": null, "types": [], "tags": []}}, {"model": "vocabulary.word", "pk": "4abca3b6-1784-4e1c-9c01-97d92fba78f8", "fields": {"created": "2024-09-04T13:52:08.746Z", "modified": "2024-09-04T13:52:08.746Z", "slug": "serfing-test_user1", "author": "374a944c-4826-422e-ad0b-6a80f5d4de42", "language": "9af89664-0c4a-45c8-a2d6-71ea070f4572", "text": "Serfing", "activity_status": "I", "is_problematic": false, "last_exercise_date": null, "types": [], "tags": []}}, {"model": "vocabulary.word", "pk": "4b111a89-f127-4adf-bec0-6a0a9dbec249", "fields": {"created": "2024-09-04T13:52:10.417Z", "modified": "2024-09-04T13:52:10.417Z", "slug": "awe-test_user1", "author": "374a944c-4826-422e-ad0b-6a80f5d4de42", "language": "9af89664-0c4a-45c8-a2d6-71ea070f4572", "text": "Awe", "activity_status": "I", "is_problematic": true, "last_exercise_date": null, "types": [], "tags": []}}, {"model": "vocabulary.word", "pk": "4df148d6-815a-48c7-b6e2-b418d3e196a7", "fields": {"created": "2024-09-04T13:52:07.939Z", "modified": "2024-09-04T13:52:07.939Z", "slug": "cookie-test_user1", "author": "374a944c-4826-422e-ad0b-6a80f5d4de42", "language": "9af89664-0c4a-45c8-a2d6-71ea070f4572", "text": "Cookie", "activity_status": "I", "is_problematic": false, "last_exercise_date": null, "types": ["df1f3895-652d-445e-8fab-eb28127e2fea"], "tags": ["adb665d1-f486-4907-9b22-5e67509506c1", "b64164dd-c55d-4084-98e2-05509baad9a1", "421369d7-07a3-48cd-baa0-4af93c371faa"]}}, {"model": "vocabulary.word", "pk": "551dfc0c-c0f1-4d73-be77-b9ab25158820", "fields": {"created": "2024-09-04T13:57:13.565Z", "modified": "2024-09-04T13:57:13.565Z", "slug": "ristorante-test_user2", "author": "2d5bd1ba-d459-4349-8fcb-d63e61254a61", "language": "2141a1f7-8335-4aa3-bf5c-831c9e3603b2", "text": "Ristorante", "activity_status": "I", "is_problematic": true, "last_exercise_date": null, "types": [], "tags": []}}, {"model": "vocabulary.word", "pk": "59a633d5-f9e1-4670-83f3-a4542d16eb3c", "fields": {"created": "2024-09-04T13:57:13.926Z", "modified": "2024-09-04T13:57:13.926Z", "slug": "colazione-test_user2", "author": "2d5bd1ba-d459-4349-8fcb-d63e61254a61", "language": "2141a1f7-8335-4aa3-bf5c-831c9e3603b2", "text": "Colazione", "activity_status": "I", "is_problematic": false, "last_exercise_date": null, "types": [], "tags": []}}, {"model": "vocabulary.word", "pk": "59e37bd0-7f50-4107-888f-c8bcc40dc6b8", "fields": {"created": "2024-09-04T13:52:09.399Z", "modified": "2024-09-04T13:52:09.399Z", "slug": "maquillaje-test_user1", "author": "374a944c-4826-422e-ad0b-6a80f5d4de42", "language": "24d307f6-dc07-48bc-afa1-e052a60f47da", "text": "Maquillaje", "activity_status": "I", "is_problematic": false, "last_exercise_date": null, "types": [], "tags": []}}, {"model": "vocabulary.word", "pk": "63af4b4c-05f8-4e2e-853a-1e1ff3b641d5", "fields": {"created": "2024-09-04T13:52:09.334Z", "modified": "2024-09-04T13:52:09.334Z", "slug": "makeup-test_user1", "author": "374a944c-4826-422e-ad0b-6a80f5d4de42", "language": "9af89664-0c4a-45c8-a2d6-71ea070f4572", "text": "Makeup", "activity_status": "I", "is_problematic": false, "last_exercise_date": null, "types": [], "tags": []}}, {"model": "vocabulary.word", "pk": "65127fb4-a20d-4bb7-a9d7-47f1e2188559", "fields": {"created": "2024-09-04T13:52:10.220Z", "modified": "2024-09-04T13:52:10.220Z", "slug": "sympathy-test_user1", "author": "374a944c-4826-422e-ad0b-6a80f5d4de42", "language": "9af89664-0c4a-45c8-a2d6-71ea070f4572", "text": "Sympathy", "activity_status": "I", "is_problematic": true, "last_exercise_date": null, "types": [], "tags": []}}, {"model": "vocabulary.word", "pk": "6a129dd4-22fe-4208-9353-07869c8a62c6", "fields": {"created": "2024-09-04T13:52:09.699Z", "modified": "2024-09-04T13:52:09.699Z", "slug": "cafetería-test_user1", "author": "374a944c-4826-422e-ad0b-6a80f5d4de42", "language": "24d307f6-dc07-48bc-afa1-e052a60f47da", "text": "Cafetería", "activity_status": "I", "is_problematic": false, "last_exercise_date": null, "types": [], "tags": []}}, {"model": "vocabulary.word", "pk": "7323ee1c-cecb-435e-acc7-0ea986395977", "fields": {"created": "2024-09-04T13:52:10.286Z", "modified": "2024-09-04T13:52:10.286Z", "slug": "guilt-test_user1", "author": "374a944c-4826-422e-ad0b-6a80f5d4de42", "language": "9af89664-0c4a-45c8-a2d6-71ea070f4572", "text": "Guilt", "activity_status": "I", "is_problematic": false, "last_exercise_date": null, "types": [], "tags": []}}, {"model": "vocabulary.word", "pk": "78021dda-3fc3-43d0-b67e-bdf3bb52d6ed", "fields": {"created": "2024-09-04T13:57:14.312Z", "modified": "2024-09-04T13:57:14.312Z", "slug": "biglietto-test_user2", "author": "2d5bd1ba-d459-4349-8fcb-d63e61254a61", "language": "2141a1f7-8335-4aa3-bf5c-831c9e3603b2", "text": "Biglietto", "activity_status": "I", "is_problematic": false, "last_exercise_date": null, "types": [], "tags": []}}, {"model": "vocabulary.word", "pk": "7ade4e52-37c6-486f-8d56-c0e5f23de54a", "fields": {"created": "2024-09-04T13:57:13.385Z", "modified": "2024-09-04T13:57:13.385Z", "slug": "tè-test_user2", "author": "2d5bd1ba-d459-4349-8fcb-d63e61254a61", "language": "2141a1f7-8335-4aa3-bf5c-831c9e3603b2", "text": "Tè", "activity_status": "I", "is_problematic": false, "last_exercise_date": null, "types": [], "tags": []}}, {"model": "vocabulary.word", "pk": "7c491171-74a7-4f12-a0b1-5e074af513a8", "fields": {"created": "2024-09-04T13:52:09.643Z", "modified": "2024-09-04T13:52:09.643Z", "slug": "theatre-test_user1", "author": "374a944c-4826-422e-ad0b-6a80f5d4de42", "language": "9af89664-0c4a-45c8-a2d6-71ea070f4572", "text": "Theatre", "activity_status": "I", "is_problematic": false, "last_exercise_date": null, "types": [], "tags": []}}, {"model": "vocabulary.word", "pk": "825201dc-ba32-4f61-b012-3f71702fbf6b", "fields": {"created": "2024-09-04T13:52:09.802Z", "modified": "2024-09-04T13:52:09.802Z", "slug": "desert-test_user1", "author": "374a944c-4826-422e-ad0b-6a80f5d4de42", "language": "9af89664-0c4a-45c8-a2d6-71ea070f4572", "text": "Desert", "activity_status": "I", "is_problematic": false, "last_exercise_date": null, "types": [], "tags": []}}, {"model": "vocabulary.word", "pk": "857e965f-9bd9-46ed-9270-0774145b2b85", "fields": {"created": "2024-09-04T13:52:10.013Z", "modified": "2024-09-04T13:52:10.013Z", "slug": "vacaciones-test_user1", "author": "374a944c-4826-422e-ad0b-6a80f5d4de42", "language": "24d307f6-dc07-48bc-afa1-e052a60f47da", "text": "Vacaciones", "activity_status": "I", "is_problematic": false, "last_exercise_date": null, "types": [], "tags": []}}, {"model": "vocabulary.word", "pk": "86f03ae2-c431-46dd-97f8-b536878518af", "fields": {"created": "2024-09-04T13:52:08.445Z", "modified": "2024-09-04T13:52:08.446Z", "slug": "le-chat-test_user1", "author": "374a944c-4826-422e-ad0b-6a80f5d4de42", "language": "a9f236f6-1f3a-4f6f-981b-1aa297b083aa", "text": "Le chat", "activity_status": "I", "is_problematic": false, "last_exercise_date": null, "types": [], "tags": []}}, {"model": "vocabulary.word", "pk": "873c08a2-391e-4161-842c-4e9e86b64123", "fields": {"created": "2024-09-04T13:52:09.145Z", "modified": "2024-09-04T13:52:09.145Z", "slug": "il-fait-nuit-test_user1", "author": "374a944c-4826-422e-ad0b-6a80f5d4de42", "language": "a9f236f6-1f3a-4f6f-981b-1aa297b083aa", "text": "Il fait nuit", "activity_status": "I", "is_problematic": false, "last_exercise_date": null, "types": [], "tags": []}}, {"model": "vocabulary.word", "pk": "906b361a-d34c-47db-9d77-87d38947564e", "fields": {"created": "2024-09-04T13:52:08.390Z", "modified": "2024-09-04T13:52:08.391Z", "slug": "parfum-test_user1", "author": "374a944c-4826-422e-ad0b-6a80f5d4de42", "language": "a9f236f6-1f3a-4f6f-981b-1aa297b083aa", "text": "Parfum", "activity_status": "I", "is_problematic": false, "last_exercise_date": null, "types": [], "tags": []}}, {"model": "vocabulary.word", "pk": "91727ad2-ffa5-42f5-a4e3-bb6caa0bcbf7", "fields": {"created": "2024-09-04T13:52:08.334Z", "modified": "2024-09-04T13:52:08.334Z", "slug": "vacance-test_user1", "author": "374a944c-4826-422e-ad0b-6a80f5d4de42", "language": "a9f236f6-1f3a-4f6f-981b-1aa297b083aa", "text": "Vacance", "activity_status": "I", "is_problematic": false, "last_exercise_date": null, "types": [], "tags": ["421369d7-07a3-48cd-baa0-4af93c371faa"]}}, {"model": "vocabulary.word", "pk": "9a31f7f6-0e90-4ce5-9c56-0f6c4ca70ac0", "fields": {"created": "2024-09-04T13:57:13.864Z", "modified": "2024-09-04T13:57:13.864Z", "slug": "pranzo-test_user2", "author": "2d5bd1ba-d459-4349-8fcb-d63e61254a61", "language": "2141a1f7-8335-4aa3-bf5c-831c9e3603b2", "text": "Pranzo", "activity_status": "I", "is_problematic": false, "last_exercise_date": null, "types": [], "tags": []}}, {"model": "vocabulary.word", "pk": "9d9d8cb5-76b5-4ace-91f9-550d2e5cbd29", "fields": {"created": "2024-09-04T13:52:10.366Z", "modified": "2024-09-04T13:52:10.366Z", "slug": "la-culpa-test_user1", "author": "374a944c-4826-422e-ad0b-6a80f5d4de42", "language": "24d307f6-dc07-48bc-afa1-e052a60f47da", "text": "La culpa", "activity_status": "I", "is_problematic": false, "last_exercise_date": null, "types": [], "tags": []}}, {"model": "vocabulary.word", "pk": "9e8cba93-844f-4b9c-ab2c-fd660f0deb85", "fields": {"created": "2024-09-04T13:52:08.676Z", "modified": "2024-09-04T13:52:08.676Z", "slug": "sea-test_user1", "author": "374a944c-4826-422e-ad0b-6a80f5d4de42", "language": "9af89664-0c4a-45c8-a2d6-71ea070f4572", "text": "Sea", "activity_status": "I", "is_problematic": false, "last_exercise_date": null, "types": [], "tags": []}}, {"model": "vocabulary.word", "pk": "9f89c44d-40da-41e4-85e3-53b27ce5a159", "fields": {"created": "2024-09-04T13:52:09.587Z", "modified": "2024-09-04T13:52:09.587Z", "slug": "salade-test_user1", "author": "374a944c-4826-422e-ad0b-6a80f5d4de42", "language": "a9f236f6-1f3a-4f6f-981b-1aa297b083aa", "text": "Salade", "activity_status": "I", "is_problematic": false, "last_exercise_date": null, "types": [], "tags": []}}, {"model": "vocabulary.word", "pk": "a2b78b61-02c6-4bfe-b5c1-cdcdf3c24e72", "fields": {"created": "2024-09-04T13:52:09.033Z", "modified": "2024-09-04T13:52:09.033Z", "slug": "ninja-test_user1", "author": "374a944c-4826-422e-ad0b-6a80f5d4de42", "language": "9af89664-0c4a-45c8-a2d6-71ea070f4572", "text": "Ninja", "activity_status": "I", "is_problematic": false, "last_exercise_date": null, "types": [], "tags": []}}, {"model": "vocabulary.word", "pk": "a6f45df7-d9e8-4e9c-99af-3537a4e901ec", "fields": {"created": "2024-09-04T13:57:14.123Z", "modified": "2024-09-04T13:57:14.123Z", "slug": "teatro-test_user2", "author": "2d5bd1ba-d459-4349-8fcb-d63e61254a61", "language": "2141a1f7-8335-4aa3-bf5c-831c9e3603b2", "text": "Teatro", "activity_status": "I", "is_problematic": false, "last_exercise_date": null, "types": [], "tags": []}}, {"model": "vocabulary.word", "pk": "a72ab6cb-eb36-463c-82cd-fa3f2a082116", "fields": {"created": "2024-09-04T13:52:09.963Z", "modified": "2024-09-04T13:52:09.963Z", "slug": "noche-test_user1", "author": "374a944c-4826-422e-ad0b-6a80f5d4de42", "language": "24d307f6-dc07-48bc-afa1-e052a60f47da", "text": "Noche", "activity_status": "I", "is_problematic": false, "last_exercise_date": null, "types": [], "tags": []}}, {"model": "vocabulary.word", "pk": "ab9567d5-e8ea-4d56-b71b-6aa63b2ab3a5", "fields": {"created": "2024-09-04T13:52:10.063Z", "modified": "2024-09-04T13:52:10.063Z", "slug": "té-test_user1", "author": "374a944c-4826-422e-ad0b-6a80f5d4de42", "language": "24d307f6-dc07-48bc-afa1-e052a60f47da", "text": "Té", "activity_status": "I", "is_problematic": false, "last_exercise_date": null, "types": [], "tags": []}}, {"model": "vocabulary.word", "pk": "b0a7b921-2129-4f6b-a4a1-125a7588c690", "fields": {"created": "2024-09-04T13:52:09.857Z", "modified": "2024-09-04T13:52:09.857Z", "slug": "holiday-test_user1", "author": "374a944c-4826-422e-ad0b-6a80f5d4de42", "language": "9af89664-0c4a-45c8-a2d6-71ea070f4572", "text": "Holiday", "activity_status": "I", "is_problematic": false, "last_exercise_date": null, "types": [], "tags": []}}, {"model": "vocabulary.word", "pk": "b1202d9b-2818-4fdf-8d90-547c238f236e", "fields": {"created": "2024-09-04T13:52:09.204Z", "modified": "2024-09-04T13:52:09.204Z", "slug": "flower-test_user1", "author": "374a944c-4826-422e-ad0b-6a80f5d4de42", "language": "9af89664-0c4a-45c8-a2d6-71ea070f4572", "text": "Flower", "activity_status": "I", "is_problematic": false, "last_exercise_date": null, "types": [], "tags": []}}, {"model": "vocabulary.word", "pk": "bc06d95f-df52-4690-af5e-7a5c4eda953a", "fields": {"created": "2024-09-04T13:52:10.149Z", "modified": "2024-09-04T13:52:10.149Z", "slug": "interested-test_user1", "author": "374a944c-4826-422e-ad0b-6a80f5d4de42", "language": "9af89664-0c4a-45c8-a2d6-71ea070f4572", "text": "Interested", "activity_status": "I", "is_problematic": false, "last_exercise_date": null, "types": [], "tags": []}}, {"model": "vocabulary.word", "pk": "bc9997fc-e822-43e7-949a-0f558ebc0110", "fields": {"created": "2024-09-04T13:52:08.277Z", "modified": "2024-09-04T13:52:08.277Z", "slug": "tea-test_user1", "author": "374a944c-4826-422e-ad0b-6a80f5d4de42", "language": "9af89664-0c4a-45c8-a2d6-71ea070f4572", "text": "Tea", "activity_status": "I", "is_problematic": false, "last_exercise_date": null, "types": [], "tags": ["cb98f6ea-d5f0-4140-86bf-45bfec637a4c", "b64164dd-c55d-4084-98e2-05509baad9a1", "421369d7-07a3-48cd-baa0-4af93c371faa"]}}, {"model": "vocabulary.word", "pk": "c0b15306-cda0-4475-99fd-4e7c2b3c2c6e", "fields": {"created": "2024-09-04T13:52:09.463Z", "modified": "2024-09-04T13:52:09.463Z", "slug": "maquillage-test_user1", "author": "374a944c-4826-422e-ad0b-6a80f5d4de42", "language": "a9f236f6-1f3a-4f6f-981b-1aa297b083aa", "text": "Maquillage", "activity_status": "I", "is_problematic": false, "last_exercise_date": null, "types": [], "tags": []}}, {"model": "vocabulary.word", "pk": "c8cb72b6-8b7b-4340-9c51-fcde15d71975", "fields": {"created": "2024-09-04T13:57:14.213Z", "modified": "2024-09-04T13:57:14.213Z", "slug": "serata-danzante-test_user2", "author": "2d5bd1ba-d459-4349-8fcb-d63e61254a61", "language": "2141a1f7-8335-4aa3-bf5c-831c9e3603b2", "text": "Serata danzante", "activity_status": "I", "is_problematic": false, "last_exercise_date": null, "types": [], "tags": []}}, {"model": "vocabulary.word", "pk": "c8d3f6d2-7c06-4e4b-9aad-a44b569367e8", "fields": {"created": "2024-09-04T13:52:09.083Z", "modified": "2024-09-04T13:52:09.083Z", "slug": "night-test_user1", "author": "374a944c-4826-422e-ad0b-6a80f5d4de42", "language": "9af89664-0c4a-45c8-a2d6-71ea070f4572", "text": "Night", "activity_status": "I", "is_problematic": false, "last_exercise_date": null, "types": [], "tags": []}}, {"model": "vocabulary.word", "pk": "c8fb5907-4450-49da-9493-243dda65881d", "fields": {"created": "2024-09-04T13:57:13.713Z", "modified": "2024-09-04T13:57:13.713Z", "slug": "torta-test_user2", "author": "2d5bd1ba-d459-4349-8fcb-d63e61254a61", "language": "2141a1f7-8335-4aa3-bf5c-831c9e3603b2", "text": "Torta", "activity_status": "I", "is_problematic": false, "last_exercise_date": null, "types": [], "tags": []}}, {"model": "vocabulary.word", "pk": "ccfdb0a8-2e04-45ee-8a6e-a2c3788be5df", "fields": {"created": "2024-09-04T13:52:10.683Z", "modified": "2024-09-04T13:52:10.683Z", "slug": "be-bitten-by-the-travel-bug-test_user1", "author": "374a944c-4826-422e-ad0b-6a80f5d4de42", "language": "9af89664-0c4a-45c8-a2d6-71ea070f4572", "text": "be bitten by the travel bug", "activity_status": "I", "is_problematic": false, "last_exercise_date": null, "types": [], "tags": []}}, {"model": "vocabulary.word", "pk": "cdc3f6d3-a125-4258-b2ed-301f5c5fd87b", "fields": {"created": "2024-09-04T13:57:14.264Z", "modified": "2024-09-04T13:57:14.264Z", "slug": "concerto-test_user2", "author": "2d5bd1ba-d459-4349-8fcb-d63e61254a61", "language": "2141a1f7-8335-4aa3-bf5c-831c9e3603b2", "text": "Concerto", "activity_status": "I", "is_problematic": false, "last_exercise_date": null, "types": [], "tags": []}}, {"model": "vocabulary.word", "pk": "ce7b61a8-7333-441e-8778-2d68d30ca91d", "fields": {"created": "2024-09-04T13:57:13.497Z", "modified": "2024-09-04T13:57:13.497Z", "slug": "pasta-test_user2", "author": "2d5bd1ba-d459-4349-8fcb-d63e61254a61", "language": "2141a1f7-8335-4aa3-bf5c-831c9e3603b2", "text": "Pasta", "activity_status": "I", "is_problematic": false, "last_exercise_date": null, "types": [], "tags": []}}, {"model": "vocabulary.word", "pk": "cf6bcc8e-b14f-4a8e-8500-4730c3d735a0", "fields": {"created": "2024-09-04T13:52:08.223Z", "modified": "2024-09-04T13:52:08.223Z", "slug": "travel-test_user1", "author": "374a944c-4826-422e-ad0b-6a80f5d4de42", "language": "9af89664-0c4a-45c8-a2d6-71ea070f4572", "text": "Travel", "activity_status": "I", "is_problematic": false, "last_exercise_date": null, "types": [], "tags": ["b64164dd-c55d-4084-98e2-05509baad9a1", "421369d7-07a3-48cd-baa0-4af93c371faa"]}}, {"model": "vocabulary.word", "pk": "d779718c-635a-4ee4-95c4-ffc8c7992df1", "fields": {"created": "2024-09-04T13:52:09.751Z", "modified": "2024-09-04T13:52:09.751Z", "slug": "papillon-test_user1", "author": "374a944c-4826-422e-ad0b-6a80f5d4de42", "language": "a9f236f6-1f3a-4f6f-981b-1aa297b083aa", "text": "Papillon", "activity_status": "I", "is_problematic": false, "last_exercise_date": null, "types": [], "tags": []}}, {"model": "vocabulary.word", "pk": "d9bd1df8-5c7b-4c96-80db-5dce3e8ec9cd", "fields": {"created": "2024-09-04T13:57:14.168Z", "modified": "2024-09-04T13:57:14.168Z", "slug": "museo-test_user2", "author": "2d5bd1ba-d459-4349-8fcb-d63e61254a61", "language": "2141a1f7-8335-4aa3-bf5c-831c9e3603b2", "text": "Museo", "activity_status": "I", "is_problematic": false, "last_exercise_date": null, "types": [], "tags": []}}, {"model": "vocabulary.word", "pk": "e828a7c3-a8f5-43d5-a41d-f9ad0eab9a9c", "fields": {"created": "2024-09-04T13:57:13.434Z", "modified": "2024-09-04T13:57:13.434Z", "slug": "caffè-test_user2", "author": "2d5bd1ba-d459-4349-8fcb-d63e61254a61", "language": "2141a1f7-8335-4aa3-bf5c-831c9e3603b2", "text": "Caffè", "activity_status": "I", "is_problematic": false, "last_exercise_date": null, "types": [], "tags": []}}, {"model": "vocabulary.word", "pk": "ea544538-5abe-4fbd-9f20-73ba1265e6df", "fields": {"created": "2024-09-04T13:57:13.980Z", "modified": "2024-09-04T13:57:13.980Z", "slug": "vacanze-test_user2", "author": "2d5bd1ba-d459-4349-8fcb-d63e61254a61", "language": "2141a1f7-8335-4aa3-bf5c-831c9e3603b2", "text": "Vacanze", "activity_status": "I", "is_problematic": false, "last_exercise_date": null, "types": [], "tags": []}}, {"model": "vocabulary.word", "pk": "fa2b671c-4fc0-464c-bd81-f3529ddff865", "fields": {"created": "2024-09-04T13:52:08.807Z", "modified": "2024-09-04T13:52:08.808Z", "slug": "painting-test_user1", "author": "374a944c-4826-422e-ad0b-6a80f5d4de42", "language": "9af89664-0c4a-45c8-a2d6-71ea070f4572", "text": "Painting", "activity_status": "I", "is_problematic": false, "last_exercise_date": null, "types": [], "tags": []}}, {"model": "vocabulary.type", "pk": "01d7e40b-92bb-4b70-9972-8c939c5f9f25", "fields": {"created": "2024-09-04T11:04:11.019Z", "modified": "2024-09-04T11:04:11.019Z", "slug": "phrase", "name": "Phrase", "name_ru": "Phrase", "name_en": null}}, {"model": "vocabulary.type", "pk": "13f2e11c-5eeb-4b9d-94a6-47f65e40f08a", "fields": {"created": "2024-09-04T11:04:11.016Z", "modified": "2024-09-04T11:04:11.016Z", "slug": "interjection", "name": "Interjection", "name_ru": "Interjection", "name_en": null}}, {"model": "vocabulary.type", "pk": "18b9a68f-4f70-423e-b270-2dc93f31049d", "fields": {"created": "2024-09-04T11:04:11.010Z", "modified": "2024-09-04T11:04:11.010Z", "slug": "predicative", "name": "Predicative", "name_ru": "Predicative", "name_en": null}}, {"model": "vocabulary.type", "pk": "1cb1358c-a832-457d-bde2-bfeb0690cdd9", "fields": {"created": "2024-09-04T11:04:10.991Z", "modified": "2024-09-04T11:04:10.991Z", "slug": "preposition", "name": "Preposition", "name_ru": "Preposition", "name_en": null}}, {"model": "vocabulary.type", "pk": "1da0b871-e3da-4e28-a3e5-97fece24dfd2", "fields": {"created": "2024-09-04T11:04:10.994Z", "modified": "2024-09-04T11:04:10.994Z", "slug": "union", "name": "Union", "name_ru": "Union", "name_en": null}}, {"model": "vocabulary.type", "pk": "2d651670-7466-4e1e-98cc-1563d1f9613d", "fields": {"created": "2024-09-04T11:04:10.984Z", "modified": "2024-09-04T11:04:10.984Z", "slug": "adverb", "name": "Adverb", "name_ru": "Adverb", "name_en": null}}, {"model": "vocabulary.type", "pk": "5336e5d9-b625-45ce-a664-9dafaa17c025", "fields": {"created": "2024-09-04T11:04:11.022Z", "modified": "2024-09-04T11:04:11.022Z", "slug": "idiom", "name": "Idiom", "name_ru": "Idiom", "name_en": null}}, {"model": "vocabulary.type", "pk": "60669b3f-c4f3-4b4a-8021-c6dd3dc31da7", "fields": {"created": "2024-09-04T11:04:11.013Z", "modified": "2024-09-04T11:04:11.013Z", "slug": "numeral", "name": "Numeral", "name_ru": "Numeral", "name_en": null}}, {"model": "vocabulary.type", "pk": "6259e69b-6772-456b-a622-7c5beb32a576", "fields": {"created": "2024-09-04T11:04:11.029Z", "modified": "2024-09-04T11:04:11.029Z", "slug": "collocation", "name": "Collocation", "name_ru": "Collocation", "name_en": null}}, {"model": "vocabulary.type", "pk": "71ef179e-1c1e-47c1-92a4-7583459e4be9", "fields": {"created": "2024-09-04T11:04:11.000Z", "modified": "2024-09-04T11:04:11.000Z", "slug": "participle", "name": "Participle", "name_ru": "Participle", "name_en": null}}, {"model": "vocabulary.type", "pk": "7e72c1d3-55ed-4245-a027-f31988e22906", "fields": {"created": "2024-09-04T11:04:11.003Z", "modified": "2024-09-04T11:04:11.003Z", "slug": "gerund", "name": "Gerund", "name_ru": "Gerund", "name_en": null}}, {"model": "vocabulary.type", "pk": "affc3c98-ba71-4a49-92ab-ded0b544c0e1", "fields": {"created": "2024-09-04T11:04:11.032Z", "modified": "2024-09-04T11:04:11.032Z", "slug": "proverb", "name": "Proverb", "name_ru": "Proverb", "name_en": null}}, {"model": "vocabulary.type", "pk": "b5f9e4d2-e20f-414f-997d-ed6eb6303c21", "fields": {"created": "2024-09-04T11:04:11.007Z", "modified": "2024-09-04T11:04:11.007Z", "slug": "article", "name": "Article", "name_ru": "Article", "name_en": null}}, {"model": "vocabulary.type", "pk": "b922f0cc-13b8-4f86-8187-300cbf7df998", "fields": {"created": "2024-09-04T11:04:10.977Z", "modified": "2024-09-04T11:04:10.977Z", "slug": "verb", "name": "Verb", "name_ru": "Verb", "name_en": null}}, {"model": "vocabulary.type", "pk": "c5f9d927-9687-4546-bf74-a6a4e02eb33f", "fields": {"created": "2024-09-04T11:04:11.026Z", "modified": "2024-09-04T11:04:11.026Z", "slug": "quote", "name": "Quote", "name_ru": "Quote", "name_en": null}}, {"model": "vocabulary.type", "pk": "c9264b2f-338d-4c2f-846a-8d3011c72daa", "fields": {"created": "2024-09-04T11:04:10.981Z", "modified": "2024-09-04T11:04:10.981Z", "slug": "adjective", "name": "Adjective", "name_ru": "Adjective", "name_en": null}}, {"model": "vocabulary.type", "pk": "dc493f63-38f4-49d9-b4f6-86c8b4efb13c", "fields": {"created": "2024-09-04T11:04:10.988Z", "modified": "2024-09-04T11:04:10.988Z", "slug": "pronoun", "name": "Pronoun", "name_ru": "Pronoun", "name_en": null}}, {"model": "vocabulary.type", "pk": "dd556fc8-b2d5-4388-af99-151158b03281", "fields": {"created": "2024-09-04T11:04:10.997Z", "modified": "2024-09-04T11:04:10.997Z", "slug": "particle", "name": "Particle", "name_ru": "Particle", "name_en": null}}, {"model": "vocabulary.type", "pk": "df1f3895-652d-445e-8fab-eb28127e2fea", "fields": {"created": "2024-09-04T11:04:10.973Z", "modified": "2024-09-04T11:04:10.973Z", "slug": "noun", "name": "Noun", "name_ru": "Noun", "name_en": null}}, {"model": "vocabulary.tag", "pk": "421369d7-07a3-48cd-baa0-4af93c371faa", "fields": {"created": "2024-09-04T13:52:07.959Z", "modified": "2024-09-04T13:52:07.959Z", "author": "374a944c-4826-422e-ad0b-6a80f5d4de42", "name": "easy"}}, {"model": "vocabulary.tag", "pk": "adb665d1-f486-4907-9b22-5e67509506c1", "fields": {"created": "2024-09-04T13:52:07.965Z", "modified": "2024-09-04T13:52:07.965Z", "author": "374a944c-4826-422e-ad0b-6a80f5d4de42", "name": "food"}}, {"model": "vocabulary.tag", "pk": "b64164dd-c55d-4084-98e2-05509baad9a1", "fields": {"created": "2024-09-04T13:52:07.963Z", "modified": "2024-09-04T13:52:07.963Z", "author": "374a944c-4826-422e-ad0b-6a80f5d4de42", "name": "A1"}}, {"model": "vocabulary.tag", "pk": "cb98f6ea-d5f0-4140-86bf-45bfec637a4c", "fields": {"created": "2024-09-04T13:52:08.286Z", "modified": "2024-09-04T13:52:08.286Z", "author": "374a944c-4826-422e-ad0b-6a80f5d4de42", "name": "drinks"}}, {"model": "vocabulary.wordtranslation", "pk": "03148c9c-faec-44d9-9843-235b8f940da5", "fields": {"created": "2024-09-04T13:57:13.658Z", "modified": "2024-09-04T13:57:13.658Z", "slug": "cookie-test_user2", "author": "2d5bd1ba-d459-4349-8fcb-d63e61254a61", "text": "Cookie", "language": "9af89664-0c4a-45c8-a2d6-71ea070f4572"}}, {"model": "vocabulary.wordtranslation", "pk": "0c109c2e-3b45-4979-a14c-a93b348093a8", "fields": {"created": "2024-09-04T13:52:08.180Z", "modified": "2024-09-04T13:52:08.180Z", "slug": "храм-test_user1", "author": "374a944c-4826-422e-ad0b-6a80f5d4de42", "text": "Храм", "language": "a937d4eb-14f0-41ba-bd5a-9964a0d60962"}}, {"model": "vocabulary.wordtranslation", "pk": "121cab0d-8e87-449d-9c2f-29ab1658bfd7", "fields": {"created": "2024-09-04T13:52:08.824Z", "modified": "2024-09-04T13:52:08.824Z", "slug": "картина-test_user1", "author": "374a944c-4826-422e-ad0b-6a80f5d4de42", "text": "Картина", "language": "a937d4eb-14f0-41ba-bd5a-9964a0d60962"}}, {"model": "vocabulary.wordtranslation", "pk": "137f8f20-b1e8-4764-9719-b3a6c1f1bb26", "fields": {"created": "2024-09-04T13:52:10.481Z", "modified": "2024-09-04T13:52:10.481Z", "slug": "удивительный-test_user1", "author": "374a944c-4826-422e-ad0b-6a80f5d4de42", "text": "удивительный", "language": "a937d4eb-14f0-41ba-bd5a-9964a0d60962"}}, {"model": "vocabulary.wordtranslation", "pk": "1420a507-0a49-42c3-a9b7-10890f1dec31", "fields": {"created": "2024-09-04T13:57:13.808Z", "modified": "2024-09-04T13:57:13.808Z", "slug": "ужин-test_user2", "author": "2d5bd1ba-d459-4349-8fcb-d63e61254a61", "text": "Ужин", "language": "a937d4eb-14f0-41ba-bd5a-9964a0d60962"}}, {"model": "vocabulary.wordtranslation", "pk": "14603d63-7119-44da-b595-3ca04b97899e", "fields": {"created": "2024-09-04T13:52:08.621Z", "modified": "2024-09-04T13:52:08.621Z", "slug": "река-test_user1", "author": "374a944c-4826-422e-ad0b-6a80f5d4de42", "text": "Река", "language": "a937d4eb-14f0-41ba-bd5a-9964a0d60962"}}, {"model": "vocabulary.wordtranslation", "pk": "1ab09dc1-8c06-43e9-b227-fc02eeb81901", "fields": {"created": "2024-09-04T13:57:13.655Z", "modified": "2024-09-04T13:57:13.655Z", "slug": "печенье-test_user2", "author": "2d5bd1ba-d459-4349-8fcb-d63e61254a61", "text": "Печенье", "language": "a937d4eb-14f0-41ba-bd5a-9964a0d60962"}}, {"model": "vocabulary.wordtranslation", "pk": "1fe15734-b87d-474f-a482-280cfdb20f59", "fields": {"created": "2024-09-04T13:52:09.812Z", "modified": "2024-09-04T13:52:09.812Z", "slug": "пустыня-test_user1", "author": "374a944c-4826-422e-ad0b-6a80f5d4de42", "text": "Пустыня", "language": "a937d4eb-14f0-41ba-bd5a-9964a0d60962"}}, {"model": "vocabulary.wordtranslation", "pk": "2161e89c-b302-440e-a5d7-bb006b5601fe", "fields": {"created": "2024-09-04T13:57:13.887Z", "modified": "2024-09-04T13:57:13.887Z", "slug": "обед-test_user2", "author": "2d5bd1ba-d459-4349-8fcb-d63e61254a61", "text": "Обед", "language": "a937d4eb-14f0-41ba-bd5a-9964a0d60962"}}, {"model": "vocabulary.wordtranslation", "pk": "25e7441b-d6be-4bca-a1f5-9d07e66b408a", "fields": {"created": "2024-09-04T13:57:13.935Z", "modified": "2024-09-04T13:57:13.935Z", "slug": "завтрак-test_user2", "author": "2d5bd1ba-d459-4349-8fcb-d63e61254a61", "text": "Завтрак", "language": "a937d4eb-14f0-41ba-bd5a-9964a0d60962"}}, {"model": "vocabulary.wordtranslation", "pk": "2e83b1f1-df70-4f68-872f-b1c157f76d4d", "fields": {"created": "2024-09-04T13:57:14.045Z", "modified": "2024-09-04T13:57:14.045Z", "slug": "rest-test_user2", "author": "2d5bd1ba-d459-4349-8fcb-d63e61254a61", "text": "Rest", "language": "9af89664-0c4a-45c8-a2d6-71ea070f4572"}}, {"model": "vocabulary.wordtranslation", "pk": "30db1b59-8a82-4c50-aaa1-0e97cfe3707c", "fields": {"created": "2024-09-04T13:57:14.179Z", "modified": "2024-09-04T13:57:14.179Z", "slug": "museum-test_user2", "author": "2d5bd1ba-d459-4349-8fcb-d63e61254a61", "text": "Museum", "language": "9af89664-0c4a-45c8-a2d6-71ea070f4572"}}, {"model": "vocabulary.wordtranslation", "pk": "3290e0e1-1300-476e-84fd-9b80f36ed664", "fields": {"created": "2024-09-04T13:52:08.906Z", "modified": "2024-09-04T13:52:08.906Z", "slug": "посёлок-test_user1", "author": "374a944c-4826-422e-ad0b-6a80f5d4de42", "text": "Посёлок", "language": "a937d4eb-14f0-41ba-bd5a-9964a0d60962"}}, {"model": "vocabulary.wordtranslation", "pk": "37c51cc9-c704-4fe8-a26f-da78d799d314", "fields": {"created": "2024-09-04T13:52:08.903Z", "modified": "2024-09-04T13:52:08.903Z", "slug": "деревня-test_user1", "author": "374a944c-4826-422e-ad0b-6a80f5d4de42", "text": "Деревня", "language": "a937d4eb-14f0-41ba-bd5a-9964a0d60962"}}, {"model": "vocabulary.wordtranslation", "pk": "3aa0376b-95b2-4122-a35b-a26f48efa386", "fields": {"created": "2024-09-04T13:57:13.729Z", "modified": "2024-09-04T13:57:13.729Z", "slug": "торт-test_user2", "author": "2d5bd1ba-d459-4349-8fcb-d63e61254a61", "text": "Торт", "language": "a937d4eb-14f0-41ba-bd5a-9964a0d60962"}}, {"model": "vocabulary.wordtranslation", "pk": "3ddb6e66-60ed-4c23-99db-224d9914e1a8", "fields": {"created": "2024-09-04T13:57:14.132Z", "modified": "2024-09-04T13:57:14.132Z", "slug": "театр-test_user2", "author": "2d5bd1ba-d459-4349-8fcb-d63e61254a61", "text": "Театр", "language": "a937d4eb-14f0-41ba-bd5a-9964a0d60962"}}, {"model": "vocabulary.wordtranslation", "pk": "416400c6-2980-45f0-b8eb-52678ac89285", "fields": {"created": "2024-09-04T13:57:14.229Z", "modified": "2024-09-04T13:57:14.229Z", "slug": "dances-test_user2", "author": "2d5bd1ba-d459-4349-8fcb-d63e61254a61", "text": "Dances", "language": "9af89664-0c4a-45c8-a2d6-71ea070f4572"}}, {"model": "vocabulary.wordtranslation", "pk": "4164bcaf-80d0-488f-992a-2891061e0292", "fields": {"created": "2024-09-04T13:52:10.607Z", "modified": "2024-09-04T13:52:10.607Z", "slug": "у-меня-такое-чувство-test_user1", "author": "374a944c-4826-422e-ad0b-6a80f5d4de42", "text": "У меня такое чувство", "language": "a937d4eb-14f0-41ba-bd5a-9964a0d60962"}}, {"model": "vocabulary.wordtranslation", "pk": "42c6230e-70bb-4a7a-86d6-a303cdf752b0", "fields": {"created": "2024-09-04T13:52:10.170Z", "modified": "2024-09-04T13:52:10.170Z", "slug": "увлеченный-test_user1", "author": "374a944c-4826-422e-ad0b-6a80f5d4de42", "text": "Увлеченный", "language": "a937d4eb-14f0-41ba-bd5a-9964a0d60962"}}, {"model": "vocabulary.wordtranslation", "pk": "42fef0ea-3833-4134-ba22-558042d97020", "fields": {"created": "2024-09-04T13:57:14.088Z", "modified": "2024-09-04T13:57:14.088Z", "slug": "bird-test_user2", "author": "2d5bd1ba-d459-4349-8fcb-d63e61254a61", "text": "Bird", "language": "9af89664-0c4a-45c8-a2d6-71ea070f4572"}}, {"model": "vocabulary.wordtranslation", "pk": "437935b7-69eb-440b-9643-dd119ef23596", "fields": {"created": "2024-09-04T13:52:10.231Z", "modified": "2024-09-04T13:52:10.231Z", "slug": "сочувствие-test_user1", "author": "374a944c-4826-422e-ad0b-6a80f5d4de42", "text": "Сочувствие", "language": "a937d4eb-14f0-41ba-bd5a-9964a0d60962"}}, {"model": "vocabulary.wordtranslation", "pk": "45def9fc-38e7-421b-b9b2-86550f4afb2f", "fields": {"created": "2024-09-04T13:52:07.987Z", "modified": "2024-09-04T13:52:07.987Z", "slug": "печенье-test_user1", "author": "374a944c-4826-422e-ad0b-6a80f5d4de42", "text": "Печенье", "language": "a937d4eb-14f0-41ba-bd5a-9964a0d60962"}}, {"model": "vocabulary.wordtranslation", "pk": "461fc44b-b74c-4d32-9efe-35b0c7fa5626", "fields": {"created": "2024-09-04T13:52:10.554Z", "modified": "2024-09-04T13:52:10.554Z", "slug": "у-тебя-получилось-test_user1", "author": "374a944c-4826-422e-ad0b-6a80f5d4de42", "text": "У тебя получилось!", "language": "a937d4eb-14f0-41ba-bd5a-9964a0d60962"}}, {"model": "vocabulary.wordtranslation", "pk": "471d589a-7eef-4bf9-b0bd-d0be7d2d5755", "fields": {"created": "2024-09-04T13:57:13.990Z", "modified": "2024-09-04T13:57:13.990Z", "slug": "отпуск-test_user2", "author": "2d5bd1ba-d459-4349-8fcb-d63e61254a61", "text": "Отпуск", "language": "a937d4eb-14f0-41ba-bd5a-9964a0d60962"}}, {"model": "vocabulary.wordtranslation", "pk": "5184ace0-1e9b-47e6-8706-6a6eabd8279c", "fields": {"created": "2024-09-04T13:52:09.709Z", "modified": "2024-09-04T13:52:09.709Z", "slug": "кафе-test_user1", "author": "374a944c-4826-422e-ad0b-6a80f5d4de42", "text": "Кафе", "language": "a937d4eb-14f0-41ba-bd5a-9964a0d60962"}}, {"model": "vocabulary.wordtranslation", "pk": "54061391-cfe0-4a38-aac2-15eddf515618", "fields": {"created": "2024-09-04T13:52:08.461Z", "modified": "2024-09-04T13:52:08.461Z", "slug": "кошка-test_user1", "author": "374a944c-4826-422e-ad0b-6a80f5d4de42", "text": "Кошка", "language": "a937d4eb-14f0-41ba-bd5a-9964a0d60962"}}, {"model": "vocabulary.wordtranslation", "pk": "587914fa-4562-4351-a775-c3495d59ec3c", "fields": {"created": "2024-09-04T13:57:14.135Z", "modified": "2024-09-04T13:57:14.135Z", "slug": "theatre-test_user2", "author": "2d5bd1ba-d459-4349-8fcb-d63e61254a61", "text": "Theatre", "language": "9af89664-0c4a-45c8-a2d6-71ea070f4572"}}, {"model": "vocabulary.wordtranslation", "pk": "5bed1258-60a6-499b-bd1a-690982ad9328", "fields": {"created": "2024-09-04T13:52:08.101Z", "modified": "2024-09-04T13:52:08.101Z", "slug": "праздник-test_user1", "author": "374a944c-4826-422e-ad0b-6a80f5d4de42", "text": "Праздник", "language": "a937d4eb-14f0-41ba-bd5a-9964a0d60962"}}, {"model": "vocabulary.wordtranslation", "pk": "5d8185d8-7b83-4040-a661-d577dc046b66", "fields": {"created": "2024-09-04T13:57:13.516Z", "modified": "2024-09-04T13:57:13.516Z", "slug": "pasta-test_user2", "author": "2d5bd1ba-d459-4349-8fcb-d63e61254a61", "text": "Pasta", "language": "9af89664-0c4a-45c8-a2d6-71ea070f4572"}}, {"model": "vocabulary.wordtranslation", "pk": "65a37999-0ce7-4ca3-8891-8bee3c0312a9", "fields": {"created": "2024-09-04T13:57:13.395Z", "modified": "2024-09-04T13:57:13.395Z", "slug": "чай-test_user2", "author": "2d5bd1ba-d459-4349-8fcb-d63e61254a61", "text": "Чай", "language": "a937d4eb-14f0-41ba-bd5a-9964a0d60962"}}, {"model": "vocabulary.wordtranslation", "pk": "6e58c487-bd98-4a76-84ca-2d8d176ae7a7", "fields": {"created": "2024-09-04T13:57:13.937Z", "modified": "2024-09-04T13:57:13.937Z", "slug": "breakfast-test_user2", "author": "2d5bd1ba-d459-4349-8fcb-d63e61254a61", "text": "Breakfast", "language": "a937d4eb-14f0-41ba-bd5a-9964a0d60962"}}, {"model": "vocabulary.wordtranslation", "pk": "76270114-b181-4a50-a613-3470d0b2a6a2", "fields": {"created": "2024-09-04T13:57:13.514Z", "modified": "2024-09-04T13:57:13.514Z", "slug": "паста-test_user2", "author": "2d5bd1ba-d459-4349-8fcb-d63e61254a61", "text": "Паста", "language": "a937d4eb-14f0-41ba-bd5a-9964a0d60962"}}, {"model": "vocabulary.wordtranslation", "pk": "7c7f3c72-1848-49b0-a8d9-b1c882194ea7", "fields": {"created": "2024-09-04T13:57:14.085Z", "modified": "2024-09-04T13:57:14.085Z", "slug": "птица-test_user2", "author": "2d5bd1ba-d459-4349-8fcb-d63e61254a61", "text": "Птица", "language": "a937d4eb-14f0-41ba-bd5a-9964a0d60962"}}, {"model": "vocabulary.wordtranslation", "pk": "7d97951d-ead7-4923-987f-2fd9c2ea24b0", "fields": {"created": "2024-09-04T13:52:08.403Z", "modified": "2024-09-04T13:52:08.403Z", "slug": "парфюм-test_user1", "author": "374a944c-4826-422e-ad0b-6a80f5d4de42", "text": "Парфюм", "language": "a937d4eb-14f0-41ba-bd5a-9964a0d60962"}}, {"model": "vocabulary.wordtranslation", "pk": "7eda19c8-cb12-48d5-bed8-646f09ef0015", "fields": {"created": "2024-09-04T13:57:13.444Z", "modified": "2024-09-04T13:57:13.444Z", "slug": "кафе-test_user2", "author": "2d5bd1ba-d459-4349-8fcb-d63e61254a61", "text": "Кафе", "language": "a937d4eb-14f0-41ba-bd5a-9964a0d60962"}}, {"model": "vocabulary.wordtranslation", "pk": "7f5cedd5-f8f5-4646-96b7-b2b9a0585e68", "fields": {"created": "2024-09-04T13:57:13.577Z", "modified": "2024-09-04T13:57:13.577Z", "slug": "ресторан-test_user2", "author": "2d5bd1ba-d459-4349-8fcb-d63e61254a61", "text": "Ресторан", "language": "a937d4eb-14f0-41ba-bd5a-9964a0d60962"}}, {"model": "vocabulary.wordtranslation", "pk": "943d2827-098a-4753-b982-45027c8b1988", "fields": {"created": "2024-09-04T13:57:13.993Z", "modified": "2024-09-04T13:57:13.993Z", "slug": "отдых-test_user2", "author": "2d5bd1ba-d459-4349-8fcb-d63e61254a61", "text": "Отдых", "language": "a937d4eb-14f0-41ba-bd5a-9964a0d60962"}}, {"model": "vocabulary.wordtranslation", "pk": "94ef1117-9836-4f30-a8d3-3d8a83bd1810", "fields": {"created": "2024-09-04T13:57:13.581Z", "modified": "2024-09-04T13:57:13.581Z", "slug": "restaurant-test_user2", "author": "2d5bd1ba-d459-4349-8fcb-d63e61254a61", "text": "Restaurant", "language": "9af89664-0c4a-45c8-a2d6-71ea070f4572"}}, {"model": "vocabulary.wordtranslation", "pk": "95476d80-1d2a-4421-9cb1-9cfe26888c47", "fields": {"created": "2024-09-04T13:57:14.226Z", "modified": "2024-09-04T13:57:14.226Z", "slug": "вечер-танцев-test_user2", "author": "2d5bd1ba-d459-4349-8fcb-d63e61254a61", "text": "Вечер танцев", "language": "a937d4eb-14f0-41ba-bd5a-9964a0d60962"}}, {"model": "vocabulary.wordtranslation", "pk": "a1a848a7-6c72-488d-99c2-bfa792df3688", "fields": {"created": "2024-09-04T13:52:10.694Z", "modified": "2024-09-04T13:52:10.694Z", "slug": "сильное-желание-постоянно-путешествовать-test_user1", "author": "374a944c-4826-422e-ad0b-6a80f5d4de42", "text": "сильное желание постоянно путешествовать", "language": "a937d4eb-14f0-41ba-bd5a-9964a0d60962"}}, {"model": "vocabulary.wordtranslation", "pk": "a4b1a236-f359-4e2e-a78a-223f5dd1bc75", "fields": {"created": "2024-09-04T13:52:08.349Z", "modified": "2024-09-04T13:52:08.349Z", "slug": "отпуск-test_user1", "author": "374a944c-4826-422e-ad0b-6a80f5d4de42", "text": "Отпуск", "language": "a937d4eb-14f0-41ba-bd5a-9964a0d60962"}}, {"model": "vocabulary.wordtranslation", "pk": "ac4ab02f-21f6-4fb3-b079-bef1c5ae1dab", "fields": {"created": "2024-09-04T13:57:14.322Z", "modified": "2024-09-04T13:57:14.323Z", "slug": "билет-test_user2", "author": "2d5bd1ba-d459-4349-8fcb-d63e61254a61", "text": "Билет", "language": "a937d4eb-14f0-41ba-bd5a-9964a0d60962"}}, {"model": "vocabulary.wordtranslation", "pk": "aedf4597-9140-4a2b-bcc5-5fdfa11522ef", "fields": {"created": "2024-09-04T13:57:13.811Z", "modified": "2024-09-04T13:57:13.811Z", "slug": "dinner-test_user2", "author": "2d5bd1ba-d459-4349-8fcb-d63e61254a61", "text": "Dinner", "language": "9af89664-0c4a-45c8-a2d6-71ea070f4572"}}, {"model": "vocabulary.wordtranslation", "pk": "aef3ee04-e4b2-4744-915e-cfa4e2ae08d7", "fields": {"created": "2024-09-04T13:52:09.095Z", "modified": "2024-09-04T13:52:09.095Z", "slug": "ночь-test_user1", "author": "374a944c-4826-422e-ad0b-6a80f5d4de42", "text": "Ночь", "language": "a937d4eb-14f0-41ba-bd5a-9964a0d60962"}}, {"model": "vocabulary.wordtranslation", "pk": "af00833f-b037-4032-879c-69cd68277184", "fields": {"created": "2024-09-04T13:57:13.995Z", "modified": "2024-09-04T13:57:13.995Z", "slug": "vacation-test_user2", "author": "2d5bd1ba-d459-4349-8fcb-d63e61254a61", "text": "Vacation", "language": "9af89664-0c4a-45c8-a2d6-71ea070f4572"}}, {"model": "vocabulary.wordtranslation", "pk": "b603c4d2-85e6-416a-829f-f3a372b23cc7", "fields": {"created": "2024-09-04T13:52:10.303Z", "modified": "2024-09-04T13:52:10.303Z", "slug": "вина-test_user1", "author": "374a944c-4826-422e-ad0b-6a80f5d4de42", "text": "Вина", "language": "a937d4eb-14f0-41ba-bd5a-9964a0d60962"}}, {"model": "vocabulary.wordtranslation", "pk": "b9c1ef0c-3eb9-431f-b85f-6d6a208a3b2c", "fields": {"created": "2024-09-04T13:52:08.400Z", "modified": "2024-09-04T13:52:08.400Z", "slug": "духи-test_user1", "author": "374a944c-4826-422e-ad0b-6a80f5d4de42", "text": "Духи", "language": "a937d4eb-14f0-41ba-bd5a-9964a0d60962"}}, {"model": "vocabulary.wordtranslation", "pk": "bbb7fa8f-c4ae-4a28-8433-ea8149616882", "fields": {"created": "2024-09-04T13:52:10.431Z", "modified": "2024-09-04T13:52:10.431Z", "slug": "трепет-test_user1", "author": "374a944c-4826-422e-ad0b-6a80f5d4de42", "text": "Трепет", "language": "a937d4eb-14f0-41ba-bd5a-9964a0d60962"}}, {"model": "vocabulary.wordtranslation", "pk": "bf7d1aad-d12c-4d80-aaab-7780730ad7f6", "fields": {"created": "2024-09-04T13:52:09.653Z", "modified": "2024-09-04T13:52:09.653Z", "slug": "театр-test_user1", "author": "374a944c-4826-422e-ad0b-6a80f5d4de42", "text": "Театр", "language": "a937d4eb-14f0-41ba-bd5a-9964a0d60962"}}, {"model": "vocabulary.wordtranslation", "pk": "c03df8ec-2000-47ee-9a87-4b412833f3d2", "fields": {"created": "2024-09-04T13:57:14.224Z", "modified": "2024-09-04T13:57:14.224Z", "slug": "танцы-test_user2", "author": "2d5bd1ba-d459-4349-8fcb-d63e61254a61", "text": "Танцы", "language": "a937d4eb-14f0-41ba-bd5a-9964a0d60962"}}, {"model": "vocabulary.wordtranslation", "pk": "c1104d88-79b6-4bef-93f7-146aae8354f0", "fields": {"created": "2024-09-04T13:52:09.532Z", "modified": "2024-09-04T13:52:09.532Z", "slug": "салат-test_user1", "author": "374a944c-4826-422e-ad0b-6a80f5d4de42", "text": "Салат", "language": "a937d4eb-14f0-41ba-bd5a-9964a0d60962"}}, {"model": "vocabulary.wordtranslation", "pk": "ca38a78a-9cc0-478e-ab9c-8b3e2e9ebeb8", "fields": {"created": "2024-09-04T13:52:08.690Z", "modified": "2024-09-04T13:52:08.690Z", "slug": "море-test_user1", "author": "374a944c-4826-422e-ad0b-6a80f5d4de42", "text": "Море", "language": "a937d4eb-14f0-41ba-bd5a-9964a0d60962"}}, {"model": "vocabulary.wordtranslation", "pk": "cc32771c-1c7e-49ba-afba-e2fef3be3385", "fields": {"created": "2024-09-04T13:52:08.242Z", "modified": "2024-09-04T13:52:08.242Z", "slug": "путешествовать-test_user1", "author": "374a944c-4826-422e-ad0b-6a80f5d4de42", "text": "Путешествовать", "language": "a937d4eb-14f0-41ba-bd5a-9964a0d60962"}}, {"model": "vocabulary.wordtranslation", "pk": "d72a45a4-1e13-4d9f-bfc0-43f358240bed", "fields": {"created": "2024-09-04T13:52:10.651Z", "modified": "2024-09-04T13:52:10.651Z", "slug": "не-принимайте-это-близко-к-сердцу-test_user1", "author": "374a944c-4826-422e-ad0b-6a80f5d4de42", "text": "Не принимайте это близко к сердцу", "language": "a937d4eb-14f0-41ba-bd5a-9964a0d60962"}}, {"model": "vocabulary.wordtranslation", "pk": "d9c73b2e-5d58-49a4-b28c-2836c5b3087b", "fields": {"created": "2024-09-04T13:52:09.348Z", "modified": "2024-09-04T13:52:09.348Z", "slug": "макияж-test_user1", "author": "374a944c-4826-422e-ad0b-6a80f5d4de42", "text": "Макияж", "language": "a937d4eb-14f0-41ba-bd5a-9964a0d60962"}}, {"model": "vocabulary.wordtranslation", "pk": "dc5b27f0-f66d-454e-8d11-e7a2dd47d2a6", "fields": {"created": "2024-09-04T13:57:14.274Z", "modified": "2024-09-04T13:57:14.274Z", "slug": "концерт-test_user2", "author": "2d5bd1ba-d459-4349-8fcb-d63e61254a61", "text": "Концерт", "language": "a937d4eb-14f0-41ba-bd5a-9964a0d60962"}}, {"model": "vocabulary.wordtranslation", "pk": "e229eb5f-a7e8-4ed7-8abb-7e29afa70f00", "fields": {"created": "2024-09-04T13:52:08.295Z", "modified": "2024-09-04T13:52:08.295Z", "slug": "чай-test_user1", "author": "374a944c-4826-422e-ad0b-6a80f5d4de42", "text": "Чай", "language": "a937d4eb-14f0-41ba-bd5a-9964a0d60962"}}, {"model": "vocabulary.wordtranslation", "pk": "eac2ae22-9d14-4bae-92b0-1b995a172016", "fields": {"created": "2024-09-04T13:57:13.890Z", "modified": "2024-09-04T13:57:13.890Z", "slug": "lunch-test_user2", "author": "2d5bd1ba-d459-4349-8fcb-d63e61254a61", "text": "Lunch", "language": "9af89664-0c4a-45c8-a2d6-71ea070f4572"}}, {"model": "vocabulary.wordtranslation", "pk": "eb1d68f3-a658-4209-9274-6c4f00c6e3cb", "fields": {"created": "2024-09-04T13:52:09.761Z", "modified": "2024-09-04T13:52:09.761Z", "slug": "бабочка-test_user1", "author": "374a944c-4826-422e-ad0b-6a80f5d4de42", "text": "Бабочка", "language": "a937d4eb-14f0-41ba-bd5a-9964a0d60962"}}, {"model": "vocabulary.wordtranslation", "pk": "ed252337-2153-4399-8d64-2a7af1f6c28a", "fields": {"created": "2024-09-04T13:57:14.177Z", "modified": "2024-09-04T13:57:14.177Z", "slug": "музей-test_user2", "author": "2d5bd1ba-d459-4349-8fcb-d63e61254a61", "text": "Музей", "language": "a937d4eb-14f0-41ba-bd5a-9964a0d60962"}}, {"model": "vocabulary.wordtranslation", "pk": "ee2f3ddf-121b-4107-9320-57e67dea33ae", "fields": {"created": "2024-09-04T13:52:09.216Z", "modified": "2024-09-04T13:52:09.216Z", "slug": "цветок-test_user1", "author": "374a944c-4826-422e-ad0b-6a80f5d4de42", "text": "Цветок", "language": "a937d4eb-14f0-41ba-bd5a-9964a0d60962"}}, {"model": "vocabulary.imageassociation", "pk": "00c9663d-73cc-4cf9-b051-0d70fdaed34b", "fields": {"created": "2024-09-04T13:57:13.599Z", "modified": "2024-09-04T13:57:13.599Z", "author": "2d5bd1ba-d459-4349-8fcb-d63e61254a61", "image": "", "image_url": "https://images.unsplash.com/photo-1497644083578-611b798c60f3?ixid=M3w1OTU5OTd8MHwxfHNlYXJjaHwyfHxyZXN0YXVyYW50fGVufDB8fHx8MTcyNTI2OTg2MHww&ixlib=rb-4.0.3"}}, {"model": "vocabulary.imageassociation", "pk": "057d5d31-968c-4f4a-874d-b439abc04b83", "fields": {"created": "2024-09-04T13:52:09.933Z", "modified": "2024-09-04T13:52:09.933Z", "author": "374a944c-4826-422e-ad0b-6a80f5d4de42", "image": "", "image_url": "https://images.unsplash.com/photo-1482330454287-3cf6611d0bc9?ixid=M3w1OTU5OTd8MHwxfHNlYXJjaHw4fHxob2xpZGF5fGVufDB8fHx8MTcyNTIwOTYzMnww&ixlib=rb-4.0.3"}}, {"model": "vocabulary.imageassociation", "pk": "0b5e6b66-2ab5-473e-8d92-29d76aa8d3b4", "fields": {"created": "2024-09-04T13:52:09.229Z", "modified": "2024-09-04T13:52:09.229Z", "author": "374a944c-4826-422e-ad0b-6a80f5d4de42", "image": "", "image_url": "https://images.unsplash.com/photo-1487139975590-b4f1dce9b035?ixid=M3w1OTU5OTd8MHwxfHNlYXJjaHwxfHxGbG93ZXJ8ZW58MHx8fHwxNzI1MjE0Njg1fDA&ixlib=rb-4.0.3"}}, {"model": "vocabulary.imageassociation", "pk": "0c89cc49-04e7-44a8-96de-622449004889", "fields": {"created": "2024-09-04T13:57:13.529Z", "modified": "2024-09-04T13:57:13.529Z", "author": "2d5bd1ba-d459-4349-8fcb-d63e61254a61", "image": "", "image_url": "https://images.unsplash.com/photo-1481931098730-318b6f776db0?ixid=M3w1OTU5OTd8MHwxfHNlYXJjaHwyfHxwYXN0YXxlbnwwfHx8fDE3MjUyNjk5NDJ8MA&ixlib=rb-4.0.3"}}, {"model": "vocabulary.imageassociation", "pk": "0ccc7399-87f3-4154-b724-d95d8267e543", "fields": {"created": "2024-09-04T13:52:09.822Z", "modified": "2024-09-04T13:52:09.822Z", "author": "374a944c-4826-422e-ad0b-6a80f5d4de42", "image": "", "image_url": "https://images.unsplash.com/photo-1499988921418-b7df40ff03f9?ixid=M3w1OTU5OTd8MHwxfHNlYXJjaHwxfHxEZXNlcnR8ZW58MHx8fHwxNzI1MjE1Mzg4fDA&ixlib=rb-4.0.3"}}, {"model": "vocabulary.imageassociation", "pk": "0fc14665-ab90-41ea-ad45-0ab7bcce97ac", "fields": {"created": "2024-09-04T13:57:14.190Z", "modified": "2024-09-04T13:57:14.190Z", "author": "2d5bd1ba-d459-4349-8fcb-d63e61254a61", "image": "", "image_url": "https://images.unsplash.com/photo-1514905552197-0610a4d8fd73?ixid=M3w1OTU5OTd8MHwxfHNlYXJjaHwxfHxNdXNldW18ZW58MHx8fHwxNzI1MjY5MTEwfDA&ixlib=rb-4.0.3"}}, {"model": "vocabulary.imageassociation", "pk": "20193fa6-1e0a-4b0b-b238-a850e8196fee", "fields": {"created": "2024-09-04T13:52:09.108Z", "modified": "2024-09-04T13:52:09.108Z", "author": "374a944c-4826-422e-ad0b-6a80f5d4de42", "image": "", "image_url": "https://images.unsplash.com/photo-1534447677768-be436bb09401?ixid=M3w1OTU5OTd8MHwxfHNlYXJjaHwyfHxOaWdodHxlbnwwfHx8fDE3MjUyMTQ1Mjd8MA&ixlib=rb-4.0.3"}}, {"model": "vocabulary.imageassociation", "pk": "23288f9b-f093-4a42-bac0-60fe0023080e", "fields": {"created": "2024-09-04T13:57:13.453Z", "modified": "2024-09-04T13:57:13.453Z", "author": "2d5bd1ba-d459-4349-8fcb-d63e61254a61", "image": "", "image_url": "https://images.unsplash.com/photo-1497644083578-611b798c60f3?ixid=M3w1OTU5OTd8MHwxfHNlYXJjaHwyfHxyZXN0YXVyYW50fGVufDB8fHx8MTcyNTI2OTg2MHww&ixlib=rb-4.0.3"}}, {"model": "vocabulary.imageassociation", "pk": "25c45d4d-61b6-41f3-b39c-6f1ec3b05df4", "fields": {"created": "2024-09-04T13:52:10.088Z", "modified": "2024-09-04T13:52:10.088Z", "author": "374a944c-4826-422e-ad0b-6a80f5d4de42", "image": "", "image_url": "https://images.unsplash.com/photo-1433891248364-3ce993ff0e92?ixid=M3w1OTU5OTd8MHwxfHNlYXJjaHwzfHx0ZWF8ZW58MHx8fHwxNzI1MjEwMDM2fDA&ixlib=rb-4.0.3"}}, {"model": "vocabulary.imageassociation", "pk": "2a13ec78-5188-41bb-a62c-a6126e2e8e89", "fields": {"created": "2024-09-04T13:57:14.146Z", "modified": "2024-09-04T13:57:14.146Z", "author": "2d5bd1ba-d459-4349-8fcb-d63e61254a61", "image": "", "image_url": "https://images.unsplash.com/photo-1471877325906-aee7c2240b5f?ixid=M3w1OTU5OTd8MHwxfHNlYXJjaHw5fHx0aGVhdHJlfGVufDB8fHx8MTcyNTI2OTEzN3ww&ixlib=rb-4.0.3"}}, {"model": "vocabulary.imageassociation", "pk": "3a46744f-5608-4f25-8a05-19d17bfddf13", "fields": {"created": "2024-09-04T13:57:13.950Z", "modified": "2024-09-04T13:57:13.950Z", "author": "2d5bd1ba-d459-4349-8fcb-d63e61254a61", "image": "", "image_url": "https://images.unsplash.com/photo-1504754524776-8f4f37790ca0?ixid=M3w1OTU5OTd8MHwxfHNlYXJjaHwxfHxicmVha2Zhc3R8ZW58MHx8fHwxNzI1MjY5NTU1fDA&ixlib=rb-4.0.3"}}, {"model": "vocabulary.imageassociation", "pk": "4461b396-69f3-4a9e-ba8f-74beec66e42d", "fields": {"created": "2024-09-04T13:57:13.748Z", "modified": "2024-09-04T13:57:13.748Z", "author": "2d5bd1ba-d459-4349-8fcb-d63e61254a61", "image": "", "image_url": "https://images.unsplash.com/photo-1486427944299-d1955d23e34d?ixid=M3w1OTU5OTd8MHwxfHNlYXJjaHwxfHxjYWtlfGVufDB8fHx8MTcyNTE4NDgzOHww&ixlib=rb-4.0.3"}}, {"model": "vocabulary.imageassociation", "pk": "49325e2d-cbce-4da8-bbb4-cb71dd4f33f1", "fields": {"created": "2024-09-04T13:52:09.108Z", "modified": "2024-09-04T13:52:09.108Z", "author": "374a944c-4826-422e-ad0b-6a80f5d4de42", "image": "", "image_url": "https://images.unsplash.com/photo-1505322022379-7c3353ee6291?ixid=M3w1OTU5OTd8MHwxfHNlYXJjaHw1fHxOaWdodHxlbnwwfHx8fDE3MjUyMTQ1Mjd8MA&ixlib=rb-4.0.3"}}, {"model": "vocabulary.imageassociation", "pk": "49bb3141-5e4f-4db3-a8de-afcc946975ed", "fields": {"created": "2024-09-04T13:52:09.666Z", "modified": "2024-09-04T13:52:09.666Z", "author": "374a944c-4826-422e-ad0b-6a80f5d4de42", "image": "", "image_url": "https://images.unsplash.com/photo-1516307365426-bea591f05011?ixid=M3w1OTU5OTd8MHwxfHNlYXJjaHw0fHxUaGVhdHJlfGVufDB8fHx8MTcyNTIxNTAwMnww&ixlib=rb-4.0.3"}}, {"model": "vocabulary.imageassociation", "pk": "4b92e56e-d95e-481a-81b1-ea3d175f08eb", "fields": {"created": "2024-09-04T13:52:09.171Z", "modified": "2024-09-04T13:52:09.171Z", "author": "374a944c-4826-422e-ad0b-6a80f5d4de42", "image": "", "image_url": "https://images.unsplash.com/photo-1505322022379-7c3353ee6291?ixid=M3w1OTU5OTd8MHwxfHNlYXJjaHw1fHxOaWdodHxlbnwwfHx8fDE3MjUyMTQ1Mjd8MA&ixlib=rb-4.0.3"}}, {"model": "vocabulary.imageassociation", "pk": "52420bb1-058e-406c-b233-4a2068d22dc8", "fields": {"created": "2024-09-04T13:52:09.983Z", "modified": "2024-09-04T13:52:09.983Z", "author": "374a944c-4826-422e-ad0b-6a80f5d4de42", "image": "", "image_url": "https://images.unsplash.com/photo-1505322022379-7c3353ee6291?ixid=M3w1OTU5OTd8MHwxfHNlYXJjaHw1fHxOaWdodHxlbnwwfHx8fDE3MjUyMTQ1Mjd8MA&ixlib=rb-4.0.3"}}, {"model": "vocabulary.imageassociation", "pk": "57ceb185-4900-4a63-8799-e6a62c395f2e", "fields": {"created": "2024-09-04T13:52:09.879Z", "modified": "2024-09-04T13:52:09.879Z", "author": "374a944c-4826-422e-ad0b-6a80f5d4de42", "image": "", "image_url": "https://images.unsplash.com/photo-1482330454287-3cf6611d0bc9?ixid=M3w1OTU5OTd8MHwxfHNlYXJjaHw4fHxob2xpZGF5fGVufDB8fHx8MTcyNTIwOTYzMnww&ixlib=rb-4.0.3"}}, {"model": "vocabulary.imageassociation", "pk": "5e1105ac-b373-47ef-9ea5-2454647d91ee", "fields": {"created": "2024-09-04T13:57:14.007Z", "modified": "2024-09-04T13:57:14.007Z", "author": "2d5bd1ba-d459-4349-8fcb-d63e61254a61", "image": "", "image_url": "https://images.unsplash.com/photo-1494380523890-2c3c1a3ea750?ixid=M3w1OTU5OTd8MHwxfHNlYXJjaHwxMHx8dmFjYXRpb258ZW58MHx8fHwxNzI1MjEzNTAwfDA&ixlib=rb-4.0.3"}}, {"model": "vocabulary.imageassociation", "pk": "5f352f90-d060-4294-a405-4b663ca2980a", "fields": {"created": "2024-09-04T13:52:08.016Z", "modified": "2024-09-04T13:52:08.016Z", "author": "374a944c-4826-422e-ad0b-6a80f5d4de42", "image": "", "image_url": "https://images.unsplash.com/photo-1514495021973-06719621b160?ixid=M3w1OTU5OTd8MHwxfHNlYXJjaHwxMHx8Y29va2llfGVufDB8fHx8MTcyNTE0MDE3Nnww&ixlib=rb-4.0.3"}}, {"model": "vocabulary.imageassociation", "pk": "60fea475-21bf-4e2f-abd8-7f1a8a567ab3", "fields": {"created": "2024-09-04T13:52:09.487Z", "modified": "2024-09-04T13:52:09.487Z", "author": "374a944c-4826-422e-ad0b-6a80f5d4de42", "image": "", "image_url": "https://images.unsplash.com/photo-1643185450492-6ba77dea00f6?ixid=M3w1OTU5OTd8MHwxfHNlYXJjaHwxfHxNYWtldXB8ZW58MHx8fHwxNzI1MjE0Nzc2fDA&ixlib=rb-4.0.3"}}, {"model": "vocabulary.imageassociation", "pk": "634a1e14-202b-4926-9e59-670678069a04", "fields": {"created": "2024-09-04T13:52:08.633Z", "modified": "2024-09-04T13:52:08.633Z", "author": "374a944c-4826-422e-ad0b-6a80f5d4de42", "image": "", "image_url": "https://images.unsplash.com/photo-1437482078695-73f5ca6c96e2?ixid=M3w1OTU5OTd8MHwxfHNlYXJjaHwxfHxyaXZlcnxlbnwwfHx8fDE3MjUyMTQwMzB8MA&ixlib=rb-4.0.3"}}, {"model": "vocabulary.imageassociation", "pk": "66f5c148-290d-4bac-b7c3-c2000c27b7d9", "fields": {"created": "2024-09-04T13:52:08.919Z", "modified": "2024-09-04T13:52:08.919Z", "author": "374a944c-4826-422e-ad0b-6a80f5d4de42", "image": "", "image_url": "https://images.unsplash.com/photo-1565759732117-a48f0bedbbfd?ixid=M3w1OTU5OTd8MHwxfHNlYXJjaHwzfHxWaWxsYWdlfGVufDB8fHx8MTcyNTIxNDMxMXww&ixlib=rb-4.0.3"}}, {"model": "vocabulary.imageassociation", "pk": "6772f61c-1ff0-4c23-8801-42583c8ae720", "fields": {"created": "2024-09-04T13:52:08.011Z", "modified": "2024-09-04T13:52:08.011Z", "author": "374a944c-4826-422e-ad0b-6a80f5d4de42", "image": "", "image_url": "https://images.unsplash.com/photo-1590080874088-eec64895b423?ixid=M3w1OTU5OTd8MHwxfHNlYXJjaHwyfHxjb29raWV8ZW58MHx8fHwxNzI1MTQwMTc2fDA&ixlib=rb-4.0.3"}}, {"model": "vocabulary.imageassociation", "pk": "686eb55b-4365-4528-ba55-f25a8de9a76e", "fields": {"created": "2024-09-04T13:52:09.721Z", "modified": "2024-09-04T13:52:09.721Z", "author": "374a944c-4826-422e-ad0b-6a80f5d4de42", "image": "", "image_url": "https://images.unsplash.com/photo-1509042239860-f550ce710b93?ixid=M3w1OTU5OTd8MHwxfHNlYXJjaHwzfHxDYWZlfGVufDB8fHx8MTcyNTIxNTE0N3ww&ixlib=rb-4.0.3"}}, {"model": "vocabulary.imageassociation", "pk": "7132f03a-e269-4c63-9826-1c248846219c", "fields": {"created": "2024-09-04T13:52:09.288Z", "modified": "2024-09-04T13:52:09.288Z", "author": "374a944c-4826-422e-ad0b-6a80f5d4de42", "image": "", "image_url": "https://images.unsplash.com/photo-1487139975590-b4f1dce9b035?ixid=M3w1OTU5OTd8MHwxfHNlYXJjaHwxfHxGbG93ZXJ8ZW58MHx8fHwxNzI1MjE0Njg1fDA&ixlib=rb-4.0.3"}}, {"model": "vocabulary.imageassociation", "pk": "767125b2-9e8f-4d9c-8186-809cf6a3d122", "fields": {"created": "2024-09-04T13:52:08.192Z", "modified": "2024-09-04T13:52:08.192Z", "author": "374a944c-4826-422e-ad0b-6a80f5d4de42", "image": "", "image_url": "https://images.unsplash.com/photo-1601208443688-c71856b84610?ixid=M3w1OTU5OTd8MHwxfHNlYXJjaHwyfHx0ZW1wbGV8ZW58MHx8fHwxNzI1MjA5OTIxfDA&ixlib=rb-4.0.3"}}, {"model": "vocabulary.imageassociation", "pk": "7b2178f1-0e4f-4dbd-8ee9-1e0be9bd0de7", "fields": {"created": "2024-09-04T13:52:09.547Z", "modified": "2024-09-04T13:52:09.547Z", "author": "374a944c-4826-422e-ad0b-6a80f5d4de42", "image": "", "image_url": "https://images.unsplash.com/photo-1512621776951-a57141f2eefd?ixid=M3w1OTU5OTd8MHwxfHNlYXJjaHwzfHxTYWxhZHxlbnwwfHx8fDE3MjUyMTQ5NDB8MA&ixlib=rb-4.0.3"}}, {"model": "vocabulary.imageassociation", "pk": "85eda86f-a2bf-4584-aa16-d3a3ef1c3a71", "fields": {"created": "2024-09-04T13:52:08.475Z", "modified": "2024-09-04T13:52:08.475Z", "author": "374a944c-4826-422e-ad0b-6a80f5d4de42", "image": "", "image_url": "https://images.unsplash.com/photo-1613946953542-670cd6872611?ixid=M3w1OTU5OTd8MHwxfHNlYXJjaHw0fHx0b21jYXR8ZW58MHx8fHwxNzI1MjEzODUyfDA&ixlib=rb-4.0.3"}}, {"model": "vocabulary.imageassociation", "pk": "8fa7b303-03d5-49a8-8eb6-09a17ebbe2b3", "fields": {"created": "2024-09-04T13:52:08.305Z", "modified": "2024-09-04T13:52:08.305Z", "author": "374a944c-4826-422e-ad0b-6a80f5d4de42", "image": "", "image_url": "https://images.unsplash.com/photo-1433891248364-3ce993ff0e92?ixid=M3w1OTU5OTd8MHwxfHNlYXJjaHwzfHx0ZWF8ZW58MHx8fHwxNzI1MjEwMDM2fDA&ixlib=rb-4.0.3"}}, {"model": "vocabulary.imageassociation", "pk": "90732ac4-4b78-48fa-9e05-48ddcfd3f329", "fields": {"created": "2024-09-04T13:52:09.666Z", "modified": "2024-09-04T13:52:09.666Z", "author": "374a944c-4826-422e-ad0b-6a80f5d4de42", "image": "", "image_url": "https://images.unsplash.com/photo-1514306191717-452ec28c7814?ixid=M3w1OTU5OTd8MHwxfHNlYXJjaHwzfHxUaGVhdHJlfGVufDB8fHx8MTcyNTIxNTAwMnww&ixlib=rb-4.0.3"}}, {"model": "vocabulary.imageassociation", "pk": "93c0e473-4e11-4299-81d7-66fafd553392", "fields": {"created": "2024-09-04T13:52:09.772Z", "modified": "2024-09-04T13:52:09.772Z", "author": "374a944c-4826-422e-ad0b-6a80f5d4de42", "image": "", "image_url": "https://images.unsplash.com/photo-1485842295075-1c7b2037114c?ixid=M3w1OTU5OTd8MHwxfHNlYXJjaHwzfHxidXR0ZXJmbHl8ZW58MHx8fHwxNzI1MjE1MjcwfDA&ixlib=rb-4.0.3"}}, {"model": "vocabulary.imageassociation", "pk": "957e68ba-931f-4d85-9464-7a59617f3f0f", "fields": {"created": "2024-09-04T13:57:14.054Z", "modified": "2024-09-04T13:57:14.054Z", "author": "2d5bd1ba-d459-4349-8fcb-d63e61254a61", "image": "", "image_url": "https://images.unsplash.com/photo-1619365734050-cb5e64a42d43?ixid=M3w1OTU5OTd8MHwxfHNlYXJjaHw0fHxyZXN0fGVufDB8fHx8MTcyNTI2OTM2Nnww&ixlib=rb-4.0.3"}}, {"model": "vocabulary.imageassociation", "pk": "9631409f-7281-4185-921b-ee6b1b33ccd8", "fields": {"created": "2024-09-04T13:57:14.288Z", "modified": "2024-09-04T13:57:14.288Z", "author": "2d5bd1ba-d459-4349-8fcb-d63e61254a61", "image": "", "image_url": "https://images.unsplash.com/photo-1429514513361-8fa32282fd5f?ixid=M3w1OTU5OTd8MHwxfHNlYXJjaHwxfHxjb25jZXJ0fGVufDB8fHx8MTcyNTI2ODkyMnww&ixlib=rb-4.0.3"}}, {"model": "vocabulary.imageassociation", "pk": "991a2b0d-1443-41f5-825d-8873a88c55cd", "fields": {"created": "2024-09-04T13:52:09.051Z", "modified": "2024-09-04T13:52:09.051Z", "author": "374a944c-4826-422e-ad0b-6a80f5d4de42", "image": "", "image_url": "https://images.unsplash.com/photo-1623913519265-1974e1e90bd2?ixid=M3w1OTU5OTd8MHwxfHNlYXJjaHwxfHxOaW5qYXxlbnwwfHx8fDE3MjUyMTQ0NTR8MA&ixlib=rb-4.0.3"}}, {"model": "vocabulary.imageassociation", "pk": "9cfb115f-5623-453f-9e86-ef7cc9b78f84", "fields": {"created": "2024-09-04T13:52:08.191Z", "modified": "2024-09-04T13:52:08.191Z", "author": "374a944c-4826-422e-ad0b-6a80f5d4de42", "image": "", "image_url": "https://images.unsplash.com/photo-1667132712523-e22ceda0dcd9?ixid=M3w1OTU5OTd8MHwxfHNlYXJjaHwxfHx0ZW1wbGV8ZW58MHx8fHwxNzI1MjA5OTIxfDA&ixlib=rb-4.0.3"}}, {"model": "vocabulary.imageassociation", "pk": "aa75a303-3e47-4413-b78d-355a126185d4", "fields": {"created": "2024-09-04T13:57:13.601Z", "modified": "2024-09-04T13:57:13.601Z", "author": "2d5bd1ba-d459-4349-8fcb-d63e61254a61", "image": "", "image_url": "https://images.unsplash.com/photo-1517248135467-4c7edcad34c4?ixid=M3w1OTU5OTd8MHwxfHNlYXJjaHwxfHxyZXN0YXVyYW50fGVufDB8fHx8MTcyNTI2OTg2MHww&ixlib=rb-4.0."}}, {"model": "vocabulary.imageassociation", "pk": "af1a0be4-a0df-446c-95ac-1093bcd120af", "fields": {"created": "2024-09-04T13:57:14.099Z", "modified": "2024-09-04T13:57:14.099Z", "author": "2d5bd1ba-d459-4349-8fcb-d63e61254a61", "image": "", "image_url": "https://images.unsplash.com/photo-1486365227551-f3f90034a57c?ixid=M3w1OTU5OTd8MHwxfHNlYXJjaHwxfHxiaXJkfGVufDB8fHx8MTcyNTI2OTI1NXww&ixlib=rb-4.0.3"}}, {"model": "vocabulary.imageassociation", "pk": "af3d318c-2fe3-4b8c-872f-cb03ee439394", "fields": {"created": "2024-09-04T13:52:09.360Z", "modified": "2024-09-04T13:52:09.360Z", "author": "374a944c-4826-422e-ad0b-6a80f5d4de42", "image": "", "image_url": "https://images.unsplash.com/photo-1643185450492-6ba77dea00f6?ixid=M3w1OTU5OTd8MHwxfHNlYXJjaHwxfHxNYWtldXB8ZW58MHx8fHwxNzI1MjE0Nzc2fDA&ixlib=rb-4.0.3"}}, {"model": "vocabulary.imageassociation", "pk": "b47d2ea2-c821-4bde-bd06-cc6ee9e24129", "fields": {"created": "2024-09-04T13:52:09.106Z", "modified": "2024-09-04T13:52:09.106Z", "author": "374a944c-4826-422e-ad0b-6a80f5d4de42", "image": "", "image_url": "https://images.unsplash.com/photo-1509515837298-2c67a3933321?ixid=M3w1OTU5OTd8MHwxfHNlYXJjaHwxfHxOaWdodHxlbnwwfHx8fDE3MjUyMTQ1Mjd8MA&ixlib=rb-4.0.3"}}, {"model": "vocabulary.imageassociation", "pk": "b4d1492c-8841-450e-8ef2-3c35fa4032be", "fields": {"created": "2024-09-04T13:52:09.823Z", "modified": "2024-09-04T13:52:09.823Z", "author": "374a944c-4826-422e-ad0b-6a80f5d4de42", "image": "", "image_url": "https://images.unsplash.com/photo-1482881497185-d4a9ddbe4151?ixid=M3w1OTU5OTd8MHwxfHNlYXJjaHwyfHxEZXNlcnR8ZW58MHx8fHwxNzI1MjE1Mzg4fDA&ixlib=rb-4.0.3"}}, {"model": "vocabulary.imageassociation", "pk": "b55af78e-2903-4667-ac63-6b8d07fc9f1e", "fields": {"created": "2024-09-04T13:52:09.664Z", "modified": "2024-09-04T13:52:09.665Z", "author": "374a944c-4826-422e-ad0b-6a80f5d4de42", "image": "", "image_url": "https://images.unsplash.com/photo-1503095396549-807759245b35?ixid=M3w1OTU5OTd8MHwxfHNlYXJjaHwxfHxUaGVhdHJlfGVufDB8fHx8MTcyNTIxNTAwMnww&ixlib=rb-4.0.3"}}, {"model": "vocabulary.imageassociation", "pk": "b61949f5-0bd1-461b-b92b-cd92588f8072", "fields": {"created": "2024-09-04T13:52:08.359Z", "modified": "2024-09-04T13:52:08.359Z", "author": "374a944c-4826-422e-ad0b-6a80f5d4de42", "image": "", "image_url": "https://images.unsplash.com/photo-1501426026826-31c667bdf23d?ixid=M3w1OTU5OTd8MHwxfHNlYXJjaHwxfHx2YWNhdGlvbnxlbnwwfHx8fDE3MjUyMTM1MDB8MA&ixlib=rb-4.0.3"}}, {"model": "vocabulary.imageassociation", "pk": "b671fd84-1065-4105-982f-b3679f821877", "fields": {"created": "2024-09-04T13:57:13.406Z", "modified": "2024-09-04T13:57:13.406Z", "author": "2d5bd1ba-d459-4349-8fcb-d63e61254a61", "image": "", "image_url": "https://images.unsplash.com/photo-1558160074-4d7d8bdf4256?ixid=M3w1OTU5OTd8MHwxfHNlYXJjaHwxMXx8dGVhfGVufDB8fHx8MTcyNTIxMDAzNnww&ixlib=rb-4.0.3"}}, {"model": "vocabulary.imageassociation", "pk": "bea0c0db-8695-44d4-b5ab-cd4382bcd92e", "fields": {"created": "2024-09-04T13:52:08.119Z", "modified": "2024-09-04T13:52:08.119Z", "author": "374a944c-4826-422e-ad0b-6a80f5d4de42", "image": "", "image_url": "https://images.unsplash.com/photo-1482330454287-3cf6611d0bc9?ixid=M3w1OTU5OTd8MHwxfHNlYXJjaHw4fHxob2xpZGF5fGVufDB8fHx8MTcyNTIwOTYzMnww&ixlib=rb-4.0.3"}}, {"model": "vocabulary.imageassociation", "pk": "c44f6209-d75b-459f-a30f-4a2a4818c364", "fields": {"created": "2024-09-04T13:57:14.241Z", "modified": "2024-09-04T13:57:14.241Z", "author": "2d5bd1ba-d459-4349-8fcb-d63e61254a61", "image": "", "image_url": "https://images.unsplash.com/photo-1643490745747-d187315225b8?ixid=M3w1OTU5OTd8MHwxfHNlYXJjaHwzfHxkYW5jZXN8ZW58MHx8fHwxNzI1MjY5MDI3fDA&ixlib=rb-4.0.3"}}, {"model": "vocabulary.imageassociation", "pk": "c5d76a0b-f533-4f32-89f8-f2e4dd5803f4", "fields": {"created": "2024-09-04T13:52:09.000Z", "modified": "2024-09-04T13:52:09.000Z", "author": "374a944c-4826-422e-ad0b-6a80f5d4de42", "image": "", "image_url": "https://images.unsplash.com/photo-1501426026826-31c667bdf23d?ixid=M3w1OTU5OTd8MHwxfHNlYXJjaHwxfHx2YWNhdGlvbnxlbnwwfHx8fDE3MjUyMTM1MDB8MA&ixlib=rb-4.0.3"}}, {"model": "vocabulary.imageassociation", "pk": "c65032a5-c17d-4d10-b4e2-b13a5316515a", "fields": {"created": "2024-09-04T13:52:10.034Z", "modified": "2024-09-04T13:52:10.034Z", "author": "374a944c-4826-422e-ad0b-6a80f5d4de42", "image": "", "image_url": "https://images.unsplash.com/photo-1501426026826-31c667bdf23d?ixid=M3w1OTU5OTd8MHwxfHNlYXJjaHwxfHx2YWNhdGlvbnxlbnwwfHx8fDE3MjUyMTM1MDB8MA&ixlib=rb-4.0.3"}}, {"model": "vocabulary.imageassociation", "pk": "ca8c0f89-fd7e-40dd-a57d-7a6e68f447ed", "fields": {"created": "2024-09-04T13:52:09.427Z", "modified": "2024-09-04T13:52:09.427Z", "author": "374a944c-4826-422e-ad0b-6a80f5d4de42", "image": "", "image_url": "https://images.unsplash.com/photo-1643185450492-6ba77dea00f6?ixid=M3w1OTU5OTd8MHwxfHNlYXJjaHwxfHxNYWtldXB8ZW58MHx8fHwxNzI1MjE0Nzc2fDA&ixlib=rb-4.0.3"}}, {"model": "vocabulary.imageassociation", "pk": "cd4be97c-1ff7-4438-b4da-6bd4408fe646", "fields": {"created": "2024-09-04T13:52:09.170Z", "modified": "2024-09-04T13:52:09.170Z", "author": "374a944c-4826-422e-ad0b-6a80f5d4de42", "image": "", "image_url": "https://images.unsplash.com/photo-1534447677768-be436bb09401?ixid=M3w1OTU5OTd8MHwxfHNlYXJjaHwyfHxOaWdodHxlbnwwfHx8fDE3MjUyMTQ1Mjd8MA&ixlib=rb-4.0.3"}}, {"model": "vocabulary.imageassociation", "pk": "ce0673d8-ab22-4188-bd11-872118bcfc6b", "fields": {"created": "2024-09-04T13:52:08.843Z", "modified": "2024-09-04T13:52:08.843Z", "author": "374a944c-4826-422e-ad0b-6a80f5d4de42", "image": "", "image_url": "https://images.unsplash.com/photo-1579541814924-49fef17c5be5?ixid=M3w1OTU5OTd8MHwxfHNlYXJjaHwyfHxQYWludGluZ3xlbnwwfHx8fDE3MjUyMTQyMjh8MA&ixlib=rb-4.0.3"}}, {"model": "vocabulary.imageassociation", "pk": "cfad8c9a-b6c2-447c-8a28-db72ff4804c7", "fields": {"created": "2024-09-04T13:52:08.706Z", "modified": "2024-09-04T13:52:08.706Z", "author": "374a944c-4826-422e-ad0b-6a80f5d4de42", "image": "", "image_url": "https://images.unsplash.com/photo-1507525428034-b723cf961d3e?ixid=M3w1OTU5OTd8MHwxfHNlYXJjaHwxfHxzZWF8ZW58MHx8fHwxNzI1MjE0MDk3fDA&ixlib=rb-4.0.3"}}, {"model": "vocabulary.imageassociation", "pk": "cfc6c293-74bc-4168-8738-e905813f35a4", "fields": {"created": "2024-09-04T13:52:08.917Z", "modified": "2024-09-04T13:52:08.917Z", "author": "374a944c-4826-422e-ad0b-6a80f5d4de42", "image": "", "image_url": "https://images.unsplash.com/photo-1614636006346-d3fb453b9901?ixid=M3w1OTU5OTd8MHwxfHNlYXJjaHwxfHxWaWxsYWdlfGVufDB8fHx8MTcyNTIxNDMxMXww&ixlib=rb-4.0.3"}}, {"model": "vocabulary.imageassociation", "pk": "d4f4c257-fd04-408b-986a-fe22987a887a", "fields": {"created": "2024-09-04T13:52:09.612Z", "modified": "2024-09-04T13:52:09.612Z", "author": "374a944c-4826-422e-ad0b-6a80f5d4de42", "image": "", "image_url": "https://images.unsplash.com/photo-1512621776951-a57141f2eefd?ixid=M3w1OTU5OTd8MHwxfHNlYXJjaHwzfHxTYWxhZHxlbnwwfHx8fDE3MjUyMTQ5NDB8MA&ixlib=rb-4.0.3"}}, {"model": "vocabulary.imageassociation", "pk": "dc70110b-5e49-45a7-9fa7-b775b7b0754a", "fields": {"created": "2024-09-04T13:57:14.333Z", "modified": "2024-09-04T13:57:14.333Z", "author": "2d5bd1ba-d459-4349-8fcb-d63e61254a61", "image": "", "image_url": "https://images.unsplash.com/photo-1623068285726-21b0fcabe7f8?ixid=M3w1OTU5OTd8MHwxfHNlYXJjaHwyfHx0aWNrZXR8ZW58MHx8fHwxNzI1MjY4ODg2fDA&ixlib=rb-4.0.3"}}, {"model": "vocabulary.imageassociation", "pk": "dcd25dfc-a497-4312-9300-a84b9d7da674", "fields": {"created": "2024-09-04T13:57:13.672Z", "modified": "2024-09-04T13:57:13.672Z", "author": "2d5bd1ba-d459-4349-8fcb-d63e61254a61", "image": "", "image_url": "https://images.unsplash.com/photo-1519682214708-973477a2529a?ixid=M3w1OTU5OTd8MHwxfHNlYXJjaHwxM3x8Y29va2llfGVufDB8fHx8MTcyNTI2OTcxMHww&ixlib=rb-4.0.3"}}, {"model": "vocabulary.imageassociation", "pk": "e0323668-713f-4500-a108-cb8c456705e7", "fields": {"created": "2024-09-04T13:52:08.361Z", "modified": "2024-09-04T13:52:08.361Z", "author": "374a944c-4826-422e-ad0b-6a80f5d4de42", "image": "", "image_url": "https://images.unsplash.com/photo-1502301197179-65228ab57f78?ixid=M3w1OTU5OTd8MHwxfHNlYXJjaHw1fHx2YWNhdGlvbnxlbnwwfHx8fDE3MjUyMTM1MDB8MA&ixlib=rb-4.0.3"}}, {"model": "vocabulary.imageassociation", "pk": "ea8b6afb-9107-4c3c-a788-34328e7691b8", "fields": {"created": "2024-09-04T13:52:08.766Z", "modified": "2024-09-04T13:52:08.766Z", "author": "374a944c-4826-422e-ad0b-6a80f5d4de42", "image": "", "image_url": "https://images.unsplash.com/photo-1589557909824-c0ff67d5fb25?ixid=M3w1OTU5OTd8MHwxfHNlYXJjaHwzfHxzZXJmaW5nfGVufDB8fHx8MTcyNTIxNDEyNnww&ixlib=rb-4.0.3"}}, {"model": "vocabulary.imageassociation", "pk": "eef5b85a-b5ba-463d-8ba0-895de45e79b0", "fields": {"created": "2024-09-04T13:52:09.001Z", "modified": "2024-09-04T13:52:09.001Z", "author": "374a944c-4826-422e-ad0b-6a80f5d4de42", "image": "", "image_url": "https://images.unsplash.com/photo-1502301197179-65228ab57f78?ixid=M3w1OTU5OTd8MHwxfHNlYXJjaHw1fHx2YWNhdGlvbnxlbnwwfHx8fDE3MjUyMTM1MDB8MA&ixlib=rb-4.0.3"}}, {"model": "vocabulary.imageassociation", "pk": "ef64eda9-0893-441a-a897-1a4f39c92f54", "fields": {"created": "2024-09-04T13:52:08.015Z", "modified": "2024-09-04T13:52:08.015Z", "author": "374a944c-4826-422e-ad0b-6a80f5d4de42", "image": "", "image_url": "https://images.unsplash.com/photo-1504624182560-38adb60ff7a4?ixid=M3w1OTU5OTd8MHwxfHNlYXJjaHw0fHxjb29raWV8ZW58MHx8fHwxNzI1MTQwMTc2fDA&ixlib=rb-4.0.3"}}, {"model": "vocabulary.imageassociation", "pk": "ef8c0ee9-5026-453c-9508-522068343954", "fields": {"created": "2024-09-04T13:52:08.764Z", "modified": "2024-09-04T13:52:08.764Z", "author": "374a944c-4826-422e-ad0b-6a80f5d4de42", "image": "", "image_url": "https://images.unsplash.com/photo-1671418421037-96dbf36f2ead?ixid=M3w1OTU5OTd8MHwxfHNlYXJjaHwxfHxzZXJmaW5nfGVufDB8fHx8MTcyNTIxNDEyNnww&ixlib=rb-4.0.3"}}, {"model": "vocabulary.collection", "pk": "12ca322f-5e59-42d3-b4b6-37655faedd03", "fields": {"created": "2024-09-04T13:52:10.207Z", "modified": "2024-09-04T13:52:10.207Z", "slug": "feelings-emotions-test_user1", "author": "374a944c-4826-422e-ad0b-6a80f5d4de42", "title": "Feelings & emotions", "description": ""}}, {"model": "vocabulary.collection", "pk": "52f58fed-7861-48db-a6fd-93d6f024f0cc", "fields": {"created": "2024-09-04T13:57:13.424Z", "modified": "2024-09-04T13:57:13.424Z", "slug": "pasto-test_user2", "author": "2d5bd1ba-d459-4349-8fcb-d63e61254a61", "title": "Pasto", "description": ""}}, {"model": "vocabulary.collection", "pk": "94537c98-9720-44c4-a0bd-ed732002b74a", "fields": {"created": "2024-09-04T13:52:10.722Z", "modified": "2024-09-04T13:52:10.722Z", "slug": "idioms-test_user1", "author": "374a944c-4826-422e-ad0b-6a80f5d4de42", "title": "Idioms", "description": ""}}, {"model": "vocabulary.collection", "pk": "eba7ec94-3a38-4014-ad67-8ee2932cd914", "fields": {"created": "2024-09-04T13:52:08.053Z", "modified": "2024-09-04T13:55:19.094Z", "slug": "simple-words-test_user1", "author": "374a944c-4826-422e-ad0b-6a80f5d4de42", "title": "Simple words", "description": "Just some start words"}}, {"model": "vocabulary.wordtranslations", "pk": "032de23b-009c-4da3-85c4-240ab4d212b6", "fields": {"created": "2024-09-04T13:52:08.298Z", "word": "bc9997fc-e822-43e7-949a-0f558ebc0110", "translation": "e229eb5f-a7e8-4ed7-8abb-7e29afa70f00"}}, {"model": "vocabulary.wordtranslations", "pk": "051c7679-9f37-4d3b-8cce-05b623d4cf44", "fields": {"created": "2024-09-04T13:52:08.406Z", "word": "906b361a-d34c-47db-9d77-87d38947564e", "translation": "7d97951d-ead7-4923-987f-2fd9c2ea24b0"}}, {"model": "vocabulary.wordtranslations", "pk": "05c26409-e629-4894-baf4-c8ef2a956ef3", "fields": {"created": "2024-09-04T13:52:09.764Z", "word": "d779718c-635a-4ee4-95c4-ffc8c7992df1", "translation": "eb1d68f3-a658-4209-9274-6c4f00c6e3cb"}}, {"model": "vocabulary.wordtranslations", "pk": "079d051d-eb11-4b37-a44f-f56e03f3447a", "fields": {"created": "2024-09-04T13:57:14.090Z", "word": "1883f8bb-9b1c-48ff-a434-1f3d25d15502", "translation": "7c7f3c72-1848-49b0-a8d9-b1c882194ea7"}}, {"model": "vocabulary.wordtranslations", "pk": "0c8c1316-1b62-4118-b0bd-6591988c639d", "fields": {"created": "2024-09-04T13:57:13.446Z", "word": "e828a7c3-a8f5-43d5-a41d-f9ad0eab9a9c", "translation": "7eda19c8-cb12-48d5-bed8-646f09ef0015"}}, {"model": "vocabulary.wordtranslations", "pk": "0cf3ef6d-55de-4ac6-9fdc-b99d028da124", "fields": {"created": "2024-09-04T13:52:08.245Z", "word": "cf6bcc8e-b14f-4a8e-8500-4730c3d735a0", "translation": "cc32771c-1c7e-49ba-afba-e2fef3be3385"}}, {"model": "vocabulary.wordtranslations", "pk": "0e3008bd-a8d7-44db-ae1c-3f56ac761f23", "fields": {"created": "2024-09-04T13:57:13.398Z", "word": "7ade4e52-37c6-486f-8d56-c0e5f23de54a", "translation": "65a37999-0ce7-4ca3-8891-8bee3c0312a9"}}, {"model": "vocabulary.wordtranslations", "pk": "0fe742aa-9763-4405-8654-236370981856", "fields": {"created": "2024-09-04T13:52:10.308Z", "word": "7323ee1c-cecb-435e-acc7-0ea986395977", "translation": "b603c4d2-85e6-416a-829f-f3a372b23cc7"}}, {"model": "vocabulary.wordtranslations", "pk": "149de98a-82d6-4fae-b011-827bd74b4aba", "fields": {"created": "2024-09-04T13:52:08.464Z", "word": "86f03ae2-c431-46dd-97f8-b536878518af", "translation": "54061391-cfe0-4a38-aac2-15eddf515618"}}, {"model": "vocabulary.wordtranslations", "pk": "16b54e8f-5590-47eb-b790-6fb550724cc8", "fields": {"created": "2024-09-04T13:57:14.138Z", "word": "a6f45df7-d9e8-4e9c-99af-3537a4e901ec", "translation": "587914fa-4562-4351-a775-c3495d59ec3c"}}, {"model": "vocabulary.wordtranslations", "pk": "17f3b1ef-8b08-441a-ac6c-65e01f87d491", "fields": {"created": "2024-09-04T13:52:08.909Z", "word": "0df02e46-5a00-4a68-85dd-f721d6bfa6fd", "translation": "3290e0e1-1300-476e-84fd-9b80f36ed664"}}, {"model": "vocabulary.wordtranslations", "pk": "1b9e46b3-a78f-4da5-b8ef-02078154c459", "fields": {"created": "2024-09-04T13:52:08.183Z", "word": "0b570a11-0308-4066-ba38-ccb049bb3872", "translation": "0c109c2e-3b45-4979-a14c-a93b348093a8"}}, {"model": "vocabulary.wordtranslations", "pk": "1bacd926-90d5-4010-9862-064b7462cfab", "fields": {"created": "2024-09-04T13:57:14.138Z", "word": "a6f45df7-d9e8-4e9c-99af-3537a4e901ec", "translation": "3ddb6e66-60ed-4c23-99db-224d9914e1a8"}}, {"model": "vocabulary.wordtranslations", "pk": "1dbb96dc-2c2f-4fb4-8ea3-63a2428b101d", "fields": {"created": "2024-09-04T13:57:13.585Z", "word": "551dfc0c-c0f1-4d73-be77-b9ab25158820", "translation": "7f5cedd5-f8f5-4646-96b7-b2b9a0585e68"}}, {"model": "vocabulary.wordtranslations", "pk": "204c5f70-32ad-4259-8407-5dbfa29c00b7", "fields": {"created": "2024-09-04T13:52:08.352Z", "word": "91727ad2-ffa5-42f5-a4e3-bb6caa0bcbf7", "translation": "a4b1a236-f359-4e2e-a78a-223f5dd1bc75"}}, {"model": "vocabulary.wordtranslations", "pk": "28c15633-fcd7-4927-af2e-03700c8c4fff", "fields": {"created": "2024-09-04T13:52:09.418Z", "word": "59e37bd0-7f50-4107-888f-c8bcc40dc6b8", "translation": "d9c73b2e-5d58-49a4-b28c-2836c5b3087b"}}, {"model": "vocabulary.wordtranslations", "pk": "2c9b1e44-799b-4c4c-b402-d61561f847ef", "fields": {"created": "2024-09-04T13:57:13.519Z", "word": "ce7b61a8-7333-441e-8778-2d68d30ca91d", "translation": "5d8185d8-7b83-4040-a661-d577dc046b66"}}, {"model": "vocabulary.wordtranslations", "pk": "30376864-abf4-4a47-bb94-c7ada7631bea", "fields": {"created": "2024-09-04T13:57:13.734Z", "word": "c8fb5907-4450-49da-9493-243dda65881d", "translation": "3aa0376b-95b2-4122-a35b-a26f48efa386"}}, {"model": "vocabulary.wordtranslations", "pk": "32e6765c-8c5a-4a52-904e-6cfd4621eab0", "fields": {"created": "2024-09-04T13:52:08.983Z", "word": "01f216e7-f74f-4c1b-b9b6-6551b9da2b68", "translation": "a4b1a236-f359-4e2e-a78a-223f5dd1bc75"}}, {"model": "vocabulary.wordtranslations", "pk": "362d30fa-2aa2-4d78-aea3-ee4e5e1d732b", "fields": {"created": "2024-09-04T13:57:14.182Z", "word": "d9bd1df8-5c7b-4c96-80db-5dce3e8ec9cd", "translation": "30db1b59-8a82-4c50-aaa1-0e97cfe3707c"}}, {"model": "vocabulary.wordtranslations", "pk": "36d2a51c-b91d-48bc-8a91-bcc352bca68f", "fields": {"created": "2024-09-04T13:57:13.998Z", "word": "ea544538-5abe-4fbd-9f20-73ba1265e6df", "translation": "af00833f-b037-4032-879c-69cd68277184"}}, {"model": "vocabulary.wordtranslations", "pk": "40ed3271-4874-4e88-ab6b-6805bd03f559", "fields": {"created": "2024-09-04T13:52:09.098Z", "word": "c8d3f6d2-7c06-4e4b-9aad-a44b569367e8", "translation": "aef3ee04-e4b2-4744-915e-cfa4e2ae08d7"}}, {"model": "vocabulary.wordtranslations", "pk": "41d952b8-e385-415d-91ee-7fc9b5c7f05a", "fields": {"created": "2024-09-04T13:52:10.381Z", "word": "9d9d8cb5-76b5-4ace-91f9-550d2e5cbd29", "translation": "b603c4d2-85e6-416a-829f-f3a372b23cc7"}}, {"model": "vocabulary.wordtranslations", "pk": "469105fb-b245-451b-8b9b-567b4d027c56", "fields": {"created": "2024-09-04T13:57:13.940Z", "word": "59a633d5-f9e1-4670-83f3-a4542d16eb3c", "translation": "6e58c487-bd98-4a76-84ca-2d8d176ae7a7"}}, {"model": "vocabulary.wordtranslations", "pk": "469f6d1f-b5f5-4a9b-970b-9efb109221dc", "fields": {"created": "2024-09-04T13:52:09.814Z", "word": "825201dc-ba32-4f61-b012-3f71702fbf6b", "translation": "1fe15734-b87d-474f-a482-280cfdb20f59"}}, {"model": "vocabulary.wordtranslations", "pk": "4a155a34-798a-45c3-9179-b89222280904", "fields": {"created": "2024-09-04T13:57:13.814Z", "word": "33b84258-698a-4c5f-877f-af027b7d4f2f", "translation": "1420a507-0a49-42c3-a9b7-10890f1dec31"}}, {"model": "vocabulary.wordtranslations", "pk": "4a95aaca-1c77-4e36-93cb-c5f4e1c9c8fc", "fields": {"created": "2024-09-04T13:52:10.026Z", "word": "857e965f-9bd9-46ed-9270-0774145b2b85", "translation": "a4b1a236-f359-4e2e-a78a-223f5dd1bc75"}}, {"model": "vocabulary.wordtranslations", "pk": "4bc147a3-ad59-43f4-8516-dae04d3c2389", "fields": {"created": "2024-09-04T13:52:09.477Z", "word": "c0b15306-cda0-4475-99fd-4e7c2b3c2c6e", "translation": "d9c73b2e-5d58-49a4-b28c-2836c5b3087b"}}, {"model": "vocabulary.wordtranslations", "pk": "4ebd61db-10f2-4c0f-97c2-5bd98bbdd24c", "fields": {"created": "2024-09-04T13:57:14.279Z", "word": "cdc3f6d3-a125-4258-b2ed-301f5c5fd87b", "translation": "dc5b27f0-f66d-454e-8d11-e7a2dd47d2a6"}}, {"model": "vocabulary.wordtranslations", "pk": "5466621d-f804-45b3-b5e6-caf1de41a409", "fields": {"created": "2024-09-04T13:52:09.604Z", "word": "9f89c44d-40da-41e4-85e3-53b27ce5a159", "translation": "c1104d88-79b6-4bef-93f7-146aae8354f0"}}, {"model": "vocabulary.wordtranslations", "pk": "5b958316-957d-43db-b14f-8197bdb7c178", "fields": {"created": "2024-09-04T13:57:13.998Z", "word": "ea544538-5abe-4fbd-9f20-73ba1265e6df", "translation": "943d2827-098a-4753-b982-45027c8b1988"}}, {"model": "vocabulary.wordtranslations", "pk": "5cebe8f2-3c05-4559-a20d-fcad3c83fe9f", "fields": {"created": "2024-09-04T13:52:08.406Z", "word": "906b361a-d34c-47db-9d77-87d38947564e", "translation": "b9c1ef0c-3eb9-431f-b85f-6d6a208a3b2c"}}, {"model": "vocabulary.wordtranslations", "pk": "6628113f-4e3b-4d78-a482-4eb69feb4d3d", "fields": {"created": "2024-09-04T13:52:09.656Z", "word": "7c491171-74a7-4f12-a0b1-5e074af513a8", "translation": "bf7d1aad-d12c-4d80-aaab-7780730ad7f6"}}, {"model": "vocabulary.wordtranslations", "pk": "67e40614-f0e2-4dcd-ad13-b04b069e2e67", "fields": {"created": "2024-09-04T13:57:14.231Z", "word": "c8cb72b6-8b7b-4340-9c51-fcde15d71975", "translation": "416400c6-2980-45f0-b8eb-52678ac89285"}}, {"model": "vocabulary.wordtranslations", "pk": "6b7b74ad-b2fa-43db-93aa-20626770f53c", "fields": {"created": "2024-09-04T13:52:07.997Z", "word": "4df148d6-815a-48c7-b6e2-b418d3e196a7", "translation": "45def9fc-38e7-421b-b9b2-86550f4afb2f"}}, {"model": "vocabulary.wordtranslations", "pk": "6e294103-ca4a-4ae9-a2da-7c942ebafebc", "fields": {"created": "2024-09-04T13:52:08.105Z", "word": "05d169e4-d993-48c2-bf3b-8061e21885f1", "translation": "5bed1258-60a6-499b-bd1a-690982ad9328"}}, {"model": "vocabulary.wordtranslations", "pk": "70ed3304-5e1e-4281-add7-fc5767288922", "fields": {"created": "2024-09-04T13:57:13.585Z", "word": "551dfc0c-c0f1-4d73-be77-b9ab25158820", "translation": "94ef1117-9836-4f30-a8d3-3d8a83bd1810"}}, {"model": "vocabulary.wordtranslations", "pk": "7229a8af-400c-49db-ba5b-1cbec0d7904f", "fields": {"created": "2024-09-04T13:57:14.047Z", "word": "1bac9bad-31ee-4b8d-8fe5-9f86426ae373", "translation": "943d2827-098a-4753-b982-45027c8b1988"}}, {"model": "vocabulary.wordtranslations", "pk": "73125ea2-7d15-4afd-a1fd-8d90b14bf38b", "fields": {"created": "2024-09-04T13:52:09.926Z", "word": "37fe6338-05d6-4005-b4e6-314f7d51aefe", "translation": "5bed1258-60a6-499b-bd1a-690982ad9328"}}, {"model": "vocabulary.wordtranslations", "pk": "793b6c30-2547-47a9-bcf2-8236643a3d84", "fields": {"created": "2024-09-04T13:57:13.998Z", "word": "ea544538-5abe-4fbd-9f20-73ba1265e6df", "translation": "471d589a-7eef-4bf9-b0bd-d0be7d2d5755"}}, {"model": "vocabulary.wordtranslations", "pk": "7cef8a77-af25-4b4b-9eab-97f6036204f7", "fields": {"created": "2024-09-04T13:52:08.624Z", "word": "1fa8db9f-ea0c-4c5e-ac25-6d53fadb4b87", "translation": "14603d63-7119-44da-b595-3ca04b97899e"}}, {"model": "vocabulary.wordtranslations", "pk": "830e3455-cfb7-4aa8-809e-57d54f92c9ff", "fields": {"created": "2024-09-04T13:57:13.661Z", "word": "1e73d9b5-3061-4582-bfe8-e3e644e3ea5a", "translation": "03148c9c-faec-44d9-9843-235b8f940da5"}}, {"model": "vocabulary.wordtranslations", "pk": "831ce797-b7f2-4c18-80cb-1b2718019abb", "fields": {"created": "2024-09-04T13:52:10.697Z", "word": "ccfdb0a8-2e04-45ee-8a6e-a2c3788be5df", "translation": "a1a848a7-6c72-488d-99c2-bfa792df3688"}}, {"model": "vocabulary.wordtranslations", "pk": "86cd7b7a-1435-4214-a03c-69a5dcac1fc2", "fields": {"created": "2024-09-04T13:52:10.078Z", "word": "ab9567d5-e8ea-4d56-b71b-6aa63b2ab3a5", "translation": "e229eb5f-a7e8-4ed7-8abb-7e29afa70f00"}}, {"model": "vocabulary.wordtranslations", "pk": "8fdb6718-eb7f-434b-bead-967254218c8b", "fields": {"created": "2024-09-04T13:57:13.661Z", "word": "1e73d9b5-3061-4582-bfe8-e3e644e3ea5a", "translation": "1ab09dc1-8c06-43e9-b227-fc02eeb81901"}}, {"model": "vocabulary.wordtranslations", "pk": "a29fe2e7-d990-4867-b0f0-4beea3af6fea", "fields": {"created": "2024-09-04T13:52:10.434Z", "word": "4b111a89-f127-4adf-bec0-6a0a9dbec249", "translation": "bbb7fa8f-c4ae-4a28-8433-ea8149616882"}}, {"model": "vocabulary.wordtranslations", "pk": "a876fd80-d11e-4be7-8fd3-a4b93420fe73", "fields": {"created": "2024-09-04T13:57:13.893Z", "word": "9a31f7f6-0e90-4ce5-9c56-0f6c4ca70ac0", "translation": "2161e89c-b302-440e-a5d7-bb006b5601fe"}}, {"model": "vocabulary.wordtranslations", "pk": "aa1f9d58-f832-4c9c-a788-9cb98315b598", "fields": {"created": "2024-09-04T13:52:09.220Z", "word": "b1202d9b-2818-4fdf-8d90-547c238f236e", "translation": "ee2f3ddf-121b-4107-9320-57e67dea33ae"}}, {"model": "vocabulary.wordtranslations", "pk": "aa29bead-a33c-4b0a-adff-499cb0d1b0dc", "fields": {"created": "2024-09-04T13:52:09.870Z", "word": "b0a7b921-2129-4f6b-a4a1-125a7588c690", "translation": "5bed1258-60a6-499b-bd1a-690982ad9328"}}, {"model": "vocabulary.wordtranslations", "pk": "b1062ff6-1b5f-4f8c-8b3a-efabf009977c", "fields": {"created": "2024-09-04T13:57:14.231Z", "word": "c8cb72b6-8b7b-4340-9c51-fcde15d71975", "translation": "c03df8ec-2000-47ee-9a87-4b412833f3d2"}}, {"model": "vocabulary.wordtranslations", "pk": "b1dbb25c-d214-4c23-bb2e-4169b40a49a4", "fields": {"created": "2024-09-04T13:52:08.829Z", "word": "fa2b671c-4fc0-464c-bd81-f3529ddff865", "translation": "121cab0d-8e87-449d-9c2f-29ab1658bfd7"}}, {"model": "vocabulary.wordtranslations", "pk": "b48ff172-1056-4d0a-944b-0d1d4b380980", "fields": {"created": "2024-09-04T13:57:13.893Z", "word": "9a31f7f6-0e90-4ce5-9c56-0f6c4ca70ac0", "translation": "eac2ae22-9d14-4bae-92b0-1b995a172016"}}, {"model": "vocabulary.wordtranslations", "pk": "bb4bf53a-9198-4be0-85d2-bab1beac69d1", "fields": {"created": "2024-09-04T13:52:08.694Z", "word": "9e8cba93-844f-4b9c-ab2c-fd660f0deb85", "translation": "ca38a78a-9cc0-478e-ab9c-8b3e2e9ebeb8"}}, {"model": "vocabulary.wordtranslations", "pk": "bb6921e9-1435-4be3-846f-c5b89ba09307", "fields": {"created": "2024-09-04T13:57:13.519Z", "word": "ce7b61a8-7333-441e-8778-2d68d30ca91d", "translation": "76270114-b181-4a50-a613-3470d0b2a6a2"}}, {"model": "vocabulary.wordtranslations", "pk": "c4afc181-5507-4602-8656-813c8ba8c64a", "fields": {"created": "2024-09-04T13:57:13.814Z", "word": "33b84258-698a-4c5f-877f-af027b7d4f2f", "translation": "aedf4597-9140-4a2b-bcc5-5fdfa11522ef"}}, {"model": "vocabulary.wordtranslations", "pk": "c4e565cf-529a-45d3-8272-dcf8944e6cd9", "fields": {"created": "2024-09-04T13:57:14.325Z", "word": "78021dda-3fc3-43d0-b67e-bdf3bb52d6ed", "translation": "ac4ab02f-21f6-4fb3-b079-bef1c5ae1dab"}}, {"model": "vocabulary.wordtranslations", "pk": "c656b26d-4630-4145-aba4-0d8a913b83e5", "fields": {"created": "2024-09-04T13:52:09.975Z", "word": "a72ab6cb-eb36-463c-82cd-fa3f2a082116", "translation": "aef3ee04-e4b2-4744-915e-cfa4e2ae08d7"}}, {"model": "vocabulary.wordtranslations", "pk": "c7f97cd3-fb8d-487c-90c2-68c4bd2b9165", "fields": {"created": "2024-09-04T13:52:09.712Z", "word": "6a129dd4-22fe-4208-9353-07869c8a62c6", "translation": "5184ace0-1e9b-47e6-8706-6a6eabd8279c"}}, {"model": "vocabulary.wordtranslations", "pk": "c84f5101-d5d7-456a-b54e-865310ea2a1a", "fields": {"created": "2024-09-04T13:52:10.654Z", "word": "40e6f3a7-d5be-4bcf-9854-424991e90ee7", "translation": "d72a45a4-1e13-4d9f-bfc0-43f358240bed"}}, {"model": "vocabulary.wordtranslations", "pk": "d27b2e76-5de7-42f4-ad5c-3ab104a3e0b3", "fields": {"created": "2024-09-04T13:57:14.047Z", "word": "1bac9bad-31ee-4b8d-8fe5-9f86426ae373", "translation": "2e83b1f1-df70-4f68-872f-b1c157f76d4d"}}, {"model": "vocabulary.wordtranslations", "pk": "d3fbf647-b3e6-4be9-aae3-acf40de5dc80", "fields": {"created": "2024-09-04T13:52:09.535Z", "word": "47dfbfb2-e8db-4594-8e93-917446e723a1", "translation": "c1104d88-79b6-4bef-93f7-146aae8354f0"}}, {"model": "vocabulary.wordtranslations", "pk": "d677aa05-5aef-4335-a572-47227ab21865", "fields": {"created": "2024-09-04T13:52:10.233Z", "word": "65127fb4-a20d-4bb7-a9d7-47f1e2188559", "translation": "437935b7-69eb-440b-9643-dd119ef23596"}}, {"model": "vocabulary.wordtranslations", "pk": "d68a098b-9656-47d3-91df-13984292952e", "fields": {"created": "2024-09-04T13:52:09.351Z", "word": "63af4b4c-05f8-4e2e-853a-1e1ff3b641d5", "translation": "d9c73b2e-5d58-49a4-b28c-2836c5b3087b"}}, {"model": "vocabulary.wordtranslations", "pk": "e0ccfcbc-b204-4713-a3c8-f1a2af675747", "fields": {"created": "2024-09-04T13:52:08.909Z", "word": "0df02e46-5a00-4a68-85dd-f721d6bfa6fd", "translation": "37c51cc9-c704-4fe8-a26f-da78d799d314"}}, {"model": "vocabulary.wordtranslations", "pk": "e22798e2-b26c-4717-a4f5-4247daf0ff7f", "fields": {"created": "2024-09-04T13:52:09.162Z", "word": "873c08a2-391e-4161-842c-4e9e86b64123", "translation": "aef3ee04-e4b2-4744-915e-cfa4e2ae08d7"}}, {"model": "vocabulary.wordtranslations", "pk": "e52ef74a-125c-44fe-bdfd-7b06c35b57f0", "fields": {"created": "2024-09-04T13:57:14.231Z", "word": "c8cb72b6-8b7b-4340-9c51-fcde15d71975", "translation": "95476d80-1d2a-4421-9cb1-9cfe26888c47"}}, {"model": "vocabulary.wordtranslations", "pk": "e74cf267-e391-4a88-8098-7d6afb710c1b", "fields": {"created": "2024-09-04T13:57:14.090Z", "word": "1883f8bb-9b1c-48ff-a434-1f3d25d15502", "translation": "42fef0ea-3833-4134-ba22-558042d97020"}}, {"model": "vocabulary.wordtranslations", "pk": "eb31b4a7-ae55-4634-ade1-5f9ce741ebf0", "fields": {"created": "2024-09-04T13:52:10.484Z", "word": "01d442c0-a252-45e3-bf11-691defac40b8", "translation": "137f8f20-b1e8-4764-9719-b3a6c1f1bb26"}}, {"model": "vocabulary.wordtranslations", "pk": "f468e07c-e244-4a4d-8381-e74f3e060d60", "fields": {"created": "2024-09-04T13:52:10.174Z", "word": "bc06d95f-df52-4690-af5e-7a5c4eda953a", "translation": "42c6230e-70bb-4a7a-86d6-a303cdf752b0"}}, {"model": "vocabulary.wordtranslations", "pk": "f4e12d4d-bfb8-4f98-882d-e191cf64bed3", "fields": {"created": "2024-09-04T13:57:14.182Z", "word": "d9bd1df8-5c7b-4c96-80db-5dce3e8ec9cd", "translation": "ed252337-2153-4399-8d64-2a7af1f6c28a"}}, {"model": "vocabulary.wordtranslations", "pk": "f8bda852-3b2a-4740-8fa4-c8659bc9cc30", "fields": {"created": "2024-09-04T13:52:09.277Z", "word": "33e42211-60b5-4407-a97d-38c6404f1ca5", "translation": "ee2f3ddf-121b-4107-9320-57e67dea33ae"}}, {"model": "vocabulary.wordtranslations", "pk": "f970fcd7-0f56-46c5-af0a-ed9b8b34bb70", "fields": {"created": "2024-09-04T13:52:10.610Z", "word": "03ec743d-1b85-496e-be53-c38bf7ad1bf9", "translation": "4164bcaf-80d0-488f-992a-2891061e0292"}}, {"model": "vocabulary.wordtranslations", "pk": "fa168bb1-b3d5-4412-80f0-8f25cf583652", "fields": {"created": "2024-09-04T13:52:10.558Z", "word": "1188cd35-de3d-4455-b3bf-c0bbe1fc58e2", "translation": "461fc44b-b74c-4d32-9efe-35b0c7fa5626"}}, {"model": "vocabulary.wordtranslations", "pk": "fb1cc7c7-6830-4c9d-9f62-293748fd5bed", "fields": {"created": "2024-09-04T13:57:13.940Z", "word": "59a633d5-f9e1-4670-83f3-a4542d16eb3c", "translation": "25e7441b-d6be-4bca-a1f5-9d07e66b408a"}}, {"model": "vocabulary.wordimageassociations", "pk": "0117602d-8ef7-47aa-bafe-b028e67f626d", "fields": {"created": "2024-09-04T13:52:08.479Z", "word": "86f03ae2-c431-46dd-97f8-b536878518af", "image": "85eda86f-a2bf-4584-aa16-d3a3ef1c3a71"}}, {"model": "vocabulary.wordimageassociations", "pk": "030ad430-fefb-4c98-86f8-222d04fc2802", "fields": {"created": "2024-09-04T13:52:08.195Z", "word": "0b570a11-0308-4066-ba38-ccb049bb3872", "image": "767125b2-9e8f-4d9c-8186-809cf6a3d122"}}, {"model": "vocabulary.wordimageassociations", "pk": "05386db1-bca8-44d5-b669-f90bbb38dd54", "fields": {"created": "2024-09-04T13:52:08.195Z", "word": "0b570a11-0308-4066-ba38-ccb049bb3872", "image": "9cfb115f-5623-453f-9e86-ef7cc9b78f84"}}, {"model": "vocabulary.wordimageassociations", "pk": "072dc5b5-f1eb-44bb-be59-423bebfc771a", "fields": {"created": "2024-09-04T13:52:09.054Z", "word": "a2b78b61-02c6-4bfe-b5c1-cdcdf3c24e72", "image": "991a2b0d-1443-41f5-825d-8873a88c55cd"}}, {"model": "vocabulary.wordimageassociations", "pk": "0df83cad-e233-424c-905c-b6a59baffae8", "fields": {"created": "2024-09-04T13:52:08.709Z", "word": "9e8cba93-844f-4b9c-ab2c-fd660f0deb85", "image": "cfad8c9a-b6c2-447c-8a28-db72ff4804c7"}}, {"model": "vocabulary.wordimageassociations", "pk": "12b562ba-c268-4886-b7b8-78de4368afb5", "fields": {"created": "2024-09-04T13:57:14.057Z", "word": "1bac9bad-31ee-4b8d-8fe5-9f86426ae373", "image": "957e68ba-931f-4d85-9464-7a59617f3f0f"}}, {"model": "vocabulary.wordimageassociations", "pk": "17dc02a8-dc0d-40e5-a8a1-1303fdeeca02", "fields": {"created": "2024-09-04T13:52:08.769Z", "word": "4abca3b6-1784-4e1c-9c01-97d92fba78f8", "image": "ea8b6afb-9107-4c3c-a788-34328e7691b8"}}, {"model": "vocabulary.wordimageassociations", "pk": "19399ef9-ac6f-463b-bcc6-3ef213bb866a", "fields": {"created": "2024-09-04T13:52:10.091Z", "word": "ab9567d5-e8ea-4d56-b71b-6aa63b2ab3a5", "image": "25c45d4d-61b6-41f3-b39c-6f1ec3b05df4"}}, {"model": "vocabulary.wordimageassociations", "pk": "1afe3815-d31d-43c0-bf71-e20a512c733b", "fields": {"created": "2024-09-04T13:52:09.774Z", "word": "d779718c-635a-4ee4-95c4-ffc8c7992df1", "image": "93c0e473-4e11-4299-81d7-66fafd553392"}}, {"model": "vocabulary.wordimageassociations", "pk": "1d243370-5f7d-4c5a-930f-9049d636f679", "fields": {"created": "2024-09-04T13:52:08.022Z", "word": "4df148d6-815a-48c7-b6e2-b418d3e196a7", "image": "5f352f90-d060-4294-a405-4b663ca2980a"}}, {"model": "vocabulary.wordimageassociations", "pk": "25d28ee0-8829-4e33-8aa7-4dcca434b2c7", "fields": {"created": "2024-09-04T13:52:09.174Z", "word": "873c08a2-391e-4161-842c-4e9e86b64123", "image": "cd4be97c-1ff7-4438-b4da-6bd4408fe646"}}, {"model": "vocabulary.wordimageassociations", "pk": "286dac8e-e191-4012-ace2-a8610a641273", "fields": {"created": "2024-09-04T13:52:09.669Z", "word": "7c491171-74a7-4f12-a0b1-5e074af513a8", "image": "49bb3141-5e4f-4db3-a8de-afcc946975ed"}}, {"model": "vocabulary.wordimageassociations", "pk": "329726c2-3987-4d62-9acc-9f85f4949409", "fields": {"created": "2024-09-04T13:52:09.232Z", "word": "b1202d9b-2818-4fdf-8d90-547c238f236e", "image": "0b5e6b66-2ab5-473e-8d92-29d76aa8d3b4"}}, {"model": "vocabulary.wordimageassociations", "pk": "33a08b70-790f-4ef1-9da4-68ad616a5fc0", "fields": {"created": "2024-09-04T13:52:09.669Z", "word": "7c491171-74a7-4f12-a0b1-5e074af513a8", "image": "b55af78e-2903-4667-ac63-6b8d07fc9f1e"}}, {"model": "vocabulary.wordimageassociations", "pk": "3aa4afe3-8ab4-4272-948d-7ec7b07fb607", "fields": {"created": "2024-09-04T13:52:08.847Z", "word": "fa2b671c-4fc0-464c-bd81-f3529ddff865", "image": "ce0673d8-ab22-4188-bd11-872118bcfc6b"}}, {"model": "vocabulary.wordimageassociations", "pk": "42487208-96e0-452c-a057-c124314a17fd", "fields": {"created": "2024-09-04T13:52:09.936Z", "word": "37fe6338-05d6-4005-b4e6-314f7d51aefe", "image": "057d5d31-968c-4f4a-874d-b439abc04b83"}}, {"model": "vocabulary.wordimageassociations", "pk": "4456118b-4c77-4fd9-aec7-da9821de2bde", "fields": {"created": "2024-09-04T13:52:08.638Z", "word": "1fa8db9f-ea0c-4c5e-ac25-6d53fadb4b87", "image": "634a1e14-202b-4926-9e59-670678069a04"}}, {"model": "vocabulary.wordimageassociations", "pk": "4ddec378-7e23-4a4c-b2e0-47af5d33648a", "fields": {"created": "2024-09-04T13:52:09.174Z", "word": "873c08a2-391e-4161-842c-4e9e86b64123", "image": "4b92e56e-d95e-481a-81b1-ea3d175f08eb"}}, {"model": "vocabulary.wordimageassociations", "pk": "5186950b-2e3a-485e-8242-8e98976e730d", "fields": {"created": "2024-09-04T13:57:13.456Z", "word": "e828a7c3-a8f5-43d5-a41d-f9ad0eab9a9c", "image": "23288f9b-f093-4a42-bac0-60fe0023080e"}}, {"model": "vocabulary.wordimageassociations", "pk": "5392e26b-e8ab-4a78-a7cb-9828faca9113", "fields": {"created": "2024-09-04T13:52:09.615Z", "word": "9f89c44d-40da-41e4-85e3-53b27ce5a159", "image": "d4f4c257-fd04-408b-986a-fe22987a887a"}}, {"model": "vocabulary.wordimageassociations", "pk": "55d09868-d44b-420d-be9a-47d0d197cdac", "fields": {"created": "2024-09-04T13:52:08.769Z", "word": "4abca3b6-1784-4e1c-9c01-97d92fba78f8", "image": "ef8c0ee9-5026-453c-9508-522068343954"}}, {"model": "vocabulary.wordimageassociations", "pk": "5611a21a-9062-41d2-abd7-b35362d988bf", "fields": {"created": "2024-09-04T13:57:13.532Z", "word": "ce7b61a8-7333-441e-8778-2d68d30ca91d", "image": "0c89cc49-04e7-44a8-96de-622449004889"}}, {"model": "vocabulary.wordimageassociations", "pk": "5743e12a-bd36-41ef-be7f-0d68bbcc2fee", "fields": {"created": "2024-09-04T13:52:09.431Z", "word": "59e37bd0-7f50-4107-888f-c8bcc40dc6b8", "image": "ca8c0f89-fd7e-40dd-a57d-7a6e68f447ed"}}, {"model": "vocabulary.wordimageassociations", "pk": "5f2880da-8645-4ad7-a37f-a1eacfd0d60e", "fields": {"created": "2024-09-04T13:52:09.669Z", "word": "7c491171-74a7-4f12-a0b1-5e074af513a8", "image": "90732ac4-4b78-48fa-9e05-48ddcfd3f329"}}, {"model": "vocabulary.wordimageassociations", "pk": "5f9cb294-07ce-45b7-9210-9829a1e40881", "fields": {"created": "2024-09-04T13:57:13.676Z", "word": "1e73d9b5-3061-4582-bfe8-e3e644e3ea5a", "image": "dcd25dfc-a497-4312-9300-a84b9d7da674"}}, {"model": "vocabulary.wordimageassociations", "pk": "66805970-82e8-4212-b81a-783f1a273be4", "fields": {"created": "2024-09-04T13:52:08.022Z", "word": "4df148d6-815a-48c7-b6e2-b418d3e196a7", "image": "ef64eda9-0893-441a-a897-1a4f39c92f54"}}, {"model": "vocabulary.wordimageassociations", "pk": "69fde639-80cf-4ae9-817f-cf631f87abc6", "fields": {"created": "2024-09-04T13:52:09.986Z", "word": "a72ab6cb-eb36-463c-82cd-fa3f2a082116", "image": "52420bb1-058e-406c-b233-4a2068d22dc8"}}, {"model": "vocabulary.wordimageassociations", "pk": "6d024c4c-c53e-4631-8471-2d7db2e84fc6", "fields": {"created": "2024-09-04T13:52:09.826Z", "word": "825201dc-ba32-4f61-b012-3f71702fbf6b", "image": "b4d1492c-8841-450e-8ef2-3c35fa4032be"}}, {"model": "vocabulary.wordimageassociations", "pk": "70789a17-29f8-4ab1-bd34-69eb5915daa5", "fields": {"created": "2024-09-04T13:57:13.409Z", "word": "7ade4e52-37c6-486f-8d56-c0e5f23de54a", "image": "b671fd84-1065-4105-982f-b3679f821877"}}, {"model": "vocabulary.wordimageassociations", "pk": "7cfadea9-f953-4a24-bd86-ac4db5fe6b53", "fields": {"created": "2024-09-04T13:52:09.724Z", "word": "6a129dd4-22fe-4208-9353-07869c8a62c6", "image": "686eb55b-4365-4528-ba55-f25a8de9a76e"}}, {"model": "vocabulary.wordimageassociations", "pk": "8247950c-8d49-4c74-b6ab-57f97fce432e", "fields": {"created": "2024-09-04T13:57:14.101Z", "word": "1883f8bb-9b1c-48ff-a434-1f3d25d15502", "image": "af1a0be4-a0df-446c-95ac-1093bcd120af"}}, {"model": "vocabulary.wordimageassociations", "pk": "888caa88-dcd2-4a81-a759-e99020243152", "fields": {"created": "2024-09-04T13:57:14.193Z", "word": "d9bd1df8-5c7b-4c96-80db-5dce3e8ec9cd", "image": "0fc14665-ab90-41ea-ad45-0ab7bcce97ac"}}, {"model": "vocabulary.wordimageassociations", "pk": "960969dc-9895-4da2-bcad-7e59b002297a", "fields": {"created": "2024-09-04T13:52:08.363Z", "word": "91727ad2-ffa5-42f5-a4e3-bb6caa0bcbf7", "image": "b61949f5-0bd1-461b-b92b-cd92588f8072"}}, {"model": "vocabulary.wordimageassociations", "pk": "9747141b-3498-49b2-a922-d824c1377bc0", "fields": {"created": "2024-09-04T13:52:09.112Z", "word": "c8d3f6d2-7c06-4e4b-9aad-a44b569367e8", "image": "20193fa6-1e0a-4b0b-b238-a850e8196fee"}}, {"model": "vocabulary.wordimageassociations", "pk": "98c6b8be-5d19-4178-8576-a35f371353cb", "fields": {"created": "2024-09-04T13:52:08.363Z", "word": "91727ad2-ffa5-42f5-a4e3-bb6caa0bcbf7", "image": "e0323668-713f-4500-a108-cb8c456705e7"}}, {"model": "vocabulary.wordimageassociations", "pk": "9bc16a6e-5297-4ae7-b1b4-a201a7abd481", "fields": {"created": "2024-09-04T13:52:09.551Z", "word": "47dfbfb2-e8db-4594-8e93-917446e723a1", "image": "7b2178f1-0e4f-4dbd-8ee9-1e0be9bd0de7"}}, {"model": "vocabulary.wordimageassociations", "pk": "a157ff23-7ead-4ce2-9ae8-c2222d1b82ca", "fields": {"created": "2024-09-04T13:57:14.244Z", "word": "c8cb72b6-8b7b-4340-9c51-fcde15d71975", "image": "c44f6209-d75b-459f-a30f-4a2a4818c364"}}, {"model": "vocabulary.wordimageassociations", "pk": "a2d45c0a-c2b5-47d1-b3f9-00df78dde35c", "fields": {"created": "2024-09-04T13:52:08.921Z", "word": "0df02e46-5a00-4a68-85dd-f721d6bfa6fd", "image": "cfc6c293-74bc-4168-8738-e905813f35a4"}}, {"model": "vocabulary.wordimageassociations", "pk": "a50786c3-ee14-43f6-9142-5f400b526f5b", "fields": {"created": "2024-09-04T13:52:08.921Z", "word": "0df02e46-5a00-4a68-85dd-f721d6bfa6fd", "image": "66f5c148-290d-4bac-b7c3-c2000c27b7d9"}}, {"model": "vocabulary.wordimageassociations", "pk": "a93237fa-79da-4884-aceb-8e1bab7ceb9b", "fields": {"created": "2024-09-04T13:57:14.149Z", "word": "a6f45df7-d9e8-4e9c-99af-3537a4e901ec", "image": "2a13ec78-5188-41bb-a62c-a6126e2e8e89"}}, {"model": "vocabulary.wordimageassociations", "pk": "aa3d7acd-af13-4bdb-a950-33d024c2dcc8", "fields": {"created": "2024-09-04T13:52:08.022Z", "word": "4df148d6-815a-48c7-b6e2-b418d3e196a7", "image": "6772f61c-1ff0-4c23-8801-42583c8ae720"}}, {"model": "vocabulary.wordimageassociations", "pk": "aad009af-1e73-4248-b5e1-41f358df2ab0", "fields": {"created": "2024-09-04T13:52:09.005Z", "word": "01f216e7-f74f-4c1b-b9b6-6551b9da2b68", "image": "c5d76a0b-f533-4f32-89f8-f2e4dd5803f4"}}, {"model": "vocabulary.wordimageassociations", "pk": "acefe759-68d3-42d7-84b3-d98282ee4fa0", "fields": {"created": "2024-09-04T13:52:10.036Z", "word": "857e965f-9bd9-46ed-9270-0774145b2b85", "image": "c65032a5-c17d-4d10-b4e2-b13a5316515a"}}, {"model": "vocabulary.wordimageassociations", "pk": "af5ebf65-2529-457c-b068-180f612e7407", "fields": {"created": "2024-09-04T13:57:14.009Z", "word": "ea544538-5abe-4fbd-9f20-73ba1265e6df", "image": "5e1105ac-b373-47ef-9ea5-2454647d91ee"}}, {"model": "vocabulary.wordimageassociations", "pk": "b0ee4730-41f4-4295-b4bc-62744e620088", "fields": {"created": "2024-09-04T13:57:14.336Z", "word": "78021dda-3fc3-43d0-b67e-bdf3bb52d6ed", "image": "dc70110b-5e49-45a7-9fa7-b775b7b0754a"}}, {"model": "vocabulary.wordimageassociations", "pk": "b50827fc-4c2d-4267-8ab3-49a21030f4e7", "fields": {"created": "2024-09-04T13:52:09.363Z", "word": "63af4b4c-05f8-4e2e-853a-1e1ff3b641d5", "image": "af3d318c-2fe3-4b8c-872f-cb03ee439394"}}, {"model": "vocabulary.wordimageassociations", "pk": "b586b566-4786-4445-94ab-469b930491fa", "fields": {"created": "2024-09-04T13:52:09.882Z", "word": "b0a7b921-2129-4f6b-a4a1-125a7588c690", "image": "57ceb185-4900-4a63-8799-e6a62c395f2e"}}, {"model": "vocabulary.wordimageassociations", "pk": "b94a43d9-43f5-4efa-9f13-9f8e9002a88f", "fields": {"created": "2024-09-04T13:52:09.005Z", "word": "01f216e7-f74f-4c1b-b9b6-6551b9da2b68", "image": "eef5b85a-b5ba-463d-8ba0-895de45e79b0"}}, {"model": "vocabulary.wordimageassociations", "pk": "bbb7dfb2-3f52-4a4b-b207-f16facf49997", "fields": {"created": "2024-09-04T13:52:09.112Z", "word": "c8d3f6d2-7c06-4e4b-9aad-a44b569367e8", "image": "49325e2d-cbce-4da8-bbb4-cb71dd4f33f1"}}, {"model": "vocabulary.wordimageassociations", "pk": "c6af3cde-e8c7-4ce3-b173-32e0ec4ebef1", "fields": {"created": "2024-09-04T13:52:09.291Z", "word": "33e42211-60b5-4407-a97d-38c6404f1ca5", "image": "7132f03a-e269-4c63-9826-1c248846219c"}}, {"model": "vocabulary.wordimageassociations", "pk": "d17b2023-d289-468b-9881-5b83f4d169cd", "fields": {"created": "2024-09-04T13:57:13.605Z", "word": "551dfc0c-c0f1-4d73-be77-b9ab25158820", "image": "00c9663d-73cc-4cf9-b051-0d70fdaed34b"}}, {"model": "vocabulary.wordimageassociations", "pk": "d68fece6-eebb-42fe-acae-8b3ea876c525", "fields": {"created": "2024-09-04T13:52:08.308Z", "word": "bc9997fc-e822-43e7-949a-0f558ebc0110", "image": "8fa7b303-03d5-49a8-8eb6-09a17ebbe2b3"}}, {"model": "vocabulary.wordimageassociations", "pk": "dedbb8cd-fffa-4ed9-8769-5525b3e6bac2", "fields": {"created": "2024-09-04T13:52:09.490Z", "word": "c0b15306-cda0-4475-99fd-4e7c2b3c2c6e", "image": "60fea475-21bf-4e2f-abd8-7f1a8a567ab3"}}, {"model": "vocabulary.wordimageassociations", "pk": "e1dedb3d-8980-427b-a611-ec50ab56d88a", "fields": {"created": "2024-09-04T13:57:13.752Z", "word": "c8fb5907-4450-49da-9493-243dda65881d", "image": "4461b396-69f3-4a9e-ba8f-74beec66e42d"}}, {"model": "vocabulary.wordimageassociations", "pk": "e3530356-2110-4bd3-b4d9-6fc8401386bb", "fields": {"created": "2024-09-04T13:57:13.953Z", "word": "59a633d5-f9e1-4670-83f3-a4542d16eb3c", "image": "3a46744f-5608-4f25-8a05-19d17bfddf13"}}, {"model": "vocabulary.wordimageassociations", "pk": "e9104688-b0a0-4743-bbf5-9116a668a5f0", "fields": {"created": "2024-09-04T13:57:13.605Z", "word": "551dfc0c-c0f1-4d73-be77-b9ab25158820", "image": "aa75a303-3e47-4413-b78d-355a126185d4"}}, {"model": "vocabulary.wordimageassociations", "pk": "f5cda363-68a3-499a-9103-915848662e7a", "fields": {"created": "2024-09-04T13:52:09.826Z", "word": "825201dc-ba32-4f61-b012-3f71702fbf6b", "image": "0ccc7399-87f3-4154-b724-d95d8267e543"}}, {"model": "vocabulary.wordimageassociations", "pk": "f69bc56c-64f9-4091-8c2d-616e04eb0c19", "fields": {"created": "2024-09-04T13:57:14.291Z", "word": "cdc3f6d3-a125-4258-b2ed-301f5c5fd87b", "image": "9631409f-7281-4185-921b-ee6b1b33ccd8"}}, {"model": "vocabulary.wordimageassociations", "pk": "fd7a0288-d69a-4f53-ae12-387ca8b316f6", "fields": {"created": "2024-09-04T13:52:09.112Z", "word": "c8d3f6d2-7c06-4e4b-9aad-a44b569367e8", "image": "b47d2ea2-c821-4bde-bd06-cc6ee9e24129"}}, {"model": "vocabulary.wordimageassociations", "pk": "fe807da1-03b8-4c55-8cc4-1da673778487", "fields": {"created": "2024-09-04T13:52:08.123Z", "word": "05d169e4-d993-48c2-bf3b-8061e21885f1", "image": "bea0c0db-8695-44d4-b5ab-cd4382bcd92e"}}, {"model": "vocabulary.wordsincollections", "pk": "0ab32737-150d-4622-9cde-43d70c20d554", "fields": {"created": "2024-09-04T13:57:13.631Z", "word": "551dfc0c-c0f1-4d73-be77-b9ab25158820", "collection": "52f58fed-7861-48db-a6fd-93d6f024f0cc"}}, {"model": "vocabulary.wordsincollections", "pk": "1453b0de-12f5-40fc-9f18-45a9d18569fe", "fields": {"created": "2024-09-04T13:52:10.210Z", "word": "bc06d95f-df52-4690-af5e-7a5c4eda953a", "collection": "12ca322f-5e59-42d3-b4b6-37655faedd03"}}, {"model": "vocabulary.wordsincollections", "pk": "1d8bcd71-fe25-455c-b57e-33562f446f35", "fields": {"created": "2024-09-04T13:52:09.074Z", "word": "a2b78b61-02c6-4bfe-b5c1-cdcdf3c24e72", "collection": "eba7ec94-3a38-4014-ad67-8ee2932cd914"}}, {"model": "vocabulary.wordsincollections", "pk": "1ff5b9a4-4685-4a26-ae4c-2332d21192d5", "fields": {"created": "2024-09-04T13:57:13.702Z", "word": "1e73d9b5-3061-4582-bfe8-e3e644e3ea5a", "collection": "52f58fed-7861-48db-a6fd-93d6f024f0cc"}}, {"model": "vocabulary.wordsincollections", "pk": "201acf66-ade3-45f1-9cb6-b91e070d9f74", "fields": {"created": "2024-09-04T13:52:10.055Z", "word": "857e965f-9bd9-46ed-9270-0774145b2b85", "collection": "eba7ec94-3a38-4014-ad67-8ee2932cd914"}}, {"model": "vocabulary.wordsincollections", "pk": "22d745c2-6cbe-4e57-8ee9-4bcfc500cabf", "fields": {"created": "2024-09-04T13:52:09.194Z", "word": "873c08a2-391e-4161-842c-4e9e86b64123", "collection": "eba7ec94-3a38-4014-ad67-8ee2932cd914"}}, {"model": "vocabulary.wordsincollections", "pk": "2752b3b5-364c-4370-ad65-03a5b8d801d1", "fields": {"created": "2024-09-04T13:52:09.135Z", "word": "c8d3f6d2-7c06-4e4b-9aad-a44b569367e8", "collection": "eba7ec94-3a38-4014-ad67-8ee2932cd914"}}, {"model": "vocabulary.wordsincollections", "pk": "2ce6c8de-a4fc-4341-98fd-756f9a1e0df6", "fields": {"created": "2024-09-04T13:52:09.634Z", "word": "9f89c44d-40da-41e4-85e3-53b27ce5a159", "collection": "eba7ec94-3a38-4014-ad67-8ee2932cd914"}}, {"model": "vocabulary.wordsincollections", "pk": "2df56899-be6a-468e-afb9-666174d6095c", "fields": {"created": "2024-09-04T13:57:13.971Z", "word": "59a633d5-f9e1-4670-83f3-a4542d16eb3c", "collection": "52f58fed-7861-48db-a6fd-93d6f024f0cc"}}, {"model": "vocabulary.wordsincollections", "pk": "2e61a585-93b7-4d34-a1de-becffc1c1569", "fields": {"created": "2024-09-04T13:52:10.461Z", "word": "4b111a89-f127-4adf-bec0-6a0a9dbec249", "collection": "12ca322f-5e59-42d3-b4b6-37655faedd03"}}, {"model": "vocabulary.wordsincollections", "pk": "2f9eb02b-4c34-48b3-a5e0-0f119bae1b63", "fields": {"created": "2024-09-04T13:57:13.427Z", "word": "7ade4e52-37c6-486f-8d56-c0e5f23de54a", "collection": "52f58fed-7861-48db-a6fd-93d6f024f0cc"}}, {"model": "vocabulary.wordsincollections", "pk": "31b2cc05-3a51-435e-9aa5-802913da8408", "fields": {"created": "2024-09-04T13:52:08.061Z", "word": "4df148d6-815a-48c7-b6e2-b418d3e196a7", "collection": "eba7ec94-3a38-4014-ad67-8ee2932cd914"}}, {"model": "vocabulary.wordsincollections", "pk": "3ba79666-87d3-4fd5-a2dc-9e60d8450e76", "fields": {"created": "2024-09-04T13:52:08.953Z", "word": "0df02e46-5a00-4a68-85dd-f721d6bfa6fd", "collection": "eba7ec94-3a38-4014-ad67-8ee2932cd914"}}, {"model": "vocabulary.wordsincollections", "pk": "3de95472-3136-40ac-b228-827ce3f5d8db", "fields": {"created": "2024-09-04T13:52:08.502Z", "word": "86f03ae2-c431-46dd-97f8-b536878518af", "collection": "eba7ec94-3a38-4014-ad67-8ee2932cd914"}}, {"model": "vocabulary.wordsincollections", "pk": "46e54beb-1646-4339-9c2d-7e87281c0ae4", "fields": {"created": "2024-09-04T13:52:08.154Z", "word": "05d169e4-d993-48c2-bf3b-8061e21885f1", "collection": "eba7ec94-3a38-4014-ad67-8ee2932cd914"}}, {"model": "vocabulary.wordsincollections", "pk": "490643f2-40f9-474d-9aa9-2639c393eed0", "fields": {"created": "2024-09-04T13:57:13.918Z", "word": "9a31f7f6-0e90-4ce5-9c56-0f6c4ca70ac0", "collection": "52f58fed-7861-48db-a6fd-93d6f024f0cc"}}, {"model": "vocabulary.wordsincollections", "pk": "4a49ffaa-046e-458e-8f22-edae7cd5fde0", "fields": {"created": "2024-09-04T13:52:08.665Z", "word": "1fa8db9f-ea0c-4c5e-ac25-6d53fadb4b87", "collection": "eba7ec94-3a38-4014-ad67-8ee2932cd914"}}, {"model": "vocabulary.wordsincollections", "pk": "4bd0a250-3815-4787-b676-a8408e268491", "fields": {"created": "2024-09-04T13:57:13.557Z", "word": "ce7b61a8-7333-441e-8778-2d68d30ca91d", "collection": "52f58fed-7861-48db-a6fd-93d6f024f0cc"}}, {"model": "vocabulary.wordsincollections", "pk": "52997dbd-ee4d-4793-a142-854c24eba04c", "fields": {"created": "2024-09-04T13:52:09.690Z", "word": "7c491171-74a7-4f12-a0b1-5e074af513a8", "collection": "eba7ec94-3a38-4014-ad67-8ee2932cd914"}}, {"model": "vocabulary.wordsincollections", "pk": "52f6463a-03ca-4714-a9ba-2deffae5eec5", "fields": {"created": "2024-09-04T13:52:09.846Z", "word": "825201dc-ba32-4f61-b012-3f71702fbf6b", "collection": "eba7ec94-3a38-4014-ad67-8ee2932cd914"}}, {"model": "vocabulary.wordsincollections", "pk": "54676301-ccd4-41b9-a038-88a748ead318", "fields": {"created": "2024-09-04T13:52:09.904Z", "word": "b0a7b921-2129-4f6b-a4a1-125a7588c690", "collection": "eba7ec94-3a38-4014-ad67-8ee2932cd914"}}, {"model": "vocabulary.wordsincollections", "pk": "54ab72c9-0412-407a-816f-5eb0655df95f", "fields": {"created": "2024-09-04T13:52:09.743Z", "word": "6a129dd4-22fe-4208-9353-07869c8a62c6", "collection": "eba7ec94-3a38-4014-ad67-8ee2932cd914"}}, {"model": "vocabulary.wordsincollections", "pk": "54c785cb-55ad-4083-bd73-b8e806c20fb5", "fields": {"created": "2024-09-04T13:52:09.793Z", "word": "d779718c-635a-4ee4-95c4-ffc8c7992df1", "collection": "eba7ec94-3a38-4014-ad67-8ee2932cd914"}}, {"model": "vocabulary.wordsincollections", "pk": "5fed9a8d-bd2a-4f11-9933-82980bfd4a5e", "fields": {"created": "2024-09-04T13:52:08.795Z", "word": "4abca3b6-1784-4e1c-9c01-97d92fba78f8", "collection": "eba7ec94-3a38-4014-ad67-8ee2932cd914"}}, {"model": "vocabulary.wordsincollections", "pk": "62822256-0d70-453b-af6f-fe8261d245f6", "fields": {"created": "2024-09-04T13:52:09.955Z", "word": "37fe6338-05d6-4005-b4e6-314f7d51aefe", "collection": "eba7ec94-3a38-4014-ad67-8ee2932cd914"}}, {"model": "vocabulary.wordsincollections", "pk": "665e7692-e4e1-4982-a215-e58937d9da54", "fields": {"created": "2024-09-04T13:52:10.725Z", "word": "ccfdb0a8-2e04-45ee-8a6e-a2c3788be5df", "collection": "94537c98-9720-44c4-a0bd-ed732002b74a"}}, {"model": "vocabulary.wordsincollections", "pk": "7debf0eb-75ba-4015-8220-5535a66da86e", "fields": {"created": "2024-09-04T13:52:10.133Z", "word": "ab9567d5-e8ea-4d56-b71b-6aa63b2ab3a5", "collection": "eba7ec94-3a38-4014-ad67-8ee2932cd914"}}, {"model": "vocabulary.wordsincollections", "pk": "7e2811f6-5a81-403a-af33-8e16e9116f2f", "fields": {"created": "2024-09-04T13:52:09.575Z", "word": "47dfbfb2-e8db-4594-8e93-917446e723a1", "collection": "eba7ec94-3a38-4014-ad67-8ee2932cd914"}}, {"model": "vocabulary.wordsincollections", "pk": "83b8b2c6-940e-499a-91b3-de16935f19f9", "fields": {"created": "2024-09-04T13:52:09.025Z", "word": "01f216e7-f74f-4c1b-b9b6-6551b9da2b68", "collection": "eba7ec94-3a38-4014-ad67-8ee2932cd914"}}, {"model": "vocabulary.wordsincollections", "pk": "88abb383-b9d0-4b4c-b2f3-7362ae3b4b24", "fields": {"created": "2024-09-04T13:52:08.215Z", "word": "0b570a11-0308-4066-ba38-ccb049bb3872", "collection": "eba7ec94-3a38-4014-ad67-8ee2932cd914"}}, {"model": "vocabulary.wordsincollections", "pk": "92aced33-3d5a-4295-9934-e249c6a63acb", "fields": {"created": "2024-09-04T13:52:08.325Z", "word": "bc9997fc-e822-43e7-949a-0f558ebc0110", "collection": "eba7ec94-3a38-4014-ad67-8ee2932cd914"}}, {"model": "vocabulary.wordsincollections", "pk": "9a83c82c-a511-4a65-8edd-0d11fbc43dfa", "fields": {"created": "2024-09-04T13:52:10.516Z", "word": "01d442c0-a252-45e3-bf11-691defac40b8", "collection": "12ca322f-5e59-42d3-b4b6-37655faedd03"}}, {"model": "vocabulary.wordsincollections", "pk": "a8fac1d2-5dc0-4350-bded-5bacfeec1eb5", "fields": {"created": "2024-09-04T13:57:13.847Z", "word": "33b84258-698a-4c5f-877f-af027b7d4f2f", "collection": "52f58fed-7861-48db-a6fd-93d6f024f0cc"}}, {"model": "vocabulary.wordsincollections", "pk": "aaa0b808-b951-428a-b8ea-d4507d95c807", "fields": {"created": "2024-09-04T13:52:09.511Z", "word": "c0b15306-cda0-4475-99fd-4e7c2b3c2c6e", "collection": "eba7ec94-3a38-4014-ad67-8ee2932cd914"}}, {"model": "vocabulary.wordsincollections", "pk": "ae107cc8-6ceb-4c24-8f7a-0588b23355c8", "fields": {"created": "2024-09-04T13:52:10.272Z", "word": "65127fb4-a20d-4bb7-a9d7-47f1e2188559", "collection": "12ca322f-5e59-42d3-b4b6-37655faedd03"}}, {"model": "vocabulary.wordsincollections", "pk": "af02a41c-7ae9-4a6c-9523-45e690329048", "fields": {"created": "2024-09-04T13:52:08.879Z", "word": "fa2b671c-4fc0-464c-bd81-f3529ddff865", "collection": "eba7ec94-3a38-4014-ad67-8ee2932cd914"}}, {"model": "vocabulary.wordsincollections", "pk": "b6a87133-70ad-46f1-83b3-5af2b9c00754", "fields": {"created": "2024-09-04T13:52:08.432Z", "word": "906b361a-d34c-47db-9d77-87d38947564e", "collection": "eba7ec94-3a38-4014-ad67-8ee2932cd914"}}, {"model": "vocabulary.wordsincollections", "pk": "b9aa5fdd-b070-4f68-8f83-ac114b047ea1", "fields": {"created": "2024-09-04T13:52:08.732Z", "word": "9e8cba93-844f-4b9c-ab2c-fd660f0deb85", "collection": "eba7ec94-3a38-4014-ad67-8ee2932cd914"}}, {"model": "vocabulary.wordsincollections", "pk": "ba0563a2-1033-494a-9d86-611f1c91318c", "fields": {"created": "2024-09-04T13:52:09.253Z", "word": "b1202d9b-2818-4fdf-8d90-547c238f236e", "collection": "eba7ec94-3a38-4014-ad67-8ee2932cd914"}}, {"model": "vocabulary.wordsincollections", "pk": "bb7c5ba0-ff2a-4246-9ff5-8016b6002a5c", "fields": {"created": "2024-09-04T13:52:08.382Z", "word": "91727ad2-ffa5-42f5-a4e3-bb6caa0bcbf7", "collection": "eba7ec94-3a38-4014-ad67-8ee2932cd914"}}, {"model": "vocabulary.wordsincollections", "pk": "bf9ba8d6-ec32-4ded-9caa-e6c7a3866104", "fields": {"created": "2024-09-04T13:52:09.387Z", "word": "63af4b4c-05f8-4e2e-853a-1e1ff3b641d5", "collection": "eba7ec94-3a38-4014-ad67-8ee2932cd914"}}, {"model": "vocabulary.wordsincollections", "pk": "c2d2f850-e2b4-4f66-973a-d741bc787a41", "fields": {"created": "2024-09-04T13:52:08.269Z", "word": "cf6bcc8e-b14f-4a8e-8500-4730c3d735a0", "collection": "eba7ec94-3a38-4014-ad67-8ee2932cd914"}}, {"model": "vocabulary.wordsincollections", "pk": "c7b322a2-a488-450a-93a4-3f6fc3c45130", "fields": {"created": "2024-09-04T13:52:10.352Z", "word": "7323ee1c-cecb-435e-acc7-0ea986395977", "collection": "12ca322f-5e59-42d3-b4b6-37655faedd03"}}, {"model": "vocabulary.wordsincollections", "pk": "cc2b79d5-9768-43d3-9d8b-a897f43c3c63", "fields": {"created": "2024-09-04T13:52:10.408Z", "word": "9d9d8cb5-76b5-4ace-91f9-550d2e5cbd29", "collection": "12ca322f-5e59-42d3-b4b6-37655faedd03"}}, {"model": "vocabulary.wordsincollections", "pk": "da36c684-5d74-4c7c-96ab-e3c221cc3dd0", "fields": {"created": "2024-09-04T13:52:10.004Z", "word": "a72ab6cb-eb36-463c-82cd-fa3f2a082116", "collection": "eba7ec94-3a38-4014-ad67-8ee2932cd914"}}, {"model": "vocabulary.wordsincollections", "pk": "e3838253-7de0-40b7-83ae-d751679c237e", "fields": {"created": "2024-09-04T13:57:13.488Z", "word": "e828a7c3-a8f5-43d5-a41d-f9ad0eab9a9c", "collection": "52f58fed-7861-48db-a6fd-93d6f024f0cc"}}, {"model": "vocabulary.wordsincollections", "pk": "ebcddef0-4381-41b6-9fb9-738b5cc2490d", "fields": {"created": "2024-09-04T13:52:09.323Z", "word": "33e42211-60b5-4407-a97d-38c6404f1ca5", "collection": "eba7ec94-3a38-4014-ad67-8ee2932cd914"}}, {"model": "vocabulary.wordsincollections", "pk": "f7f97be5-a8c4-4c20-8b67-308fcb28dd9c", "fields": {"created": "2024-09-04T13:52:09.454Z", "word": "59e37bd0-7f50-4107-888f-c8bcc40dc6b8", "collection": "eba7ec94-3a38-4014-ad67-8ee2932cd914"}}, {"model": "vocabulary.wordsincollections", "pk": "fa8511f2-c96d-4a41-b525-b880a6a82be6", "fields": {"created": "2024-09-04T13:57:13.782Z", "word": "c8fb5907-4450-49da-9493-243dda65881d", "collection": "52f58fed-7861-48db-a6fd-93d6f024f0cc"}}, {"model": "languages.language", "pk": "019b9c21-19ad-4220-b686-f01d7ef367e5", "fields": {"name": "Estonian", "name_ru": "Estonian", "name_en": null, "name_local": "eesti", "isocode": "et", "sorting": 0, "learning_available": false, "interface_available": false, "flag_icon": ""}}, {"model": "languages.language", "pk": "028460ed-f258-407f-a8ea-ba49996d554d", "fields": {"name": "Scottish Gaelic", "name_ru": "Scottish Gaelic", "name_en": null, "name_local": "Gàidhlig", "isocode": "gd", "sorting": 0, "learning_available": false, "interface_available": false, "flag_icon": ""}}, {"model": "languages.language", "pk": "083a50f3-2850-4337-89cc-42f05872d0ac", "fields": {"name": "Khmer", "name_ru": "Khmer", "name_en": null, "name_local": "Khmer", "isocode": "km", "sorting": 0, "learning_available": false, "interface_available": false, "flag_icon": ""}}, {"model": "languages.language", "pk": "0a50ec6e-e01b-418f-bb0a-6e03b5b5cdb3", "fields": {"name": "Swahili", "name_ru": "Swahili", "name_en": null, "name_local": "Kiswahili", "isocode": "sw", "sorting": 0, "learning_available": false, "interface_available": false, "flag_icon": ""}}, {"model": "languages.language", "pk": "10ca3666-f64a-4a34-8765-0dad9ec93e7c", "fields": {"name": "Thai", "name_ru": "Thai", "name_en": null, "name_local": "ภาษาไทย", "isocode": "th", "sorting": 0, "learning_available": false, "interface_available": false, "flag_icon": ""}}, {"model": "languages.language", "pk": "10dde94b-113f-4ba8-b8a6-f8596fa6c428", "fields": {"name": "Romanian", "name_ru": "Romanian", "name_en": null, "name_local": "Română", "isocode": "ro", "sorting": 1, "learning_available": false, "interface_available": false, "flag_icon": ""}}, {"model": "languages.language", "pk": "11f96046-fca2-4f9d-af0e-de9a68a37599", "fields": {"name": "Arabic", "name_ru": "Arabic", "name_en": null, "name_local": "العربيّة", "isocode": "ar", "sorting": 1, "learning_available": false, "interface_available": false, "flag_icon": ""}}, {"model": "languages.language", "pk": "159dd04f-38cf-4c96-ad18-406f56e3ea56", "fields": {"name": "Punjabi", "name_ru": "Punjabi", "name_en": null, "name_local": "Punjabi", "isocode": "pa", "sorting": 0, "learning_available": false, "interface_available": false, "flag_icon": ""}}, {"model": "languages.language", "pk": "16b01e44-f060-427a-b9a8-0e1ef467f555", "fields": {"name": "Esperanto", "name_ru": "Esperanto", "name_en": null, "name_local": "Esperanto", "isocode": "eo", "sorting": 0, "learning_available": false, "interface_available": false, "flag_icon": ""}}, {"model": "languages.language", "pk": "1b0f4971-8d7b-42bd-af71-fbfeadb3d5fb", "fields": {"name": "Indonesian", "name_ru": "Indonesian", "name_en": null, "name_local": "Bahasa Indonesia", "isocode": "id", "sorting": 0, "learning_available": false, "interface_available": false, "flag_icon": ""}}, {"model": "languages.language", "pk": "1efbc9bd-9424-4d5c-8310-cdcb80b75206", "fields": {"name": "Frisian", "name_ru": "Frisian", "name_en": null, "name_local": "frysk", "isocode": "fy", "sorting": 0, "learning_available": false, "interface_available": false, "flag_icon": ""}}, {"model": "languages.language", "pk": "1f61df8c-b314-4efd-8d33-504540f54dbe", "fields": {"name": "Bengali", "name_ru": "Bengali", "name_en": null, "name_local": "বাংলা", "isocode": "bn", "sorting": 0, "learning_available": false, "interface_available": false, "flag_icon": ""}}, {"model": "languages.language", "pk": "20b9d9fb-6cc3-4bd7-8cc0-5e1e0e42841c", "fields": {"name": "Norwegian Nynorsk", "name_ru": "Norwegian Nynorsk", "name_en": null, "name_local": "norsk (nynorsk)", "isocode": "nn", "sorting": 0, "learning_available": false, "interface_available": false, "flag_icon": ""}}, {"model": "languages.language", "pk": "2141a1f7-8335-4aa3-bf5c-831c9e3603b2", "fields": {"name": "Italian", "name_ru": "Italian", "name_en": null, "name_local": "italiano", "isocode": "it", "sorting": 2, "learning_available": true, "interface_available": false, "flag_icon": "languages/flag_icons/it.svg"}}, {"model": "languages.language", "pk": "22cc54c0-79d5-4d9b-a04b-a1e314d913ff", "fields": {"name": "Portuguese", "name_ru": "Portuguese", "name_en": null, "name_local": "Português", "isocode": "pt", "sorting": 0, "learning_available": false, "interface_available": false, "flag_icon": ""}}, {"model": "languages.language", "pk": "247366b7-fe33-4ca9-aafb-bc43313aeb8b", "fields": {"name": "Marathi", "name_ru": "Marathi", "name_en": null, "name_local": "मराठी", "isocode": "mr", "sorting": 0, "learning_available": false, "interface_available": false, "flag_icon": ""}}, {"model": "languages.language", "pk": "24d307f6-dc07-48bc-afa1-e052a60f47da", "fields": {"name": "Spanish", "name_ru": "Spanish", "name_en": null, "name_local": "español", "isocode": "es", "sorting": 2, "learning_available": true, "interface_available": false, "flag_icon": "languages/flag_icons/es.svg"}}, {"model": "languages.language", "pk": "2551616c-501a-4b02-8af8-f267cdfcbd99", "fields": {"name": "Hindi", "name_ru": "Hindi", "name_en": null, "name_local": "हिंदी", "isocode": "hi", "sorting": 0, "learning_available": false, "interface_available": false, "flag_icon": ""}}, {"model": "languages.language", "pk": "33be240f-0c28-43ff-97a2-4d5851cd0fc0", "fields": {"name": "Turkish", "name_ru": "Turkish", "name_en": null, "name_local": "Türkçe", "isocode": "tr", "sorting": 1, "learning_available": false, "interface_available": false, "flag_icon": ""}}, {"model": "languages.language", "pk": "36b4431d-d7a3-4ab1-9aa6-bc3b8ed29759", "fields": {"name": "Norwegian", "name_ru": "Norwegian", "name_en": null, "name_local": "norsk", "isocode": "no", "sorting": 0, "learning_available": false, "interface_available": false, "flag_icon": ""}}, {"model": "languages.language", "pk": "381ed145-b907-4fa3-b0ce-5eb62bb85bf1", "fields": {"name": "Dutch", "name_ru": "Dutch", "name_en": null, "name_local": "Nederlands", "isocode": "nl", "sorting": 1, "learning_available": false, "interface_available": false, "flag_icon": ""}}, {"model": "languages.language", "pk": "3b062897-f40f-4862-9add-cde1085df2ac", "fields": {"name": "Japanese", "name_ru": "Japanese", "name_en": null, "name_local": "日本語", "isocode": "ja", "sorting": 2, "learning_available": false, "interface_available": false, "flag_icon": ""}}, {"model": "languages.language", "pk": "3b841c56-ba57-49ad-a8a0-f8a0b9b5e65b", "fields": {"name": "Serbian", "name_ru": "Serbian", "name_en": null, "name_local": "српски", "isocode": "sr", "sorting": 0, "learning_available": false, "interface_available": false, "flag_icon": ""}}, {"model": "languages.language", "pk": "3f6a33cd-2ac3-4a73-a2b8-f04a5024e620", "fields": {"name": "Kyrgyz", "name_ru": "Kyrgyz", "name_en": null, "name_local": "Кыргызча", "isocode": "ky", "sorting": 0, "learning_available": false, "interface_available": false, "flag_icon": ""}}, {"model": "languages.language", "pk": "40a3119e-0367-4615-af88-b5482f15eb76", "fields": {"name": "Finnish", "name_ru": "Finnish", "name_en": null, "name_local": "suomi", "isocode": "fi", "sorting": 0, "learning_available": false, "interface_available": false, "flag_icon": ""}}, {"model": "languages.language", "pk": "41263858-5f55-435e-bd01-6293f58660bd", "fields": {"name": "Interlingua", "name_ru": "Interlingua", "name_en": null, "name_local": "Interlingua", "isocode": "ia", "sorting": 0, "learning_available": false, "interface_available": false, "flag_icon": ""}}, {"model": "languages.language", "pk": "412eb80a-45ee-49cc-a8f3-7f727286378f", "fields": {"name": "Irish", "name_ru": "Irish", "name_en": null, "name_local": "Gaeilge", "isocode": "ga", "sorting": 0, "learning_available": false, "interface_available": false, "flag_icon": ""}}, {"model": "languages.language", "pk": "427f97b2-3bd0-4f84-86c9-8f89c549144f", "fields": {"name": "Bulgarian", "name_ru": "Bulgarian", "name_en": null, "name_local": "български", "isocode": "bg", "sorting": 0, "learning_available": false, "interface_available": false, "flag_icon": ""}}, {"model": "languages.language", "pk": "45c17aa5-55de-4e49-a629-3216b00700c5", "fields": {"name": "Galician", "name_ru": "Galician", "name_en": null, "name_local": "galego", "isocode": "gl", "sorting": 0, "learning_available": false, "interface_available": false, "flag_icon": ""}}, {"model": "languages.language", "pk": "46db7dd3-f9ea-495e-bf17-20987cb96361", "fields": {"name": "Turkmen", "name_ru": "Turkmen", "name_en": null, "name_local": "Türkmençe", "isocode": "tk", "sorting": 0, "learning_available": false, "interface_available": false, "flag_icon": ""}}, {"model": "languages.language", "pk": "574e34cd-0927-4a96-9c47-d9663b7f04ed", "fields": {"name": "Vietnamese", "name_ru": "Vietnamese", "name_en": null, "name_local": "Tiếng Việt", "isocode": "vi", "sorting": 0, "learning_available": false, "interface_available": false, "flag_icon": ""}}, {"model": "languages.language", "pk": "628c632a-31c6-481f-809b-86ab17387da8", "fields": {"name": "Greek", "name_ru": "Greek", "name_en": null, "name_local": "Ελληνικά", "isocode": "el", "sorting": 0, "learning_available": false, "interface_available": false, "flag_icon": ""}}, {"model": "languages.language", "pk": "62cafd99-349f-4dc8-a362-e0ad7de8b9b1", "fields": {"name": "Croatian", "name_ru": "Croatian", "name_en": null, "name_local": "Hrvatski", "isocode": "hr", "sorting": 0, "learning_available": false, "interface_available": false, "flag_icon": ""}}, {"model": "languages.language", "pk": "63f01ed6-31d1-4756-9417-ad4e40984bc0", "fields": {"name": "Albanian", "name_ru": "Albanian", "name_en": null, "name_local": "shqip", "isocode": "sq", "sorting": 0, "learning_available": false, "interface_available": false, "flag_icon": ""}}, {"model": "languages.language", "pk": "6497dbaf-396a-42e7-a059-796e51ed3ddd", "fields": {"name": "Basque", "name_ru": "Basque", "name_en": null, "name_local": "Basque", "isocode": "eu", "sorting": 0, "learning_available": false, "interface_available": false, "flag_icon": ""}}, {"model": "languages.language", "pk": "65953c82-14d9-4a80-aaaa-81258219632c", "fields": {"name": "Ossetic", "name_ru": "Ossetic", "name_en": null, "name_local": "Ирон", "isocode": "os", "sorting": 0, "learning_available": false, "interface_available": false, "flag_icon": ""}}, {"model": "languages.language", "pk": "6642b6a9-5c4e-4eb3-85f3-e8faebf7c7d7", "fields": {"name": "Swedish", "name_ru": "Swedish", "name_en": null, "name_local": "svenska", "isocode": "sv", "sorting": 0, "learning_available": false, "interface_available": false, "flag_icon": ""}}, {"model": "languages.language", "pk": "67666185-cdf4-4599-bf3a-d7b10e8ed1b8", "fields": {"name": "Latvian", "name_ru": "Latvian", "name_en": null, "name_local": "latviešu", "isocode": "lv", "sorting": 0, "learning_available": false, "interface_available": false, "flag_icon": ""}}, {"model": "languages.language", "pk": "6993bfe7-d0d7-434e-a2a9-079761187ad0", "fields": {"name": "Kazakh", "name_ru": "Kazakh", "name_en": null, "name_local": "Қазақ", "isocode": "kk", "sorting": 0, "learning_available": false, "interface_available": false, "flag_icon": ""}}, {"model": "languages.language", "pk": "6ccb7e0c-d40d-46e7-a77b-b00573bd699b", "fields": {"name": "Welsh", "name_ru": "Welsh", "name_en": null, "name_local": "Cymraeg", "isocode": "cy", "sorting": 0, "learning_available": false, "interface_available": false, "flag_icon": ""}}, {"model": "languages.language", "pk": "7119ef17-2ca1-4237-b77f-3a324ac28547", "fields": {"name": "Korean", "name_ru": "Korean", "name_en": null, "name_local": "한국어", "isocode": "ko", "sorting": 2, "learning_available": false, "interface_available": false, "flag_icon": ""}}, {"model": "languages.language", "pk": "79b26e40-3eb6-4861-86a0-a038bea41b2c", "fields": {"name": "Azerbaijani", "name_ru": "Azerbaijani", "name_en": null, "name_local": "Azərbaycanca", "isocode": "az", "sorting": 0, "learning_available": false, "interface_available": false, "flag_icon": ""}}, {"model": "languages.language", "pk": "7c41c554-cc72-49cd-a03e-22196a70a194", "fields": {"name": "Armenian", "name_ru": "Armenian", "name_en": null, "name_local": "հայերեն", "isocode": "hy", "sorting": 0, "learning_available": false, "interface_available": false, "flag_icon": ""}}, {"model": "languages.language", "pk": "7e50a108-a161-4ad6-8e14-bbb6f84e6be3", "fields": {"name": "Belarusian", "name_ru": "Belarusian", "name_en": null, "name_local": "беларуская", "isocode": "be", "sorting": 0, "learning_available": false, "interface_available": false, "flag_icon": ""}}, {"model": "languages.language", "pk": "7e7e0ba5-ef15-425f-831b-fac91c281e42", "fields": {"name": "Norwegian Bokmal", "name_ru": "Norwegian Bokmal", "name_en": null, "name_local": "norsk (bokmål)", "isocode": "nb", "sorting": 0, "learning_available": false, "interface_available": false, "flag_icon": ""}}, {"model": "languages.language", "pk": "80388e64-2f99-4104-bbf4-3c10b7b20131", "fields": {"name": "Burmese", "name_ru": "Burmese", "name_en": null, "name_local": "မြန်မာဘာသာ", "isocode": "my", "sorting": 0, "learning_available": false, "interface_available": false, "flag_icon": ""}}, {"model": "languages.language", "pk": "8b3b0257-0270-489a-97b4-e7c2388d6141", "fields": {"name": "Macedonian", "name_ru": "Macedonian", "name_en": null, "name_local": "Македонски", "isocode": "mk", "sorting": 0, "learning_available": false, "interface_available": false, "flag_icon": ""}}, {"model": "languages.language", "pk": "92a0f372-13a9-4eac-8fbe-3cd8a0c6fec5", "fields": {"name": "Catalan", "name_ru": "Catalan", "name_en": null, "name_local": "català", "isocode": "ca", "sorting": 0, "learning_available": false, "interface_available": false, "flag_icon": ""}}, {"model": "languages.language", "pk": "96617042-c00f-4672-a846-f3d34f6c4b0a", "fields": {"name": "Luxembourgish", "name_ru": "Luxembourgish", "name_en": null, "name_local": "Lëtzebuergesch", "isocode": "lb", "sorting": 0, "learning_available": false, "interface_available": false, "flag_icon": ""}}, {"model": "languages.language", "pk": "977849c3-4b60-4dbe-a389-0de1f2be122e", "fields": {"name": "Malayalam", "name_ru": "Malayalam", "name_en": null, "name_local": "മലയാളം", "isocode": "ml", "sorting": 0, "learning_available": false, "interface_available": false, "flag_icon": ""}}, {"model": "languages.language", "pk": "9ae56144-3e73-454a-b33d-c5703bf98750", "fields": {"name": "Telugu", "name_ru": "Telugu", "name_en": null, "name_local": "తెలుగు", "isocode": "te", "sorting": 0, "learning_available": false, "interface_available": false, "flag_icon": ""}}, {"model": "languages.language", "pk": "9af89664-0c4a-45c8-a2d6-71ea070f4572", "fields": {"name": "English", "name_ru": "English", "name_en": null, "name_local": "English", "isocode": "en", "sorting": 3, "learning_available": true, "interface_available": true, "flag_icon": "languages/flag_icons/en.svg"}}, {"model": "languages.language", "pk": "9cecab4b-a74b-4d5a-a2e8-f77803f8034c", "fields": {"name": "Georgian", "name_ru": "Georgian", "name_en": null, "name_local": "ქართული", "isocode": "ka", "sorting": 0, "learning_available": false, "interface_available": false, "flag_icon": ""}}, {"model": "languages.language", "pk": "a1171d54-bd04-48f4-97c1-2eacc5020d3b", "fields": {"name": "Slovenian", "name_ru": "Slovenian", "name_en": null, "name_local": "Slovenščina", "isocode": "sl", "sorting": 0, "learning_available": false, "interface_available": false, "flag_icon": ""}}, {"model": "languages.language", "pk": "a16fe8b0-4bd5-4c55-bd90-51591a093e61", "fields": {"name": "Danish", "name_ru": "Danish", "name_en": null, "name_local": "dansk", "isocode": "da", "sorting": 0, "learning_available": false, "interface_available": false, "flag_icon": ""}}, {"model": "languages.language", "pk": "a2dc582f-6170-4c70-ae7f-07434326ec25", "fields": {"name": "Malay", "name_ru": "Malay", "name_en": null, "name_local": "Bahasa Melayu", "isocode": "ms", "sorting": 0, "learning_available": false, "interface_available": false, "flag_icon": ""}}, {"model": "languages.language", "pk": "a39a7fb3-e2e8-4ed2-86db-d75ee5eb87e3", "fields": {"name": "Ido", "name_ru": "Ido", "name_en": null, "name_local": "ido", "isocode": "io", "sorting": 0, "learning_available": false, "interface_available": false, "flag_icon": ""}}, {"model": "languages.language", "pk": "a5576f0f-1923-4174-9bae-a7a3aa859a47", "fields": {"name": "Polish", "name_ru": "Polish", "name_en": null, "name_local": "polski", "isocode": "pl", "sorting": 0, "learning_available": false, "interface_available": false, "flag_icon": ""}}, {"model": "languages.language", "pk": "a6bfdc72-81ca-44cf-9d24-9d314e9cb1e1", "fields": {"name": "Igbo", "name_ru": "Igbo", "name_en": null, "name_local": "Asụsụ Ìgbò", "isocode": "ig", "sorting": 0, "learning_available": false, "interface_available": false, "flag_icon": ""}}, {"model": "languages.language", "pk": "a7c6d1f7-9d52-47e0-9704-e6f59bacdef7", "fields": {"name": "Mongolian", "name_ru": "Mongolian", "name_en": null, "name_local": "Mongolian", "isocode": "mn", "sorting": 0, "learning_available": false, "interface_available": false, "flag_icon": ""}}, {"model": "languages.language", "pk": "a937d4eb-14f0-41ba-bd5a-9964a0d60962", "fields": {"name": "Russian", "name_ru": "Russian", "name_en": null, "name_local": "Русский", "isocode": "ru", "sorting": 2, "learning_available": true, "interface_available": true, "flag_icon": "languages/flag_icons/ru.svg"}}, {"model": "languages.language", "pk": "a9f236f6-1f3a-4f6f-981b-1aa297b083aa", "fields": {"name": "French", "name_ru": "French", "name_en": null, "name_local": "français", "isocode": "fr", "sorting": 2, "learning_available": true, "interface_available": false, "flag_icon": "languages/flag_icons/fr.svg"}}, {"model": "languages.language", "pk": "ad40e3ad-1896-4bc7-8ebe-953fb9511c19", "fields": {"name": "Bosnian", "name_ru": "Bosnian", "name_en": null, "name_local": "bosanski", "isocode": "bs", "sorting": 0, "learning_available": false, "interface_available": false, "flag_icon": ""}}, {"model": "languages.language", "pk": "ae7bedae-2aaf-49e7-b8b6-7612d122e1a6", "fields": {"name": "Urdu", "name_ru": "Urdu", "name_en": null, "name_local": "اردو", "isocode": "ur", "sorting": 0, "learning_available": false, "interface_available": false, "flag_icon": ""}}, {"model": "languages.language", "pk": "b041a316-85d6-4f70-9352-4e67b2a2d9e8", "fields": {"name": "Afrikaans", "name_ru": "Afrikaans", "name_en": null, "name_local": "Afrikaans", "isocode": "af", "sorting": 0, "learning_available": false, "interface_available": false, "flag_icon": ""}}, {"model": "languages.language", "pk": "b3689104-cb66-4121-bd49-70fe6e642a75", "fields": {"name": "Czech", "name_ru": "Czech", "name_en": null, "name_local": "česky", "isocode": "cs", "sorting": 0, "learning_available": false, "interface_available": false, "flag_icon": ""}}, {"model": "languages.language", "pk": "b7364c6a-4744-4220-8453-9827a2508651", "fields": {"name": "Tajik", "name_ru": "Tajik", "name_en": null, "name_local": "тоҷикӣ", "isocode": "tg", "sorting": 0, "learning_available": false, "interface_available": false, "flag_icon": ""}}, {"model": "languages.language", "pk": "bdf785a2-8021-4dc9-a7aa-8f235a322387", "fields": {"name": "Hebrew", "name_ru": "Hebrew", "name_en": null, "name_local": "עברית", "isocode": "he", "sorting": 0, "learning_available": false, "interface_available": false, "flag_icon": ""}}, {"model": "languages.language", "pk": "c32061d2-d3da-473a-acea-26e51b51b53f", "fields": {"name": "Persian", "name_ru": "Persian", "name_en": null, "name_local": "فارسی", "isocode": "fa", "sorting": 0, "learning_available": false, "interface_available": false, "flag_icon": ""}}, {"model": "languages.language", "pk": "c8f683a9-928a-45ab-b892-7c3f3d71b224", "fields": {"name": "Breton", "name_ru": "Breton", "name_en": null, "name_local": "brezhoneg", "isocode": "br", "sorting": 0, "learning_available": false, "interface_available": false, "flag_icon": ""}}, {"model": "languages.language", "pk": "d481a4b4-117e-4c8b-9571-4605770827a9", "fields": {"name": "Tamil", "name_ru": "Tamil", "name_en": null, "name_local": "தமிழ்", "isocode": "ta", "sorting": 0, "learning_available": false, "interface_available": false, "flag_icon": ""}}, {"model": "languages.language", "pk": "d6f9a00f-b8f3-45ca-8e51-2c9dc648dacb", "fields": {"name": "Uzbek", "name_ru": "Uzbek", "name_en": null, "name_local": "oʻzbek tili", "isocode": "uz", "sorting": 0, "learning_available": false, "interface_available": false, "flag_icon": ""}}, {"model": "languages.language", "pk": "dafb42bd-cc40-471f-913d-ef6fdfc1685f", "fields": {"name": "Hungarian", "name_ru": "Hungarian", "name_en": null, "name_local": "Magyar", "isocode": "hu", "sorting": 0, "learning_available": false, "interface_available": false, "flag_icon": ""}}, {"model": "languages.language", "pk": "ea5d4fb9-9ee6-499a-8087-b95f0e35d5d9", "fields": {"name": "Tatar", "name_ru": "Tatar", "name_en": null, "name_local": "Татарча", "isocode": "tt", "sorting": 0, "learning_available": false, "interface_available": false, "flag_icon": ""}}, {"model": "languages.language", "pk": "eb70263a-3059-4f04-91bd-124388add5d0", "fields": {"name": "Slovak", "name_ru": "Slovak", "name_en": null, "name_local": "Slovensky", "isocode": "sk", "sorting": 0, "learning_available": false, "interface_available": false, "flag_icon": ""}}, {"model": "languages.language", "pk": "efbe0d67-9386-4088-969a-43b76a073538", "fields": {"name": "German", "name_ru": "German", "name_en": null, "name_local": "Deutsch", "isocode": "de", "sorting": 2, "learning_available": true, "interface_available": false, "flag_icon": "languages/flag_icons/de.svg"}}, {"model": "languages.language", "pk": "f176f5fd-eb12-4cc5-b140-dc098077505a", "fields": {"name": "Icelandic", "name_ru": "Icelandic", "name_en": null, "name_local": "Íslenska", "isocode": "is", "sorting": 0, "learning_available": false, "interface_available": false, "flag_icon": ""}}, {"model": "languages.language", "pk": "f4829064-10f1-428f-a871-c11ee83ef64c", "fields": {"name": "Ukrainian", "name_ru": "Ukrainian", "name_en": null, "name_local": "Українська", "isocode": "uk", "sorting": 0, "learning_available": false, "interface_available": false, "flag_icon": ""}}, {"model": "languages.language", "pk": "f50b884e-2eef-4cdd-b547-33031350c69c", "fields": {"name": "Lithuanian", "name_ru": "Lithuanian", "name_en": null, "name_local": "Lietuviškai", "isocode": "lt", "sorting": 0, "learning_available": false, "interface_available": false, "flag_icon": ""}}, {"model": "languages.language", "pk": "f988a1a7-d5a3-4fa2-a0e8-8b0ba649d419", "fields": {"name": "Nepali", "name_ru": "Nepali", "name_en": null, "name_local": "नेपाली", "isocode": "ne", "sorting": 0, "learning_available": false, "interface_available": false, "flag_icon": ""}}, {"model": "languages.language", "pk": "fdbc0e4c-0042-4bc1-81eb-de32bff4fa8a", "fields": {"name": "Kannada", "name_ru": "Kannada", "name_en": null, "name_local": "Kannada", "isocode": "kn", "sorting": 0, "learning_available": false, "interface_available": false, "flag_icon": ""}}, {"model": "languages.languagecoverimage", "pk": "002e55ee-e6db-4b9b-a1fd-9af2a0d8ada9", "fields": {"created": "2024-09-04T10:57:36.392Z", "modified": "2024-09-04T10:57:36.392Z", "language": "efbe0d67-9386-4088-969a-43b76a073538", "image": "languages/images/German/de_Q0O7gyj.jpg"}}, {"model": "languages.languagecoverimage", "pk": "00b2456d-089e-4dcd-8430-de2584f97836", "fields": {"created": "2024-09-04T10:57:36.683Z", "modified": "2024-09-04T10:57:36.683Z", "language": "9af89664-0c4a-45c8-a2d6-71ea070f4572", "image": "languages/images/English/en_BiTqc7P.jpg"}}, {"model": "languages.languagecoverimage", "pk": "0262b249-d767-4b06-955d-d88e16b89f4e", "fields": {"created": "2024-09-04T11:04:09.041Z", "modified": "2024-09-04T11:04:09.041Z", "language": "2141a1f7-8335-4aa3-bf5c-831c9e3603b2", "image": "languages/images/Italian/it_shAkMM3.jpg"}}, {"model": "languages.languagecoverimage", "pk": "028aa028-7983-4e24-9d14-7d47fbd9e1ae", "fields": {"created": "2024-09-04T11:04:08.226Z", "modified": "2024-09-04T11:04:08.226Z", "language": "efbe0d67-9386-4088-969a-43b76a073538", "image": "languages/images/German/de_FwyJosU.jpg"}}, {"model": "languages.languagecoverimage", "pk": "02d84619-82fe-4cf2-af1b-dba29d3d78d2", "fields": {"created": "2024-09-04T10:43:15.023Z", "modified": "2024-09-04T10:43:15.023Z", "language": "a937d4eb-14f0-41ba-bd5a-9964a0d60962", "image": "languages/images/Russian/ru.jpg"}}, {"model": "languages.languagecoverimage", "pk": "0895dc1c-4d60-4801-9706-e676d6a07301", "fields": {"created": "2024-09-04T10:43:13.957Z", "modified": "2024-09-04T10:43:13.958Z", "language": "9af89664-0c4a-45c8-a2d6-71ea070f4572", "image": "languages/images/English/en_xDGvjLL.jpg"}}, {"model": "languages.languagecoverimage", "pk": "09421bf5-5957-4e0f-8633-c6eb4e9ec2b5", "fields": {"created": "2024-09-04T10:57:37.359Z", "modified": "2024-09-04T10:57:37.359Z", "language": "2141a1f7-8335-4aa3-bf5c-831c9e3603b2", "image": "languages/images/Italian/it_n9hfLMT.jpg"}}, {"model": "languages.languagecoverimage", "pk": "09cb6cb1-15f5-4448-a316-70329b800dc9", "fields": {"created": "2024-09-04T10:43:13.871Z", "modified": "2024-09-04T10:43:13.871Z", "language": "9af89664-0c4a-45c8-a2d6-71ea070f4572", "image": "languages/images/English/en_dSFZwqX.jpg"}}, {"model": "languages.languagecoverimage", "pk": "0afbbebc-8d0a-4c83-ac04-27f2dc7c828b", "fields": {"created": "2024-09-04T10:43:15.049Z", "modified": "2024-09-04T10:43:15.049Z", "language": "a937d4eb-14f0-41ba-bd5a-9964a0d60962", "image": "languages/images/Russian/ru_WWEQkoS.jpg"}}, {"model": "languages.languagecoverimage", "pk": "0bc9d09a-5927-422b-ab17-a1f15fc5540a", "fields": {"created": "2024-09-04T10:57:36.624Z", "modified": "2024-09-04T10:57:36.624Z", "language": "9af89664-0c4a-45c8-a2d6-71ea070f4572", "image": "languages/images/English/en_6DM1LFH.jpg"}}, {"model": "languages.languagecoverimage", "pk": "0c22a73e-a549-4571-b9e9-c34c2400bbb7", "fields": {"created": "2024-09-04T11:04:09.291Z", "modified": "2024-09-04T11:04:09.291Z", "language": "a937d4eb-14f0-41ba-bd5a-9964a0d60962", "image": "languages/images/Russian/ru_0fERmeg.jpg"}}, {"model": "languages.languagecoverimage", "pk": "0cb52ce3-b068-4528-a3f5-671a55e037f4", "fields": {"created": "2024-09-04T10:57:36.826Z", "modified": "2024-09-04T10:57:36.826Z", "language": "24d307f6-dc07-48bc-afa1-e052a60f47da", "image": "languages/images/Spanish/es_NTCrfp6.jpg"}}, {"model": "languages.languagecoverimage", "pk": "1c422299-f509-424d-90ea-5540bf2604b0", "fields": {"created": "2024-09-04T10:43:14.036Z", "modified": "2024-09-04T10:43:14.036Z", "language": "24d307f6-dc07-48bc-afa1-e052a60f47da", "image": "languages/images/Spanish/es_vLlUmPu.jpg"}}, {"model": "languages.languagecoverimage", "pk": "1cbbc062-fb76-427d-8575-d18fe93891db", "fields": {"created": "2024-09-04T11:04:08.353Z", "modified": "2024-09-04T11:04:08.353Z", "language": "9af89664-0c4a-45c8-a2d6-71ea070f4572", "image": "languages/images/English/en_I6FHfYi.jpg"}}, {"model": "languages.languagecoverimage", "pk": "1d3ebf56-22e6-48ac-baae-6f474b98f092", "fields": {"created": "2024-09-04T11:04:09.278Z", "modified": "2024-09-04T11:04:09.278Z", "language": "a937d4eb-14f0-41ba-bd5a-9964a0d60962", "image": "languages/images/Russian/ru_CVHDUY7.jpg"}}, {"model": "languages.languagecoverimage", "pk": "2274a837-ef4c-47d3-99f4-5bb3ee2a4746", "fields": {"created": "2024-09-04T10:57:36.904Z", "modified": "2024-09-04T10:57:36.904Z", "language": "24d307f6-dc07-48bc-afa1-e052a60f47da", "image": "languages/images/Spanish/es_iS6U8VK.jpg"}}, {"model": "languages.languagecoverimage", "pk": "25b37a0c-0692-4d83-a0e8-249100b69e0d", "fields": {"created": "2024-09-04T10:43:14.642Z", "modified": "2024-09-04T10:43:14.643Z", "language": "2141a1f7-8335-4aa3-bf5c-831c9e3603b2", "image": "languages/images/Italian/it_R5OCHaH.jpg"}}, {"model": "languages.languagecoverimage", "pk": "25f405ac-a90c-4244-b4c2-cb10ce01edb8", "fields": {"created": "2024-09-04T10:57:37.539Z", "modified": "2024-09-04T10:57:37.539Z", "language": "a937d4eb-14f0-41ba-bd5a-9964a0d60962", "image": "languages/images/Russian/ru_6PQy9dM.jpg"}}, {"model": "languages.languagecoverimage", "pk": "26a50308-b944-4ca6-b46c-b598ae40c9b7", "fields": {"created": "2024-09-04T11:04:08.404Z", "modified": "2024-09-04T11:04:08.404Z", "language": "9af89664-0c4a-45c8-a2d6-71ea070f4572", "image": "languages/images/English/en_ztbODM6.jpg"}}, {"model": "languages.languagecoverimage", "pk": "28417ad2-22f1-4bdf-a5af-7994c9752c01", "fields": {"created": "2024-09-04T10:43:14.056Z", "modified": "2024-09-04T10:43:14.056Z", "language": "24d307f6-dc07-48bc-afa1-e052a60f47da", "image": "languages/images/Spanish/es_3ptaQhk.jpg"}}, {"model": "languages.languagecoverimage", "pk": "289bb9b6-b512-4076-b9dd-28ddaa4db7ed", "fields": {"created": "2024-09-04T11:04:08.343Z", "modified": "2024-09-04T11:04:08.343Z", "language": "9af89664-0c4a-45c8-a2d6-71ea070f4572", "image": "languages/images/English/en_rHbLiiF.jpg"}}, {"model": "languages.languagecoverimage", "pk": "2a5cf79b-ccba-4042-8db3-ba12299119ce", "fields": {"created": "2024-09-04T11:04:08.133Z", "modified": "2024-09-04T11:04:08.133Z", "language": "efbe0d67-9386-4088-969a-43b76a073538", "image": "languages/images/German/de_14XWNAD.jpg"}}, {"model": "languages.languagecoverimage", "pk": "2c058e3f-28bd-41ad-8730-fb98896f936c", "fields": {"created": "2024-09-04T10:57:37.316Z", "modified": "2024-09-04T10:57:37.316Z", "language": "2141a1f7-8335-4aa3-bf5c-831c9e3603b2", "image": "languages/images/Italian/it_rZCRr89.jpg"}}, {"model": "languages.languagecoverimage", "pk": "31bc3dbf-6ac3-4601-af8a-3a60bd33326e", "fields": {"created": "2024-09-04T11:04:09.049Z", "modified": "2024-09-04T11:04:09.049Z", "language": "2141a1f7-8335-4aa3-bf5c-831c9e3603b2", "image": "languages/images/Italian/it_vfOpTjo.jpg"}}, {"model": "languages.languagecoverimage", "pk": "349ec149-a9c4-4280-8bc9-0a976ccb7538", "fields": {"created": "2024-09-04T11:04:09.058Z", "modified": "2024-09-04T11:04:09.058Z", "language": "2141a1f7-8335-4aa3-bf5c-831c9e3603b2", "image": "languages/images/Italian/it_nHw6I3E.jpg"}}, {"model": "languages.languagecoverimage", "pk": "36830b86-25e4-4c56-be10-07bb89916735", "fields": {"created": "2024-09-04T10:57:36.769Z", "modified": "2024-09-04T10:57:36.769Z", "language": "24d307f6-dc07-48bc-afa1-e052a60f47da", "image": "languages/images/Spanish/es_tEZ9Wnz.jpg"}}, {"model": "languages.languagecoverimage", "pk": "36ebff6e-66cd-4a14-af01-3ad94fd218e7", "fields": {"created": "2024-09-04T11:04:09.046Z", "modified": "2024-09-04T11:04:09.046Z", "language": "2141a1f7-8335-4aa3-bf5c-831c9e3603b2", "image": "languages/images/Italian/it_HkyyfJ1.jpg"}}, {"model": "languages.languagecoverimage", "pk": "3b90266e-e52a-4fe4-baf5-9a965f9edcf6", "fields": {"created": "2024-09-04T11:04:08.891Z", "modified": "2024-09-04T11:04:08.891Z", "language": "a9f236f6-1f3a-4f6f-981b-1aa297b083aa", "image": "languages/images/French/fr_kCf3QSn.jpg"}}, {"model": "languages.languagecoverimage", "pk": "3baf51ab-8801-4c04-81a2-a1ebf7d5d88f", "fields": {"created": "2024-09-04T10:57:37.274Z", "modified": "2024-09-04T10:57:37.274Z", "language": "2141a1f7-8335-4aa3-bf5c-831c9e3603b2", "image": "languages/images/Italian/it_4GznSWX.jpg"}}, {"model": "languages.languagecoverimage", "pk": "3c679b6f-91a9-4bde-8435-3b5dfb33ce72", "fields": {"created": "2024-09-04T10:57:36.848Z", "modified": "2024-09-04T10:57:36.848Z", "language": "24d307f6-dc07-48bc-afa1-e052a60f47da", "image": "languages/images/Spanish/es_G37lsWj.jpg"}}, {"model": "languages.languagecoverimage", "pk": "3f371899-e10e-4cd0-b04d-4a7d65e1d4cb", "fields": {"created": "2024-09-04T11:04:08.469Z", "modified": "2024-09-04T11:04:08.469Z", "language": "9af89664-0c4a-45c8-a2d6-71ea070f4572", "image": "languages/images/English/en_VpgxoeV.jpg"}}, {"model": "languages.languagecoverimage", "pk": "45eb76cc-ac05-49ab-ba38-129ed5c1c95a", "fields": {"created": "2024-09-04T10:57:36.590Z", "modified": "2024-09-04T10:57:36.590Z", "language": "9af89664-0c4a-45c8-a2d6-71ea070f4572", "image": "languages/images/English/en_0AeDeYd.jpg"}}, {"model": "languages.languagecoverimage", "pk": "4d90723f-f612-4f0a-899b-b2414424c5c2", "fields": {"created": "2024-09-04T10:43:14.720Z", "modified": "2024-09-04T10:43:14.720Z", "language": "2141a1f7-8335-4aa3-bf5c-831c9e3603b2", "image": "languages/images/Italian/it_lBDcrQs.jpg"}}, {"model": "languages.languagecoverimage", "pk": "4fd818b0-655e-4e92-9db8-bbb46ca9abe9", "fields": {"created": "2024-09-04T10:43:13.759Z", "modified": "2024-09-04T10:43:13.759Z", "language": "9af89664-0c4a-45c8-a2d6-71ea070f4572", "image": "languages/images/English/en.jpg"}}, {"model": "languages.languagecoverimage", "pk": "53c054b3-f8cc-48bf-976f-a7d043890641", "fields": {"created": "2024-09-04T10:43:13.616Z", "modified": "2024-09-04T10:43:13.616Z", "language": "efbe0d67-9386-4088-969a-43b76a073538", "image": "languages/images/German/de_dZUUBXL.jpg"}}, {"model": "languages.languagecoverimage", "pk": "550a6e62-3bbb-4801-911d-3ee2b6191ab4", "fields": {"created": "2024-09-04T10:43:14.072Z", "modified": "2024-09-04T10:43:14.072Z", "language": "24d307f6-dc07-48bc-afa1-e052a60f47da", "image": "languages/images/Spanish/es_Jj3TxQi.jpg"}}, {"model": "languages.languagecoverimage", "pk": "550b6a23-3d53-4bbc-a674-30f3fc52d94b", "fields": {"created": "2024-09-04T10:43:14.371Z", "modified": "2024-09-04T10:43:14.371Z", "language": "a9f236f6-1f3a-4f6f-981b-1aa297b083aa", "image": "languages/images/French/fr_BqwEtxt.jpg"}}, {"model": "languages.languagecoverimage", "pk": "552c8252-48b5-4e37-a0cc-4d6a276eef51", "fields": {"created": "2024-09-04T11:04:08.784Z", "modified": "2024-09-04T11:04:08.784Z", "language": "24d307f6-dc07-48bc-afa1-e052a60f47da", "image": "languages/images/Spanish/es_o5jMPLT.jpg"}}, {"model": "languages.languagecoverimage", "pk": "5676772e-89b2-4ae2-8500-e4bddb59a96d", "fields": {"created": "2024-09-04T11:04:08.315Z", "modified": "2024-09-04T11:04:08.315Z", "language": "efbe0d67-9386-4088-969a-43b76a073538", "image": "languages/images/German/de_NIHuoma.jpg"}}, {"model": "languages.languagecoverimage", "pk": "57661c8f-c237-4f5e-bbe1-fd2644643642", "fields": {"created": "2024-09-04T10:57:36.353Z", "modified": "2024-09-04T10:57:36.353Z", "language": "efbe0d67-9386-4088-969a-43b76a073538", "image": "languages/images/German/de_tNOYXLQ.jpg"}}, {"model": "languages.languagecoverimage", "pk": "57c96f40-3778-47ae-8987-6d4dd4205694", "fields": {"created": "2024-09-04T11:04:09.304Z", "modified": "2024-09-04T11:04:09.304Z", "language": "a937d4eb-14f0-41ba-bd5a-9964a0d60962", "image": "languages/images/Russian/ru_ac2Na5A.jpg"}}, {"model": "languages.languagecoverimage", "pk": "5c4726fe-08f6-4a1a-93a9-44a5bda265f3", "fields": {"created": "2024-09-04T10:43:14.093Z", "modified": "2024-09-04T10:43:14.093Z", "language": "24d307f6-dc07-48bc-afa1-e052a60f47da", "image": "languages/images/Spanish/es_VEImmfw.jpg"}}, {"model": "languages.languagecoverimage", "pk": "5d238db5-c938-4fe1-9069-7537cc1f700f", "fields": {"created": "2024-09-04T11:04:08.380Z", "modified": "2024-09-04T11:04:08.380Z", "language": "9af89664-0c4a-45c8-a2d6-71ea070f4572", "image": "languages/images/English/en_f6CDA5W.jpg"}}, {"model": "languages.languagecoverimage", "pk": "5eb0a4aa-a971-462b-8026-f3bb1b107643", "fields": {"created": "2024-09-04T10:57:37.287Z", "modified": "2024-09-04T10:57:37.287Z", "language": "2141a1f7-8335-4aa3-bf5c-831c9e3603b2", "image": "languages/images/Italian/it_rFZOyw8.jpg"}}, {"model": "languages.languagecoverimage", "pk": "63d41008-b020-4aa7-b204-fffe4cb71bed", "fields": {"created": "2024-09-04T10:57:36.554Z", "modified": "2024-09-04T10:57:36.554Z", "language": "9af89664-0c4a-45c8-a2d6-71ea070f4572", "image": "languages/images/English/en_MmBJeAx.jpg"}}, {"model": "languages.languagecoverimage", "pk": "65159720-8eda-47f0-ae4a-7ccce16d79b4", "fields": {"created": "2024-09-04T11:04:08.962Z", "modified": "2024-09-04T11:04:08.962Z", "language": "a9f236f6-1f3a-4f6f-981b-1aa297b083aa", "image": "languages/images/French/fr_iR6Sbc8.jpg"}}, {"model": "languages.languagecoverimage", "pk": "662d30c2-5d5e-4a4e-81c5-3ca03606e037", "fields": {"created": "2024-09-04T10:57:36.308Z", "modified": "2024-09-04T10:57:36.308Z", "language": "efbe0d67-9386-4088-969a-43b76a073538", "image": "languages/images/German/de_nFqvI7q.jpg"}}, {"model": "languages.languagecoverimage", "pk": "670761e5-780b-4666-b143-b0e45a81ce7f", "fields": {"created": "2024-09-04T11:04:08.669Z", "modified": "2024-09-04T11:04:08.669Z", "language": "24d307f6-dc07-48bc-afa1-e052a60f47da", "image": "languages/images/Spanish/es_2eVxviR.jpg"}}, {"model": "languages.languagecoverimage", "pk": "6789d3a4-5fdb-4273-884a-b5ed3f52b9e8", "fields": {"created": "2024-09-04T11:04:08.594Z", "modified": "2024-09-04T11:04:08.594Z", "language": "9af89664-0c4a-45c8-a2d6-71ea070f4572", "image": "languages/images/English/en_j1pnELI.jpg"}}, {"model": "languages.languagecoverimage", "pk": "6a3c895a-ce04-4ead-b9c4-98e3ed228c5f", "fields": {"created": "2024-09-04T10:43:13.769Z", "modified": "2024-09-04T10:43:13.769Z", "language": "9af89664-0c4a-45c8-a2d6-71ea070f4572", "image": "languages/images/English/en_j8dHe4m.jpg"}}, {"model": "languages.languagecoverimage", "pk": "6e8b8993-1409-4cab-9ff3-0b29cb6626ba", "fields": {"created": "2024-09-04T10:57:37.126Z", "modified": "2024-09-04T10:57:37.126Z", "language": "a9f236f6-1f3a-4f6f-981b-1aa297b083aa", "image": "languages/images/French/fr_NYjo6qF.jpg"}}, {"model": "languages.languagecoverimage", "pk": "6eaa7816-f0df-4be0-8c3a-d91099763061", "fields": {"created": "2024-09-04T10:43:15.095Z", "modified": "2024-09-04T10:43:15.095Z", "language": "a937d4eb-14f0-41ba-bd5a-9964a0d60962", "image": "languages/images/Russian/ru_Vc8CFro.jpg"}}, {"model": "languages.languagecoverimage", "pk": "708b6a1e-3f46-49df-8e8f-08d85e704308", "fields": {"created": "2024-09-04T10:43:14.592Z", "modified": "2024-09-04T10:43:14.592Z", "language": "2141a1f7-8335-4aa3-bf5c-831c9e3603b2", "image": "languages/images/Italian/it.jpg"}}, {"model": "languages.languagecoverimage", "pk": "7231886e-e520-4b35-888c-f4a4565541ac", "fields": {"created": "2024-09-04T10:43:13.663Z", "modified": "2024-09-04T10:43:13.663Z", "language": "efbe0d67-9386-4088-969a-43b76a073538", "image": "languages/images/German/de_3pbDnGm.jpg"}}, {"model": "languages.languagecoverimage", "pk": "7289a693-3642-4054-8fec-1b92a7a369ce", "fields": {"created": "2024-09-04T11:04:08.631Z", "modified": "2024-09-04T11:04:08.631Z", "language": "24d307f6-dc07-48bc-afa1-e052a60f47da", "image": "languages/images/Spanish/es_9SCyzhr.jpg"}}, {"model": "languages.languagecoverimage", "pk": "72c84e11-91f5-4d9c-bb27-910e276a09d3", "fields": {"created": "2024-09-04T10:57:37.104Z", "modified": "2024-09-04T10:57:37.104Z", "language": "a9f236f6-1f3a-4f6f-981b-1aa297b083aa", "image": "languages/images/French/fr_29AXvZE.jpg"}}, {"model": "languages.languagecoverimage", "pk": "74184fde-42f6-473c-af0d-07c866be435f", "fields": {"created": "2024-09-04T11:04:09.086Z", "modified": "2024-09-04T11:04:09.086Z", "language": "2141a1f7-8335-4aa3-bf5c-831c9e3603b2", "image": "languages/images/Italian/it_DyupUAk.jpg"}}, {"model": "languages.languagecoverimage", "pk": "762f0d66-200e-4359-9545-04554a11a6db", "fields": {"created": "2024-09-04T10:57:37.263Z", "modified": "2024-09-04T10:57:37.263Z", "language": "2141a1f7-8335-4aa3-bf5c-831c9e3603b2", "image": "languages/images/Italian/it_rRFUsX4.jpg"}}, {"model": "languages.languagecoverimage", "pk": "76576ec5-5cd1-4395-9739-6305f9e0dc18", "fields": {"created": "2024-09-04T10:57:37.518Z", "modified": "2024-09-04T10:57:37.518Z", "language": "a937d4eb-14f0-41ba-bd5a-9964a0d60962", "image": "languages/images/Russian/ru_6y8mh4j.jpg"}}, {"model": "languages.languagecoverimage", "pk": "79a54c3f-e568-41a3-8060-e054ea8911f8", "fields": {"created": "2024-09-04T11:04:08.709Z", "modified": "2024-09-04T11:04:08.709Z", "language": "24d307f6-dc07-48bc-afa1-e052a60f47da", "image": "languages/images/Spanish/es_BIYsT5C.jpg"}}, {"model": "languages.languagecoverimage", "pk": "7abe5863-3e90-4e28-b41e-b170836d8504", "fields": {"created": "2024-09-04T10:43:13.697Z", "modified": "2024-09-04T10:43:13.697Z", "language": "efbe0d67-9386-4088-969a-43b76a073538", "image": "languages/images/German/de_9mwUMhl.jpg"}}, {"model": "languages.languagecoverimage", "pk": "7b96f68f-9960-43d5-8398-c50c1e6b3bf2", "fields": {"created": "2024-09-04T10:57:37.363Z", "modified": "2024-09-04T10:57:37.363Z", "language": "2141a1f7-8335-4aa3-bf5c-831c9e3603b2", "image": "languages/images/Italian/it_JOXz411.jpg"}}, {"model": "languages.languagecoverimage", "pk": "7bdbe00e-a10b-488d-a9b5-b6e2c6cd4c2e", "fields": {"created": "2024-09-04T10:43:14.705Z", "modified": "2024-09-04T10:43:14.705Z", "language": "2141a1f7-8335-4aa3-bf5c-831c9e3603b2", "image": "languages/images/Italian/it_vmONKNp.jpg"}}, {"model": "languages.languagecoverimage", "pk": "7ca79c80-94bb-4864-91ba-cc6c70cda7d3", "fields": {"created": "2024-09-04T10:43:13.642Z", "modified": "2024-09-04T10:43:13.642Z", "language": "efbe0d67-9386-4088-969a-43b76a073538", "image": "languages/images/German/de_w9EoGqJ.jpg"}}, {"model": "languages.languagecoverimage", "pk": "7d4b6545-7d86-452a-8f34-3bf2a2c9fcca", "fields": {"created": "2024-09-04T10:57:36.505Z", "modified": "2024-09-04T10:57:36.505Z", "language": "9af89664-0c4a-45c8-a2d6-71ea070f4572", "image": "languages/images/English/en_zMP0oUp.jpg"}}, {"model": "languages.languagecoverimage", "pk": "7e1e3c40-6c02-46f4-b921-b3d80ea5f97a", "fields": {"created": "2024-09-04T10:43:13.812Z", "modified": "2024-09-04T10:43:13.812Z", "language": "9af89664-0c4a-45c8-a2d6-71ea070f4572", "image": "languages/images/English/en_pXoNpxI.jpg"}}, {"model": "languages.languagecoverimage", "pk": "7e8007c3-1818-4431-92fc-fbb2f143b7c7", "fields": {"created": "2024-09-04T11:04:09.325Z", "modified": "2024-09-04T11:04:09.325Z", "language": "a937d4eb-14f0-41ba-bd5a-9964a0d60962", "image": "languages/images/Russian/ru_W3CZ7Xr.jpg"}}, {"model": "languages.languagecoverimage", "pk": "7e9b4ab1-954e-4621-897c-f80862a86c9d", "fields": {"created": "2024-09-04T10:43:14.144Z", "modified": "2024-09-04T10:43:14.144Z", "language": "24d307f6-dc07-48bc-afa1-e052a60f47da", "image": "languages/images/Spanish/es_JaMZTE8.jpg"}}, {"model": "languages.languagecoverimage", "pk": "80171ff9-0595-4160-8919-27c7230ca7cd", "fields": {"created": "2024-09-04T10:57:36.284Z", "modified": "2024-09-04T10:57:36.284Z", "language": "efbe0d67-9386-4088-969a-43b76a073538", "image": "languages/images/German/de_VxDQupp.jpg"}}, {"model": "languages.languagecoverimage", "pk": "8a6b5a3b-956f-45c1-a76b-7ff0bf4da273", "fields": {"created": "2024-09-04T11:04:08.685Z", "modified": "2024-09-04T11:04:08.685Z", "language": "24d307f6-dc07-48bc-afa1-e052a60f47da", "image": "languages/images/Spanish/es_QRhuo9l.jpg"}}, {"model": "languages.languagecoverimage", "pk": "8e402f77-16d2-4b56-bc02-0ba61420486a", "fields": {"created": "2024-09-04T10:57:36.496Z", "modified": "2024-09-04T10:57:36.496Z", "language": "9af89664-0c4a-45c8-a2d6-71ea070f4572", "image": "languages/images/English/en_o9Na5ay.jpg"}}, {"model": "languages.languagecoverimage", "pk": "8ede02ed-9385-4c58-9732-07a2f414b3ce", "fields": {"created": "2024-09-04T11:04:08.114Z", "modified": "2024-09-04T11:04:08.114Z", "language": "efbe0d67-9386-4088-969a-43b76a073538", "image": "languages/images/German/de_IlR7Lmc.jpg"}}, {"model": "languages.languagecoverimage", "pk": "902ee8b0-8f2c-432b-84ee-eaa9381c9e77", "fields": {"created": "2024-09-04T10:43:14.123Z", "modified": "2024-09-04T10:43:14.123Z", "language": "24d307f6-dc07-48bc-afa1-e052a60f47da", "image": "languages/images/Spanish/es_uGbsSJH.jpg"}}, {"model": "languages.languagecoverimage", "pk": "91a34caf-62e5-48c8-bc3d-cdcaf40399bd", "fields": {"created": "2024-09-04T10:43:15.120Z", "modified": "2024-09-04T10:43:15.120Z", "language": "a937d4eb-14f0-41ba-bd5a-9964a0d60962", "image": "languages/images/Russian/ru_awKXd7m.jpg"}}, {"model": "languages.languagecoverimage", "pk": "91ee97e0-2e35-4741-a95e-9d234c0a3df5", "fields": {"created": "2024-09-04T10:43:13.792Z", "modified": "2024-09-04T10:43:13.792Z", "language": "9af89664-0c4a-45c8-a2d6-71ea070f4572", "image": "languages/images/English/en_ggZyJkg.jpg"}}, {"model": "languages.languagecoverimage", "pk": "92196900-8ae4-45de-8655-6d1a07c3e35d", "fields": {"created": "2024-09-04T10:43:14.346Z", "modified": "2024-09-04T10:43:14.346Z", "language": "a9f236f6-1f3a-4f6f-981b-1aa297b083aa", "image": "languages/images/French/fr_SgWCtjQ.jpg"}}, {"model": "languages.languagecoverimage", "pk": "924752a7-2aef-42ba-b9f8-413a7113e6c8", "fields": {"created": "2024-09-04T10:43:14.168Z", "modified": "2024-09-04T10:43:14.168Z", "language": "24d307f6-dc07-48bc-afa1-e052a60f47da", "image": "languages/images/Spanish/es_JaMQgH9.jpg"}}, {"model": "languages.languagecoverimage", "pk": "955e6b5e-1f0a-4f56-afb8-af4475e9eab9", "fields": {"created": "2024-09-04T10:57:37.511Z", "modified": "2024-09-04T10:57:37.511Z", "language": "a937d4eb-14f0-41ba-bd5a-9964a0d60962", "image": "languages/images/Russian/ru_1CQFmdb.jpg"}}, {"model": "languages.languagecoverimage", "pk": "98923af6-c04b-4989-9a16-1a18881135cb", "fields": {"created": "2024-09-04T10:57:37.375Z", "modified": "2024-09-04T10:57:37.375Z", "language": "2141a1f7-8335-4aa3-bf5c-831c9e3603b2", "image": "languages/images/Italian/it_uVziqsQ.jpg"}}, {"model": "languages.languagecoverimage", "pk": "9a690238-955b-45a8-b65b-22eb3f91b1bd", "fields": {"created": "2024-09-04T10:57:37.024Z", "modified": "2024-09-04T10:57:37.024Z", "language": "a9f236f6-1f3a-4f6f-981b-1aa297b083aa", "image": "languages/images/French/fr_CjaIcwT.jpg"}}, {"model": "languages.languagecoverimage", "pk": "9ac13490-6046-460c-adcb-ac96d5c08ecc", "fields": {"created": "2024-09-04T10:43:14.021Z", "modified": "2024-09-04T10:43:14.021Z", "language": "24d307f6-dc07-48bc-afa1-e052a60f47da", "image": "languages/images/Spanish/es.jpg"}}, {"model": "languages.languagecoverimage", "pk": "9ade0bb1-9116-4f9c-be04-252956876246", "fields": {"created": "2024-09-04T10:43:14.309Z", "modified": "2024-09-04T10:43:14.309Z", "language": "a9f236f6-1f3a-4f6f-981b-1aa297b083aa", "image": "languages/images/French/fr_cPTKVa9.jpg"}}, {"model": "languages.languagecoverimage", "pk": "9bfeb810-34cf-4bf3-880b-26cafb81e65b", "fields": {"created": "2024-09-04T10:57:36.786Z", "modified": "2024-09-04T10:57:36.786Z", "language": "24d307f6-dc07-48bc-afa1-e052a60f47da", "image": "languages/images/Spanish/es_uinMDWg.jpg"}}, {"model": "languages.languagecoverimage", "pk": "9c912320-6a8b-4547-8679-c02732c3a784", "fields": {"created": "2024-09-04T10:57:36.807Z", "modified": "2024-09-04T10:57:36.807Z", "language": "24d307f6-dc07-48bc-afa1-e052a60f47da", "image": "languages/images/Spanish/es_5ARjD5b.jpg"}}, {"model": "languages.languagecoverimage", "pk": "a236828a-2f49-41a6-89fe-d4bd418416ac", "fields": {"created": "2024-09-04T10:43:13.986Z", "modified": "2024-09-04T10:43:13.986Z", "language": "9af89664-0c4a-45c8-a2d6-71ea070f4572", "image": "languages/images/English/en_C4wkQzp.jpg"}}, {"model": "languages.languagecoverimage", "pk": "a608ea4d-9a5e-4210-80eb-e9a5eee592af", "fields": {"created": "2024-09-04T10:57:37.506Z", "modified": "2024-09-04T10:57:37.506Z", "language": "a937d4eb-14f0-41ba-bd5a-9964a0d60962", "image": "languages/images/Russian/ru_S0PlJSW.jpg"}}, {"model": "languages.languagecoverimage", "pk": "a630050f-5821-4c89-8700-189c075d2622", "fields": {"created": "2024-09-04T10:43:14.671Z", "modified": "2024-09-04T10:43:14.671Z", "language": "2141a1f7-8335-4aa3-bf5c-831c9e3603b2", "image": "languages/images/Italian/it_AHjWVNA.jpg"}}, {"model": "languages.languagecoverimage", "pk": "a6d5e3ca-cad7-4c97-99f6-a57ff3ac3274", "fields": {"created": "2024-09-04T10:57:37.034Z", "modified": "2024-09-04T10:57:37.034Z", "language": "a9f236f6-1f3a-4f6f-981b-1aa297b083aa", "image": "languages/images/French/fr_BSCkrIL.jpg"}}, {"model": "languages.languagecoverimage", "pk": "a71eb513-e63d-4266-87a9-f5c5258ea559", "fields": {"created": "2024-09-04T10:57:36.471Z", "modified": "2024-09-04T10:57:36.471Z", "language": "efbe0d67-9386-4088-969a-43b76a073538", "image": "languages/images/German/de_ryS4MDK.jpg"}}, {"model": "languages.languagecoverimage", "pk": "ab58f6cc-33bb-4bbd-bfc0-713262a00e12", "fields": {"created": "2024-09-04T11:04:08.495Z", "modified": "2024-09-04T11:04:08.495Z", "language": "9af89664-0c4a-45c8-a2d6-71ea070f4572", "image": "languages/images/English/en_PohOgUo.jpg"}}, {"model": "languages.languagecoverimage", "pk": "ad041895-2bff-4f6a-a016-543747284840", "fields": {"created": "2024-09-04T10:43:14.332Z", "modified": "2024-09-04T10:43:14.332Z", "language": "a9f236f6-1f3a-4f6f-981b-1aa297b083aa", "image": "languages/images/French/fr_8RyjcR2.jpg"}}, {"model": "languages.languagecoverimage", "pk": "ada5ccf4-f701-4db6-9cba-e4100a9fb07c", "fields": {"created": "2024-09-04T10:43:14.660Z", "modified": "2024-09-04T10:43:14.660Z", "language": "2141a1f7-8335-4aa3-bf5c-831c9e3603b2", "image": "languages/images/Italian/it_jw3d8z9.jpg"}}, {"model": "languages.languagecoverimage", "pk": "b0694526-519f-42b2-8f13-a1a9c3295920", "fields": {"created": "2024-09-04T10:57:36.537Z", "modified": "2024-09-04T10:57:36.537Z", "language": "9af89664-0c4a-45c8-a2d6-71ea070f4572", "image": "languages/images/English/en_u1kDuLT.jpg"}}, {"model": "languages.languagecoverimage", "pk": "b10e2aec-a0df-430f-9e52-c5bcc14f7698", "fields": {"created": "2024-09-04T10:57:36.879Z", "modified": "2024-09-04T10:57:36.879Z", "language": "24d307f6-dc07-48bc-afa1-e052a60f47da", "image": "languages/images/Spanish/es_0UzXjUl.jpg"}}, {"model": "languages.languagecoverimage", "pk": "b1ee9002-90b4-4fb9-9b29-d6bfff0e3790", "fields": {"created": "2024-09-04T10:43:15.068Z", "modified": "2024-09-04T10:43:15.068Z", "language": "a937d4eb-14f0-41ba-bd5a-9964a0d60962", "image": "languages/images/Russian/ru_lJ8x4DY.jpg"}}, {"model": "languages.languagecoverimage", "pk": "b22b01b3-28c5-4cbf-8882-0e134a61b83a", "fields": {"created": "2024-09-04T11:04:09.120Z", "modified": "2024-09-04T11:04:09.120Z", "language": "2141a1f7-8335-4aa3-bf5c-831c9e3603b2", "image": "languages/images/Italian/it_4lzAFwq.jpg"}}, {"model": "languages.languagecoverimage", "pk": "b2d1b2e3-a88d-45aa-960d-a432cbf14db0", "fields": {"created": "2024-09-04T11:04:08.873Z", "modified": "2024-09-04T11:04:08.873Z", "language": "a9f236f6-1f3a-4f6f-981b-1aa297b083aa", "image": "languages/images/French/fr_VjW6clm.jpg"}}, {"model": "languages.languagecoverimage", "pk": "b350b6d6-8242-47af-a078-39385ba52ad6", "fields": {"created": "2024-09-04T11:04:08.287Z", "modified": "2024-09-04T11:04:08.287Z", "language": "efbe0d67-9386-4088-969a-43b76a073538", "image": "languages/images/German/de_54hWL5h.jpg"}}, {"model": "languages.languagecoverimage", "pk": "b73a96d2-c99f-4cca-8565-f4c4fa2c3835", "fields": {"created": "2024-09-04T10:57:37.350Z", "modified": "2024-09-04T10:57:37.350Z", "language": "2141a1f7-8335-4aa3-bf5c-831c9e3603b2", "image": "languages/images/Italian/it_v53hnle.jpg"}}, {"model": "languages.languagecoverimage", "pk": "b7adcd37-24c1-4de0-819c-0658416ae775", "fields": {"created": "2024-09-04T10:43:13.934Z", "modified": "2024-09-04T10:43:13.934Z", "language": "9af89664-0c4a-45c8-a2d6-71ea070f4572", "image": "languages/images/English/en_AQpE3qk.jpg"}}, {"model": "languages.languagecoverimage", "pk": "b9763427-6dea-459b-b42d-2d00c5c8da5a", "fields": {"created": "2024-09-04T10:57:36.442Z", "modified": "2024-09-04T10:57:36.442Z", "language": "efbe0d67-9386-4088-969a-43b76a073538", "image": "languages/images/German/de_MHinBsz.jpg"}}, {"model": "languages.languagecoverimage", "pk": "ba381335-6ee3-4324-bda3-2d1e1083bd85", "fields": {"created": "2024-09-04T10:57:36.409Z", "modified": "2024-09-04T10:57:36.409Z", "language": "efbe0d67-9386-4088-969a-43b76a073538", "image": "languages/images/German/de_QjJZxk2.jpg"}}, {"model": "languages.languagecoverimage", "pk": "badbe818-5207-4b7d-8f4d-7285eb4970c7", "fields": {"created": "2024-09-04T10:43:14.602Z", "modified": "2024-09-04T10:43:14.602Z", "language": "2141a1f7-8335-4aa3-bf5c-831c9e3603b2", "image": "languages/images/Italian/it_UjyZia9.jpg"}}, {"model": "languages.languagecoverimage", "pk": "bb70baad-d594-43b4-88ba-be2d24f23a96", "fields": {"created": "2024-09-04T10:43:15.037Z", "modified": "2024-09-04T10:43:15.037Z", "language": "a937d4eb-14f0-41ba-bd5a-9964a0d60962", "image": "languages/images/Russian/ru_uedFUTk.jpg"}}, {"model": "languages.languagecoverimage", "pk": "be68bb11-8a53-4c8f-86d1-1e1404256aaa", "fields": {"created": "2024-09-04T10:43:14.108Z", "modified": "2024-09-04T10:43:14.108Z", "language": "24d307f6-dc07-48bc-afa1-e052a60f47da", "image": "languages/images/Spanish/es_iNbdkHy.jpg"}}, {"model": "languages.languagecoverimage", "pk": "be9a9d0d-7a49-4d43-a45e-b14b141e5184", "fields": {"created": "2024-09-04T11:04:09.356Z", "modified": "2024-09-04T11:04:09.356Z", "language": "a937d4eb-14f0-41ba-bd5a-9964a0d60962", "image": "languages/images/Russian/ru_RfhOHu1.jpg"}}, {"model": "languages.languagecoverimage", "pk": "bf71c783-dcfb-4768-b1f9-165ad32ec5ee", "fields": {"created": "2024-09-04T10:57:37.501Z", "modified": "2024-09-04T10:57:37.501Z", "language": "a937d4eb-14f0-41ba-bd5a-9964a0d60962", "image": "languages/images/Russian/ru_peayMZg.jpg"}}, {"model": "languages.languagecoverimage", "pk": "c00718ae-2077-4cdb-8ba1-c395ffc3d971", "fields": {"created": "2024-09-04T10:43:14.386Z", "modified": "2024-09-04T10:43:14.386Z", "language": "a9f236f6-1f3a-4f6f-981b-1aa297b083aa", "image": "languages/images/French/fr_vCZR8PE.jpg"}}, {"model": "languages.languagecoverimage", "pk": "c545d04f-6abc-4dd7-937c-12c4ec0a7b5f", "fields": {"created": "2024-09-04T10:57:36.262Z", "modified": "2024-09-04T10:57:36.262Z", "language": "efbe0d67-9386-4088-969a-43b76a073538", "image": "languages/images/German/de_xoozPaI.jpg"}}, {"model": "languages.languagecoverimage", "pk": "c63bf5b9-11c2-46bd-8574-e371640422fe", "fields": {"created": "2024-09-04T11:04:08.882Z", "modified": "2024-09-04T11:04:08.882Z", "language": "a9f236f6-1f3a-4f6f-981b-1aa297b083aa", "image": "languages/images/French/fr_mpzpxup.jpg"}}, {"model": "languages.languagecoverimage", "pk": "ce0c4897-a381-46dd-9edd-e97b401c0bef", "fields": {"created": "2024-09-04T10:57:37.143Z", "modified": "2024-09-04T10:57:37.143Z", "language": "a9f236f6-1f3a-4f6f-981b-1aa297b083aa", "image": "languages/images/French/fr_gKdnIQ0.jpg"}}, {"model": "languages.languagecoverimage", "pk": "ce882a88-f61f-4459-b293-6f6e965962b8", "fields": {"created": "2024-09-04T10:57:37.344Z", "modified": "2024-09-04T10:57:37.344Z", "language": "2141a1f7-8335-4aa3-bf5c-831c9e3603b2", "image": "languages/images/Italian/it_9YD2eoc.jpg"}}, {"model": "languages.languagecoverimage", "pk": "d0248dd4-e94d-4982-b91b-543a450ec538", "fields": {"created": "2024-09-04T11:04:08.438Z", "modified": "2024-09-04T11:04:08.438Z", "language": "9af89664-0c4a-45c8-a2d6-71ea070f4572", "image": "languages/images/English/en_t0DTpce.jpg"}}, {"model": "languages.languagecoverimage", "pk": "d295ebc2-32be-4682-9b52-ed4bc8fadee4", "fields": {"created": "2024-09-04T10:57:37.597Z", "modified": "2024-09-04T10:57:37.597Z", "language": "a937d4eb-14f0-41ba-bd5a-9964a0d60962", "image": "languages/images/Russian/ru_nuxwOkw.jpg"}}, {"model": "languages.languagecoverimage", "pk": "d5303907-b68f-42d5-904c-31ed4c7b2d16", "fields": {"created": "2024-09-04T10:57:36.739Z", "modified": "2024-09-04T10:57:36.739Z", "language": "9af89664-0c4a-45c8-a2d6-71ea070f4572", "image": "languages/images/English/en_QTxNkY5.jpg"}}, {"model": "languages.languagecoverimage", "pk": "d62145e9-d6b8-4599-909d-91c63a5f5401", "fields": {"created": "2024-09-04T11:04:09.110Z", "modified": "2024-09-04T11:04:09.110Z", "language": "2141a1f7-8335-4aa3-bf5c-831c9e3603b2", "image": "languages/images/Italian/it_nD6bUHg.jpg"}}, {"model": "languages.languagecoverimage", "pk": "d7c28dbc-2463-46a5-b1fe-ab4c0bffb854", "fields": {"created": "2024-09-04T11:04:08.247Z", "modified": "2024-09-04T11:04:08.247Z", "language": "efbe0d67-9386-4088-969a-43b76a073538", "image": "languages/images/German/de_NKsA618.jpg"}}, {"model": "languages.languagecoverimage", "pk": "db4e0362-1da5-4202-8fce-2a6a900d045f", "fields": {"created": "2024-09-04T11:04:08.152Z", "modified": "2024-09-04T11:04:08.152Z", "language": "efbe0d67-9386-4088-969a-43b76a073538", "image": "languages/images/German/de_1EGaRuf.jpg"}}, {"model": "languages.languagecoverimage", "pk": "de865a7d-50b4-4fd6-81fc-2322417a27e2", "fields": {"created": "2024-09-04T10:57:36.983Z", "modified": "2024-09-04T10:57:36.983Z", "language": "a9f236f6-1f3a-4f6f-981b-1aa297b083aa", "image": "languages/images/French/fr_gISYKEM.jpg"}}, {"model": "languages.languagecoverimage", "pk": "e3bcfb6c-def1-48cd-9e6e-9ea9afc78df8", "fields": {"created": "2024-09-04T10:43:13.585Z", "modified": "2024-09-04T10:43:13.585Z", "language": "efbe0d67-9386-4088-969a-43b76a073538", "image": "languages/images/German/de_Skx9s6t.jpg"}}, {"model": "languages.languagecoverimage", "pk": "e40d2a5c-133e-4b12-9b9c-d2ed81eb958b", "fields": {"created": "2024-09-04T10:43:13.547Z", "modified": "2024-09-04T10:43:13.547Z", "language": "efbe0d67-9386-4088-969a-43b76a073538", "image": "languages/images/German/de.jpg"}}, {"model": "languages.languagecoverimage", "pk": "e5c5c3a5-bad5-45d2-9008-2981fd03f19d", "fields": {"created": "2024-09-04T10:43:13.722Z", "modified": "2024-09-04T10:43:13.722Z", "language": "efbe0d67-9386-4088-969a-43b76a073538", "image": "languages/images/German/de_wSMpEr4.jpg"}}, {"model": "languages.languagecoverimage", "pk": "e6eb812c-e983-420e-adb3-b1babe7317c6", "fields": {"created": "2024-09-04T11:04:08.850Z", "modified": "2024-09-04T11:04:08.850Z", "language": "a9f236f6-1f3a-4f6f-981b-1aa297b083aa", "image": "languages/images/French/fr_IAY3hGo.jpg"}}, {"model": "languages.languagecoverimage", "pk": "e8def8f0-61cf-40b0-89af-aa64c0b738c6", "fields": {"created": "2024-09-04T10:43:14.696Z", "modified": "2024-09-04T10:43:14.696Z", "language": "2141a1f7-8335-4aa3-bf5c-831c9e3603b2", "image": "languages/images/Italian/it_BlSOnUE.jpg"}}, {"model": "languages.languagecoverimage", "pk": "ea63f2f0-f2df-46c8-97dd-ef2d3e12776d", "fields": {"created": "2024-09-04T10:43:13.563Z", "modified": "2024-09-04T10:43:13.563Z", "language": "efbe0d67-9386-4088-969a-43b76a073538", "image": "languages/images/German/de_id21ucy.jpg"}}, {"model": "languages.languagecoverimage", "pk": "ea6ba49c-298c-44c3-999d-1555bf9d8586", "fields": {"created": "2024-09-04T11:04:08.738Z", "modified": "2024-09-04T11:04:08.738Z", "language": "24d307f6-dc07-48bc-afa1-e052a60f47da", "image": "languages/images/Spanish/es_Svc9EgW.jpg"}}, {"model": "languages.languagecoverimage", "pk": "ec2f9c22-787f-45e4-a72a-f0c1af20aea1", "fields": {"created": "2024-09-04T11:04:08.760Z", "modified": "2024-09-04T11:04:08.760Z", "language": "24d307f6-dc07-48bc-afa1-e052a60f47da", "image": "languages/images/Spanish/es_LDLLu4I.jpg"}}, {"model": "languages.languagecoverimage", "pk": "ed10b80a-d65b-48fb-93be-3364ea0621cd", "fields": {"created": "2024-09-04T10:43:14.612Z", "modified": "2024-09-04T10:43:14.612Z", "language": "2141a1f7-8335-4aa3-bf5c-831c9e3603b2", "image": "languages/images/Italian/it_K1ZcTPa.jpg"}}, {"model": "languages.languagecoverimage", "pk": "ed23f701-c7d6-4a0b-9b8e-26dbc8165796", "fields": {"created": "2024-09-04T11:04:09.459Z", "modified": "2024-09-04T11:04:09.459Z", "language": "a937d4eb-14f0-41ba-bd5a-9964a0d60962", "image": "languages/images/Russian/ru_LBOEMyk.jpg"}}, {"model": "languages.languagecoverimage", "pk": "edacec57-77cb-4533-99b9-33e8f456a03f", "fields": {"created": "2024-09-04T11:04:08.196Z", "modified": "2024-09-04T11:04:08.196Z", "language": "efbe0d67-9386-4088-969a-43b76a073538", "image": "languages/images/German/de_gbu1GzU.jpg"}}, {"model": "languages.languagecoverimage", "pk": "f1b7cae9-866b-404f-9154-e05736ba1258", "fields": {"created": "2024-09-04T11:04:09.068Z", "modified": "2024-09-04T11:04:09.068Z", "language": "2141a1f7-8335-4aa3-bf5c-831c9e3603b2", "image": "languages/images/Italian/it_U2DAVCC.jpg"}}, {"model": "languages.languagecoverimage", "pk": "f42465d1-f261-4baf-9da1-c5db54b45d40", "fields": {"created": "2024-09-04T11:04:08.921Z", "modified": "2024-09-04T11:04:08.921Z", "language": "a9f236f6-1f3a-4f6f-981b-1aa297b083aa", "image": "languages/images/French/fr_qOIwXT0.jpg"}}, {"model": "languages.languagecoverimage", "pk": "f5cfdc71-8dc9-4907-bb31-aa03e0d232ed", "fields": {"created": "2024-09-04T11:04:09.141Z", "modified": "2024-09-04T11:04:09.141Z", "language": "2141a1f7-8335-4aa3-bf5c-831c9e3603b2", "image": "languages/images/Italian/it_DoBFOtB.jpg"}}, {"model": "languages.languagecoverimage", "pk": "fb699bb6-de0a-4e3e-a741-0ec91d7d0984", "fields": {"created": "2024-09-04T10:43:14.291Z", "modified": "2024-09-04T10:43:14.291Z", "language": "a9f236f6-1f3a-4f6f-981b-1aa297b083aa", "image": "languages/images/French/fr.jpg"}}, {"model": "languages.languagecoverimage", "pk": "fc1339e3-36aa-4f2e-a71e-d3441da4a3e4", "fields": {"created": "2024-09-04T11:04:08.646Z", "modified": "2024-09-04T11:04:08.646Z", "language": "24d307f6-dc07-48bc-afa1-e052a60f47da", "image": "languages/images/Spanish/es_ka4vYv0.jpg"}}, {"model": "languages.languagecoverimage", "pk": "fccc41ec-ea55-4450-8c4e-aedc756c1576", "fields": {"created": "2024-09-04T10:57:36.863Z", "modified": "2024-09-04T10:57:36.863Z", "language": "24d307f6-dc07-48bc-afa1-e052a60f47da", "image": "languages/images/Spanish/es_XTWvDvP.jpg"}}, {"model": "languages.languagecoverimage", "pk": "fe0731c1-08bb-47c9-a453-9bbb94464307", "fields": {"created": "2024-09-04T11:04:08.725Z", "modified": "2024-09-04T11:04:08.725Z", "language": "24d307f6-dc07-48bc-afa1-e052a60f47da", "image": "languages/images/Spanish/es_jFtEEv4.jpg"}}, {"model": "languages.languagecoverimage", "pk": "fe6ee99b-6a56-44f5-9e8b-cf58029b19fa", "fields": {"created": "2024-09-04T10:57:37.005Z", "modified": "2024-09-04T10:57:37.005Z", "language": "a9f236f6-1f3a-4f6f-981b-1aa297b083aa", "image": "languages/images/French/fr_qC7ZoR5.jpg"}}, {"model": "languages.languagecoverimage", "pk": "fe9cca6b-c64d-475d-b03b-fa7a6413d6c2", "fields": {"created": "2024-09-04T10:43:14.401Z", "modified": "2024-09-04T10:43:14.401Z", "language": "a9f236f6-1f3a-4f6f-981b-1aa297b083aa", "image": "languages/images/French/fr_oLMo5pq.jpg"}}, {"model": "languages.languagecoverimage", "pk": "ff2453a7-bd8f-463a-af01-ef303ee1ab27", "fields": {"created": "2024-09-04T10:57:36.929Z", "modified": "2024-09-04T10:57:36.929Z", "language": "24d307f6-dc07-48bc-afa1-e052a60f47da", "image": "languages/images/Spanish/es_QqJkL0N.jpg"}}, {"model": "languages.languagecoverimage", "pk": "ffda49a4-6ffe-4d60-ac45-13ec9b548059", "fields": {"created": "2024-09-04T11:04:08.839Z", "modified": "2024-09-04T11:04:08.839Z", "language": "a9f236f6-1f3a-4f6f-981b-1aa297b083aa", "image": "languages/images/French/fr_YOmhe5A.jpg"}}, {"model": "languages.userlearninglanguage", "pk": "1a054a8d-4aa0-4685-a83c-59fc12b478f9", "fields": {"created": "2024-09-04T13:52:07.564Z", "modified": "2024-09-04T13:52:07.564Z", "slug": "test_user1-english", "language": "9af89664-0c4a-45c8-a2d6-71ea070f4572", "user": "374a944c-4826-422e-ad0b-6a80f5d4de42", "cover": null, "level": ""}}, {"model": "languages.userlearninglanguage", "pk": "60659a79-f65d-4e43-8817-32dbf0a2d6d1", "fields": {"created": "2024-09-04T13:52:07.591Z", "modified": "2024-09-04T13:52:07.591Z", "slug": "test_user1-french", "language": "a9f236f6-1f3a-4f6f-981b-1aa297b083aa", "user": "374a944c-4826-422e-ad0b-6a80f5d4de42", "cover": null, "level": ""}}, {"model": "languages.userlearninglanguage", "pk": "e6f91ead-fd8e-43a5-839f-fc3b804d049d", "fields": {"created": "2024-09-04T13:52:07.747Z", "modified": "2024-09-04T13:52:07.747Z", "slug": "test_user1-spanish", "language": "24d307f6-dc07-48bc-afa1-e052a60f47da", "user": "374a944c-4826-422e-ad0b-6a80f5d4de42", "cover": null, "level": ""}}, {"model": "languages.userlearninglanguage", "pk": "f152602a-7c67-4acb-8bda-8355373d3f5b", "fields": {"created": "2024-09-04T13:57:13.206Z", "modified": "2024-09-04T13:57:13.206Z", "slug": "test_user2-italian", "language": "2141a1f7-8335-4aa3-bf5c-831c9e3603b2", "user": "2d5bd1ba-d459-4349-8fcb-d63e61254a61", "cover": null, "level": ""}}, {"model": "languages.usernativelanguage", "pk": "5230cb58-2103-4e9c-895f-359da23a4713", "fields": {"created": "2024-09-04T13:57:13.241Z", "slug": "test_user2-english", "language": "9af89664-0c4a-45c8-a2d6-71ea070f4572", "user": "2d5bd1ba-d459-4349-8fcb-d63e61254a61"}}, {"model": "languages.usernativelanguage", "pk": "c3491fcd-9d37-43ae-9efe-409b07008798", "fields": {"created": "2024-09-04T12:24:19.002Z", "slug": "test_user1-russian", "language": "a937d4eb-14f0-41ba-bd5a-9964a0d60962", "user": "374a944c-4826-422e-ad0b-6a80f5d4de42"}}, {"model": "languages.usernativelanguage", "pk": "f74cbca8-a381-496d-8f69-c5f8299bfd1d", "fields": {"created": "2024-09-04T13:57:13.216Z", "slug": "test_user2-russian", "language": "a937d4eb-14f0-41ba-bd5a-9964a0d60962", "user": "2d5bd1ba-d459-4349-8fcb-d63e61254a61"}}, {"model": "exercises.exercise", "pk": "a83ce566-3a56-4738-926c-e2d2613a20e0", "fields": {"created": "2024-09-04T10:57:41.394Z", "modified": "2024-09-04T10:57:41.394Z", "slug": "associate", "name": "Associate", "description": "Remember the word by association on time or in free mode, or choose the correct word association.", "constraint_description": "Only words with images.", "icon": "", "available": false, "hints_available": []}}, {"model": "exercises.exercise", "pk": "d4c2f43a-09f6-43b3-b8e7-192d6c6d5da2", "fields": {"created": "2024-09-04T10:57:41.368Z", "modified": "2024-09-04T10:57:41.368Z", "slug": "translator", "name": "Translator", "description": "Translate a word on time or in free mode from your native language to the language you are learning and vice versa.", "constraint_description": "Only words with translations.", "icon": "", "available": true, "hints_available": ["aa8b819e-d03e-4568-bb8d-85dd3b89f81e", "f8469d5c-cb08-4f61-bbfc-305ea7e72c53", "5a253b78-9444-464d-8c8f-5db44da226bf", "712d94c5-e41e-477a-bcb5-7658e695fefd", "5df0453b-dde1-4d3c-82fd-a4ff72592d7c"]}}, {"model": "exercises.hint", "pk": "5a253b78-9444-464d-8c8f-5db44da226bf", "fields": {"created": "2024-09-04T10:57:41.355Z", "name": "Показать количество букв", "description": "Показывает количество букв случайного перевода этого слова", "code": "show_letters_amount"}}, {"model": "exercises.hint", "pk": "5df0453b-dde1-4d3c-82fd-a4ff72592d7c", "fields": {"created": "2024-09-04T10:57:41.348Z", "name": "Показать ассоциацию", "description": "Показывает случайную ассоциацию этого слова", "code": "show_association"}}, {"model": "exercises.hint", "pk": "712d94c5-e41e-477a-bcb5-7658e695fefd", "fields": {"created": "2024-09-04T10:57:41.353Z", "name": "Показать первую букву", "description": "Показывает первую букву случайного перевода этого слова", "code": "show_first_letter"}}, {"model": "exercises.hint", "pk": "aa8b819e-d03e-4568-bb8d-85dd3b89f81e", "fields": {"created": "2024-09-04T10:57:41.361Z", "name": "Убрать вариант", "description": "Показывает один неправильный вариант ответа из предложенных", "code": "remove_incorrect"}}, {"model": "exercises.hint", "pk": "f8469d5c-cb08-4f61-bbfc-305ea7e72c53", "fields": {"created": "2024-09-04T10:57:41.358Z", "name": "Показать синоним", "description": "Показывает случайный синоним этого слова", "code": "show_synonym"}}, {"model": "users.user", "pk": "2d5bd1ba-d459-4349-8fcb-d63e61254a61", "fields": {"password": "pbkdf2_sha256$600000$rBJ8rh0ayKGNdXnmu1aecM$NPyPrJvqTRzXT/IthbD8B2Q3Zramwy8NN0i3GPwfAqY=", "last_login": "2024-09-04T13:56:28.541Z", "is_superuser": false, "username": "test_user2", "first_name": "", "is_staff": false, "is_active": true, "date_joined": "2024-09-04T13:56:17.135Z", "created": "2024-09-04T13:56:17.680Z", "modified": "2024-09-04T14:00:23.284Z", "email": "user2@example.com", "gender": null, "image": "users/profile-images/test_user2/7c50d964-5d1c-4327-b3ef-af64d098ee7c.jpg", "groups": [], "user_permissions": []}}, {"model": "users.user", "pk": "374a944c-4826-422e-ad0b-6a80f5d4de42", "fields": {"password": "pbkdf2_sha256$600000$1MmLyGDOsdLtNAbuLRh0oI$y6XzM9XYSJv09Mc7wC0nt6zXk/RmZXZaSWzx3XeFqmM=", "last_login": "2024-09-04T12:22:13.032Z", "is_superuser": false, "username": "test_user1", "first_name": "", "is_staff": false, "is_active": true, "date_joined": "2024-09-04T12:22:02.931Z", "created": "2024-09-04T12:22:03.514Z", "modified": "2024-09-04T13:16:59.197Z", "email": "user1@example.com", "gender": null, "image": "users/profile-images/test_user1/02b9380b-18e1-4186-86de-b65890d6c035.jpg", "groups": [], "user_permissions": []}}, {"model": "users.user", "pk": "7370f85d-2497-49a1-a47c-95773af7faed", "fields": {"password": "pbkdf2_sha256$600000$ivFMyFQPFafFyeCoXzwvPP$aPORHWtLgbO9Cl7B5ZrcNgDq+86sqezdazx7PWEKo+Q=", "last_login": "2024-09-03T11:19:06.488Z", "is_superuser": false, "username": "test_user111", "first_name": "", "is_staff": false, "is_active": true, "date_joined": "2024-09-03T11:19:05.765Z", "created": "2024-09-03T11:19:06.464Z", "modified": "2024-09-03T11:19:06.464Z", "email": "buzinamvor@gmail.com", "gender": null, "image": "", "groups": [], "user_permissions": []}}, {"model": "users.user", "pk": "76c42644-9014-44a6-a73d-0f379ff30092", "fields": {"password": "pbkdf2_sha256$600000$NdsVTaKxjaP4PM4gz0Ochw$ZJ3VK3tyomis67c7Wvs4EhEAiYOT1a0YRtlsM7I6X98=", "last_login": "2024-09-03T11:15:02.529Z", "is_superuser": false, "username": "test_user999", "first_name": "", "is_staff": false, "is_active": true, "date_joined": "2024-09-03T11:15:01.651Z", "created": "2024-09-03T11:15:02.505Z", "modified": "2024-09-03T11:15:02.505Z", "email": "buzinamvor@gmail.com", "gender": null, "image": "", "groups": [], "user_permissions": []}}, {"model": "users.user", "pk": "eba1b179-86d7-4a55-8a50-0d6423a7f8be", "fields": {"password": "pbkdf2_sha256$600000$IekujDUwXduhAuTA3okJh6$/sotIyYvxEEsGGJ8ZPrp+Il/ybiTXHtSooElUn9yudo=", "last_login": "2024-09-04T10:40:02.273Z", "is_superuser": true, "username": "admin", "first_name": "", "is_staff": true, "is_active": true, "date_joined": "2024-09-04T10:35:20.395Z", "created": "2024-09-04T10:35:20.926Z", "modified": "2024-09-04T10:35:20.926Z", "email": "admin@example.com", "gender": null, "image": "", "groups": [], "user_permissions": []}}, {"model": "users.user", "pk": "ef4e002b-dd3a-4b16-bdd2-7b1db11fc65b", "fields": {"password": "pbkdf2_sha256$600000$32MlwwjIOuaGSX5AAbh7UX$m7y5gll2lgEg1bCA3GS1vsEh4AZmpnqFQWjf6yK6kCM=", "last_login": "2024-09-03T11:57:47.136Z", "is_superuser": false, "username": "test_user222", "first_name": "", "is_staff": false, "is_active": true, "date_joined": "2024-09-03T11:57:46.499Z", "created": "2024-09-03T11:57:47.118Z", "modified": "2024-09-03T11:57:47.118Z", "email": "buzinamvor@gmail.com", "gender": null, "image": "", "groups": [], "user_permissions": []}}]