[{"model": "auth.permission", "pk": 1, "fields": {"name": "Can add log entry", "content_type": 1, "codename": "add_logentry"}}, {"model": "auth.permission", "pk": 2, "fields": {"name": "Can change log entry", "content_type": 1, "codename": "change_logentry"}}, {"model": "auth.permission", "pk": 3, "fields": {"name": "Can delete log entry", "content_type": 1, "codename": "delete_logentry"}}, {"model": "auth.permission", "pk": 4, "fields": {"name": "Can view log entry", "content_type": 1, "codename": "view_logentry"}}, {"model": "auth.permission", "pk": 5, "fields": {"name": "Can add permission", "content_type": 2, "codename": "add_permission"}}, {"model": "auth.permission", "pk": 6, "fields": {"name": "Can change permission", "content_type": 2, "codename": "change_permission"}}, {"model": "auth.permission", "pk": 7, "fields": {"name": "Can delete permission", "content_type": 2, "codename": "delete_permission"}}, {"model": "auth.permission", "pk": 8, "fields": {"name": "Can view permission", "content_type": 2, "codename": "view_permission"}}, {"model": "auth.permission", "pk": 9, "fields": {"name": "Can add group", "content_type": 3, "codename": "add_group"}}, {"model": "auth.permission", "pk": 10, "fields": {"name": "Can change group", "content_type": 3, "codename": "change_group"}}, {"model": "auth.permission", "pk": 11, "fields": {"name": "Can delete group", "content_type": 3, "codename": "delete_group"}}, {"model": "auth.permission", "pk": 12, "fields": {"name": "Can view group", "content_type": 3, "codename": "view_group"}}, {"model": "auth.permission", "pk": 13, "fields": {"name": "Can add content type", "content_type": 4, "codename": "add_contenttype"}}, {"model": "auth.permission", "pk": 14, "fields": {"name": "Can change content type", "content_type": 4, "codename": "change_contenttype"}}, {"model": "auth.permission", "pk": 15, "fields": {"name": "Can delete content type", "content_type": 4, "codename": "delete_contenttype"}}, {"model": "auth.permission", "pk": 16, "fields": {"name": "Can view content type", "content_type": 4, "codename": "view_contenttype"}}, {"model": "auth.permission", "pk": 17, "fields": {"name": "Can add session", "content_type": 5, "codename": "add_session"}}, {"model": "auth.permission", "pk": 18, "fields": {"name": "Can change session", "content_type": 5, "codename": "change_session"}}, {"model": "auth.permission", "pk": 19, "fields": {"name": "Can delete session", "content_type": 5, "codename": "delete_session"}}, {"model": "auth.permission", "pk": 20, "fields": {"name": "Can view session", "content_type": 5, "codename": "view_session"}}, {"model": "auth.permission", "pk": 21, "fields": {"name": "Can add site", "content_type": 6, "codename": "add_site"}}, {"model": "auth.permission", "pk": 22, "fields": {"name": "Can change site", "content_type": 6, "codename": "change_site"}}, {"model": "auth.permission", "pk": 23, "fields": {"name": "Can delete site", "content_type": 6, "codename": "delete_site"}}, {"model": "auth.permission", "pk": 24, "fields": {"name": "Can view site", "content_type": 6, "codename": "view_site"}}, {"model": "auth.permission", "pk": 25, "fields": {"name": "Can add Token", "content_type": 7, "codename": "add_token"}}, {"model": "auth.permission", "pk": 26, "fields": {"name": "Can change Token", "content_type": 7, "codename": "change_token"}}, {"model": "auth.permission", "pk": 27, "fields": {"name": "Can delete Token", "content_type": 7, "codename": "delete_token"}}, {"model": "auth.permission", "pk": 28, "fields": {"name": "Can view Token", "content_type": 7, "codename": "view_token"}}, {"model": "auth.permission", "pk": 29, "fields": {"name": "Can add Token", "content_type": 8, "codename": "add_tokenproxy"}}, {"model": "auth.permission", "pk": 30, "fields": {"name": "Can change Token", "content_type": 8, "codename": "change_tokenproxy"}}, {"model": "auth.permission", "pk": 31, "fields": {"name": "Can delete Token", "content_type": 8, "codename": "delete_tokenproxy"}}, {"model": "auth.permission", "pk": 32, "fields": {"name": "Can view Token", "content_type": 8, "codename": "view_tokenproxy"}}, {"model": "auth.permission", "pk": 33, "fields": {"name": "Can add email address", "content_type": 9, "codename": "add_emailaddress"}}, {"model": "auth.permission", "pk": 34, "fields": {"name": "Can change email address", "content_type": 9, "codename": "change_emailaddress"}}, {"model": "auth.permission", "pk": 35, "fields": {"name": "Can delete email address", "content_type": 9, "codename": "delete_emailaddress"}}, {"model": "auth.permission", "pk": 36, "fields": {"name": "Can view email address", "content_type": 9, "codename": "view_emailaddress"}}, {"model": "auth.permission", "pk": 37, "fields": {"name": "Can add email confirmation", "content_type": 10, "codename": "add_emailconfirmation"}}, {"model": "auth.permission", "pk": 38, "fields": {"name": "Can change email confirmation", "content_type": 10, "codename": "change_emailconfirmation"}}, {"model": "auth.permission", "pk": 39, "fields": {"name": "Can delete email confirmation", "content_type": 10, "codename": "delete_emailconfirmation"}}, {"model": "auth.permission", "pk": 40, "fields": {"name": "Can view email confirmation", "content_type": 10, "codename": "view_emailconfirmation"}}, {"model": "auth.permission", "pk": 41, "fields": {"name": "Can add social account", "content_type": 11, "codename": "add_socialaccount"}}, {"model": "auth.permission", "pk": 42, "fields": {"name": "Can change social account", "content_type": 11, "codename": "change_socialaccount"}}, {"model": "auth.permission", "pk": 43, "fields": {"name": "Can delete social account", "content_type": 11, "codename": "delete_socialaccount"}}, {"model": "auth.permission", "pk": 44, "fields": {"name": "Can view social account", "content_type": 11, "codename": "view_socialaccount"}}, {"model": "auth.permission", "pk": 45, "fields": {"name": "Can add social application", "content_type": 12, "codename": "add_socialapp"}}, {"model": "auth.permission", "pk": 46, "fields": {"name": "Can change social application", "content_type": 12, "codename": "change_socialapp"}}, {"model": "auth.permission", "pk": 47, "fields": {"name": "Can delete social application", "content_type": 12, "codename": "delete_socialapp"}}, {"model": "auth.permission", "pk": 48, "fields": {"name": "Can view social application", "content_type": 12, "codename": "view_socialapp"}}, {"model": "auth.permission", "pk": 49, "fields": {"name": "Can add social application token", "content_type": 13, "codename": "add_socialtoken"}}, {"model": "auth.permission", "pk": 50, "fields": {"name": "Can change social application token", "content_type": 13, "codename": "change_socialtoken"}}, {"model": "auth.permission", "pk": 51, "fields": {"name": "Can delete social application token", "content_type": 13, "codename": "delete_socialtoken"}}, {"model": "auth.permission", "pk": 52, "fields": {"name": "Can view social application token", "content_type": 13, "codename": "view_socialtoken"}}, {"model": "auth.permission", "pk": 53, "fields": {"name": "Can add Антоним", "content_type": 14, "codename": "add_antonym"}}, {"model": "auth.permission", "pk": 54, "fields": {"name": "Can change Антоним", "content_type": 14, "codename": "change_antonym"}}, {"model": "auth.permission", "pk": 55, "fields": {"name": "Can delete Антоним", "content_type": 14, "codename": "delete_antonym"}}, {"model": "auth.permission", "pk": 56, "fields": {"name": "Can view Антоним", "content_type": 14, "codename": "view_antonym"}}, {"model": "auth.permission", "pk": 57, "fields": {"name": "Can add Коллекция", "content_type": 15, "codename": "add_collection"}}, {"model": "auth.permission", "pk": 58, "fields": {"name": "Can change Коллекция", "content_type": 15, "codename": "change_collection"}}, {"model": "auth.permission", "pk": 59, "fields": {"name": "Can delete Коллекция", "content_type": 15, "codename": "delete_collection"}}, {"model": "auth.permission", "pk": 60, "fields": {"name": "Can view Коллекция", "content_type": 15, "codename": "view_collection"}}, {"model": "auth.permission", "pk": 61, "fields": {"name": "Can add Определение", "content_type": 16, "codename": "add_definition"}}, {"model": "auth.permission", "pk": 62, "fields": {"name": "Can change Определение", "content_type": 16, "codename": "change_definition"}}, {"model": "auth.permission", "pk": 63, "fields": {"name": "Can delete Определение", "content_type": 16, "codename": "delete_definition"}}, {"model": "auth.permission", "pk": 64, "fields": {"name": "Can view Определение", "content_type": 16, "codename": "view_definition"}}, {"model": "auth.permission", "pk": 65, "fields": {"name": "Can add Форма", "content_type": 17, "codename": "add_form"}}, {"model": "auth.permission", "pk": 66, "fields": {"name": "Can change Форма", "content_type": 17, "codename": "change_form"}}, {"model": "auth.permission", "pk": 67, "fields": {"name": "Can delete Форма", "content_type": 17, "codename": "delete_form"}}, {"model": "auth.permission", "pk": 68, "fields": {"name": "Can view Форма", "content_type": 17, "codename": "view_form"}}, {"model": "auth.permission", "pk": 69, "fields": {"name": "Can add Группа форм", "content_type": 18, "codename": "add_formsgroup"}}, {"model": "auth.permission", "pk": 70, "fields": {"name": "Can change Группа форм", "content_type": 18, "codename": "change_formsgroup"}}, {"model": "auth.permission", "pk": 71, "fields": {"name": "Can delete Группа форм", "content_type": 18, "codename": "delete_formsgroup"}}, {"model": "auth.permission", "pk": 72, "fields": {"name": "Can view Группа форм", "content_type": 18, "codename": "view_formsgroup"}}, {"model": "auth.permission", "pk": 73, "fields": {"name": "Can add Картинка-ассоциация", "content_type": 19, "codename": "add_imageassociation"}}, {"model": "auth.permission", "pk": 74, "fields": {"name": "Can change Картинка-ассоциация", "content_type": 19, "codename": "change_imageassociation"}}, {"model": "auth.permission", "pk": 75, "fields": {"name": "Can delete Картинка-ассоциация", "content_type": 19, "codename": "delete_imageassociation"}}, {"model": "auth.permission", "pk": 76, "fields": {"name": "Can view Картинка-ассоциация", "content_type": 19, "codename": "view_imageassociation"}}, {"model": "auth.permission", "pk": 77, "fields": {"name": "Can add Цитата-ассоциация", "content_type": 20, "codename": "add_quoteassociation"}}, {"model": "auth.permission", "pk": 78, "fields": {"name": "Can change Цитата-ассоциация", "content_type": 20, "codename": "change_quoteassociation"}}, {"model": "auth.permission", "pk": 79, "fields": {"name": "Can delete Цитата-ассоциация", "content_type": 20, "codename": "delete_quoteassociation"}}, {"model": "auth.permission", "pk": 80, "fields": {"name": "Can view Цитата-ассоциация", "content_type": 20, "codename": "view_quoteassociation"}}, {"model": "auth.permission", "pk": 81, "fields": {"name": "Can add Похожее слово", "content_type": 21, "codename": "add_similar"}}, {"model": "auth.permission", "pk": 82, "fields": {"name": "Can change Похожее слово", "content_type": 21, "codename": "change_similar"}}, {"model": "auth.permission", "pk": 83, "fields": {"name": "Can delete Похожее слово", "content_type": 21, "codename": "delete_similar"}}, {"model": "auth.permission", "pk": 84, "fields": {"name": "Can view Похожее слово", "content_type": 21, "codename": "view_similar"}}, {"model": "auth.permission", "pk": 85, "fields": {"name": "Can add Синонимы", "content_type": 22, "codename": "add_synonym"}}, {"model": "auth.permission", "pk": 86, "fields": {"name": "Can change Синонимы", "content_type": 22, "codename": "change_synonym"}}, {"model": "auth.permission", "pk": 87, "fields": {"name": "Can delete Синонимы", "content_type": 22, "codename": "delete_synonym"}}, {"model": "auth.permission", "pk": 88, "fields": {"name": "Can view Синонимы", "content_type": 22, "codename": "view_synonym"}}, {"model": "auth.permission", "pk": 89, "fields": {"name": "Can add Тег", "content_type": 23, "codename": "add_tag"}}, {"model": "auth.permission", "pk": 90, "fields": {"name": "Can change Тег", "content_type": 23, "codename": "change_tag"}}, {"model": "auth.permission", "pk": 91, "fields": {"name": "Can delete Тег", "content_type": 23, "codename": "delete_tag"}}, {"model": "auth.permission", "pk": 92, "fields": {"name": "Can view Тег", "content_type": 23, "codename": "view_tag"}}, {"model": "auth.permission", "pk": 93, "fields": {"name": "Can add Тип", "content_type": 24, "codename": "add_type"}}, {"model": "auth.permission", "pk": 94, "fields": {"name": "Can change Тип", "content_type": 24, "codename": "change_type"}}, {"model": "auth.permission", "pk": 95, "fields": {"name": "Can delete Тип", "content_type": 24, "codename": "delete_type"}}, {"model": "auth.permission", "pk": 96, "fields": {"name": "Can view Тип", "content_type": 24, "codename": "view_type"}}, {"model": "auth.permission", "pk": 97, "fields": {"name": "Can add Пример использования", "content_type": 25, "codename": "add_usageexample"}}, {"model": "auth.permission", "pk": 98, "fields": {"name": "Can change Пример использования", "content_type": 25, "codename": "change_usageexample"}}, {"model": "auth.permission", "pk": 99, "fields": {"name": "Can delete Пример использования", "content_type": 25, "codename": "delete_usageexample"}}, {"model": "auth.permission", "pk": 100, "fields": {"name": "Can view Пример использования", "content_type": 25, "codename": "view_usageexample"}}, {"model": "auth.permission", "pk": 101, "fields": {"name": "Can add Слово или фраза", "content_type": 26, "codename": "add_word"}}, {"model": "auth.permission", "pk": 102, "fields": {"name": "Can change Слово или фраза", "content_type": 26, "codename": "change_word"}}, {"model": "auth.permission", "pk": 103, "fields": {"name": "Can delete Слово или фраза", "content_type": 26, "codename": "delete_word"}}, {"model": "auth.permission", "pk": 104, "fields": {"name": "Can view Слово или фраза", "content_type": 26, "codename": "view_word"}}, {"model": "auth.permission", "pk": 105, "fields": {"name": "Can add Перевод", "content_type": 27, "codename": "add_wordtranslation"}}, {"model": "auth.permission", "pk": 106, "fields": {"name": "Can change Перевод", "content_type": 27, "codename": "change_wordtranslation"}}, {"model": "auth.permission", "pk": 107, "fields": {"name": "Can delete Перевод", "content_type": 27, "codename": "delete_wordtranslation"}}, {"model": "auth.permission", "pk": 108, "fields": {"name": "Can view Перевод", "content_type": 27, "codename": "view_wordtranslation"}}, {"model": "auth.permission", "pk": 109, "fields": {"name": "Can add Пример использования слова (промежуточная модель)", "content_type": 28, "codename": "add_wordusageexamples"}}, {"model": "auth.permission", "pk": 110, "fields": {"name": "Can change Пример использования слова (промежуточная модель)", "content_type": 28, "codename": "change_wordusageexamples"}}, {"model": "auth.permission", "pk": 111, "fields": {"name": "Can delete Пример использования слова (промежуточная модель)", "content_type": 28, "codename": "delete_wordusageexamples"}}, {"model": "auth.permission", "pk": 112, "fields": {"name": "Can view Пример использования слова (промежуточная модель)", "content_type": 28, "codename": "view_wordusageexamples"}}, {"model": "auth.permission", "pk": 113, "fields": {"name": "Can add Перевод слова (промежуточная модель)", "content_type": 29, "codename": "add_wordtranslations"}}, {"model": "auth.permission", "pk": 114, "fields": {"name": "Can change Перевод слова (промежуточная модель)", "content_type": 29, "codename": "change_wordtranslations"}}, {"model": "auth.permission", "pk": 115, "fields": {"name": "Can delete Перевод слова (промежуточная модель)", "content_type": 29, "codename": "delete_wordtranslations"}}, {"model": "auth.permission", "pk": 116, "fields": {"name": "Can view Перевод слова (промежуточная модель)", "content_type": 29, "codename": "view_wordtranslations"}}, {"model": "auth.permission", "pk": 117, "fields": {"name": "Can add Слово, добавленное в коллекцию (промежуточная модель)", "content_type": 30, "codename": "add_wordsincollections"}}, {"model": "auth.permission", "pk": 118, "fields": {"name": "Can change Слово, добавленное в коллекцию (промежуточная модель)", "content_type": 30, "codename": "change_wordsincollections"}}, {"model": "auth.permission", "pk": 119, "fields": {"name": "Can delete Слово, добавленное в коллекцию (промежуточная модель)", "content_type": 30, "codename": "delete_wordsincollections"}}, {"model": "auth.permission", "pk": 120, "fields": {"name": "Can view Слово, добавленное в коллекцию (промежуточная модель)", "content_type": 30, "codename": "view_wordsincollections"}}, {"model": "auth.permission", "pk": 121, "fields": {"name": "Can add Группа форм слова (промежуточная модель)", "content_type": 31, "codename": "add_wordsformgroups"}}, {"model": "auth.permission", "pk": 122, "fields": {"name": "Can change Группа форм слова (промежуточная модель)", "content_type": 31, "codename": "change_wordsformgroups"}}, {"model": "auth.permission", "pk": 123, "fields": {"name": "Can delete Группа форм слова (промежуточная модель)", "content_type": 31, "codename": "delete_wordsformgroups"}}, {"model": "auth.permission", "pk": 124, "fields": {"name": "Can view Группа форм слова (промежуточная модель)", "content_type": 31, "codename": "view_wordsformgroups"}}, {"model": "auth.permission", "pk": 125, "fields": {"name": "Can add Цитата-ассоциация слова (промежуточная модель)", "content_type": 32, "codename": "add_wordquoteassociations"}}, {"model": "auth.permission", "pk": 126, "fields": {"name": "Can change Цитата-ассоциация слова (промежуточная модель)", "content_type": 32, "codename": "change_wordquoteassociations"}}, {"model": "auth.permission", "pk": 127, "fields": {"name": "Can delete Цитата-ассоциация слова (промежуточная модель)", "content_type": 32, "codename": "delete_wordquoteassociations"}}, {"model": "auth.permission", "pk": 128, "fields": {"name": "Can view Цитата-ассоциация слова (промежуточная модель)", "content_type": 32, "codename": "view_wordquoteassociations"}}, {"model": "auth.permission", "pk": 129, "fields": {"name": "Can add Картинка-ассоциация слова (промежуточная модель)", "content_type": 33, "codename": "add_wordimageassociations"}}, {"model": "auth.permission", "pk": 130, "fields": {"name": "Can change Картинка-ассоциация слова (промежуточная модель)", "content_type": 33, "codename": "change_wordimageassociations"}}, {"model": "auth.permission", "pk": 131, "fields": {"name": "Can delete Картинка-ассоциация слова (промежуточная модель)", "content_type": 33, "codename": "delete_wordimageassociations"}}, {"model": "auth.permission", "pk": 132, "fields": {"name": "Can view Картинка-ассоциация слова (промежуточная модель)", "content_type": 33, "codename": "view_wordimageassociations"}}, {"model": "auth.permission", "pk": 133, "fields": {"name": "Can add Определение слова (промежуточная модель)", "content_type": 34, "codename": "add_worddefinitions"}}, {"model": "auth.permission", "pk": 134, "fields": {"name": "Can change Определение слова (промежуточная модель)", "content_type": 34, "codename": "change_worddefinitions"}}, {"model": "auth.permission", "pk": 135, "fields": {"name": "Can delete Определение слова (промежуточная модель)", "content_type": 34, "codename": "delete_worddefinitions"}}, {"model": "auth.permission", "pk": 136, "fields": {"name": "Can view Определение слова (промежуточная модель)", "content_type": 34, "codename": "view_worddefinitions"}}, {"model": "auth.permission", "pk": 137, "fields": {"name": "Can add Заметка", "content_type": 35, "codename": "add_note"}}, {"model": "auth.permission", "pk": 138, "fields": {"name": "Can change Заметка", "content_type": 35, "codename": "change_note"}}, {"model": "auth.permission", "pk": 139, "fields": {"name": "Can delete Заметка", "content_type": 35, "codename": "delete_note"}}, {"model": "auth.permission", "pk": 140, "fields": {"name": "Can view Заметка", "content_type": 35, "codename": "view_note"}}, {"model": "auth.permission", "pk": 141, "fields": {"name": "Can add Избранное слова", "content_type": 36, "codename": "add_favoriteword"}}, {"model": "auth.permission", "pk": 142, "fields": {"name": "Can change Избранное слова", "content_type": 36, "codename": "change_favoriteword"}}, {"model": "auth.permission", "pk": 143, "fields": {"name": "Can delete Избранное слова", "content_type": 36, "codename": "delete_favoriteword"}}, {"model": "auth.permission", "pk": 144, "fields": {"name": "Can view Избранное слова", "content_type": 36, "codename": "view_favoriteword"}}, {"model": "auth.permission", "pk": 145, "fields": {"name": "Can add Избранная коллекция", "content_type": 37, "codename": "add_favoritecollection"}}, {"model": "auth.permission", "pk": 146, "fields": {"name": "Can change Избранная коллекция", "content_type": 37, "codename": "change_favoritecollection"}}, {"model": "auth.permission", "pk": 147, "fields": {"name": "Can delete Избранная коллекция", "content_type": 37, "codename": "delete_favoritecollection"}}, {"model": "auth.permission", "pk": 148, "fields": {"name": "Can view Избранная коллекция", "content_type": 37, "codename": "view_favoritecollection"}}, {"model": "auth.permission", "pk": 149, "fields": {"name": "Can add User default word cards type setting", "content_type": 38, "codename": "add_defaultwordcards"}}, {"model": "auth.permission", "pk": 150, "fields": {"name": "Can change User default word cards type setting", "content_type": 38, "codename": "change_defaultwordcards"}}, {"model": "auth.permission", "pk": 151, "fields": {"name": "Can delete User default word cards type setting", "content_type": 38, "codename": "delete_defaultwordcards"}}, {"model": "auth.permission", "pk": 152, "fields": {"name": "Can view User default word cards type setting", "content_type": 38, "codename": "view_defaultwordcards"}}, {"model": "auth.permission", "pk": 153, "fields": {"name": "Can add Язык", "content_type": 39, "codename": "add_language"}}, {"model": "auth.permission", "pk": 154, "fields": {"name": "Can change Язык", "content_type": 39, "codename": "change_language"}}, {"model": "auth.permission", "pk": 155, "fields": {"name": "Can delete Язык", "content_type": 39, "codename": "delete_language"}}, {"model": "auth.permission", "pk": 156, "fields": {"name": "Can view Язык", "content_type": 39, "codename": "view_language"}}, {"model": "auth.permission", "pk": 157, "fields": {"name": "Can add Картинка языка", "content_type": 40, "codename": "add_languagecoverimage"}}, {"model": "auth.permission", "pk": 158, "fields": {"name": "Can change Картинка языка", "content_type": 40, "codename": "change_languagecoverimage"}}, {"model": "auth.permission", "pk": 159, "fields": {"name": "Can delete Картинка языка", "content_type": 40, "codename": "delete_languagecoverimage"}}, {"model": "auth.permission", "pk": 160, "fields": {"name": "Can view Картинка языка", "content_type": 40, "codename": "view_languagecoverimage"}}, {"model": "auth.permission", "pk": 161, "fields": {"name": "Can add Родной язык", "content_type": 41, "codename": "add_usernativelanguage"}}, {"model": "auth.permission", "pk": 162, "fields": {"name": "Can change Родной язык", "content_type": 41, "codename": "change_usernativelanguage"}}, {"model": "auth.permission", "pk": 163, "fields": {"name": "Can delete Родной язык", "content_type": 41, "codename": "delete_usernativelanguage"}}, {"model": "auth.permission", "pk": 164, "fields": {"name": "Can view Родной язык", "content_type": 41, "codename": "view_usernativelanguage"}}, {"model": "auth.permission", "pk": 165, "fields": {"name": "Can add Изучаемый язык", "content_type": 42, "codename": "add_userlearninglanguage"}}, {"model": "auth.permission", "pk": 166, "fields": {"name": "Can change Изучаемый язык", "content_type": 42, "codename": "change_userlearninglanguage"}}, {"model": "auth.permission", "pk": 167, "fields": {"name": "Can delete Изучаемый язык", "content_type": 42, "codename": "delete_userlearninglanguage"}}, {"model": "auth.permission", "pk": 168, "fields": {"name": "Can view Изучаемый язык", "content_type": 42, "codename": "view_userlearninglanguage"}}, {"model": "auth.permission", "pk": 169, "fields": {"name": "Can add Упражнение", "content_type": 43, "codename": "add_exercise"}}, {"model": "auth.permission", "pk": 170, "fields": {"name": "Can change Упражнение", "content_type": 43, "codename": "change_exercise"}}, {"model": "auth.permission", "pk": 171, "fields": {"name": "Can delete Упражнение", "content_type": 43, "codename": "delete_exercise"}}, {"model": "auth.permission", "pk": 172, "fields": {"name": "Can view Упражнение", "content_type": 43, "codename": "view_exercise"}}, {"model": "auth.permission", "pk": 173, "fields": {"name": "Can add Подсказка", "content_type": 44, "codename": "add_hint"}}, {"model": "auth.permission", "pk": 174, "fields": {"name": "Can change Подсказка", "content_type": 44, "codename": "change_hint"}}, {"model": "auth.permission", "pk": 175, "fields": {"name": "Can delete Подсказка", "content_type": 44, "codename": "delete_hint"}}, {"model": "auth.permission", "pk": 176, "fields": {"name": "Can view Подсказка", "content_type": 44, "codename": "view_hint"}}, {"model": "auth.permission", "pk": 177, "fields": {"name": "Can add Прохождение упражнения пользователем", "content_type": 45, "codename": "add_usersexerciseshistory"}}, {"model": "auth.permission", "pk": 178, "fields": {"name": "Can change Прохождение упражнения пользователем", "content_type": 45, "codename": "change_usersexerciseshistory"}}, {"model": "auth.permission", "pk": 179, "fields": {"name": "Can delete Прохождение упражнения пользователем", "content_type": 45, "codename": "delete_usersexerciseshistory"}}, {"model": "auth.permission", "pk": 180, "fields": {"name": "Can view Прохождение упражнения пользователем", "content_type": 45, "codename": "view_usersexerciseshistory"}}, {"model": "auth.permission", "pk": 181, "fields": {"name": "Can add История изменения статуса активности слова", "content_type": 46, "codename": "add_wordsupdatehistory"}}, {"model": "auth.permission", "pk": 182, "fields": {"name": "Can change История изменения статуса активности слова", "content_type": 46, "codename": "change_wordsupdatehistory"}}, {"model": "auth.permission", "pk": 183, "fields": {"name": "Can delete История изменения статуса активности слова", "content_type": 46, "codename": "delete_wordsupdatehistory"}}, {"model": "auth.permission", "pk": 184, "fields": {"name": "Can view История изменения статуса активности слова", "content_type": 46, "codename": "view_wordsupdatehistory"}}, {"model": "auth.permission", "pk": 185, "fields": {"name": "Can add Набор слов", "content_type": 47, "codename": "add_wordset"}}, {"model": "auth.permission", "pk": 186, "fields": {"name": "Can change Набор слов", "content_type": 47, "codename": "change_wordset"}}, {"model": "auth.permission", "pk": 187, "fields": {"name": "Can delete Набор слов", "content_type": 47, "codename": "delete_wordset"}}, {"model": "auth.permission", "pk": 188, "fields": {"name": "Can view Набор слов", "content_type": 47, "codename": "view_wordset"}}, {"model": "auth.permission", "pk": 189, "fields": {"name": "Can add Настройки пользователя по умолчанию для упражнения Переводчик", "content_type": 48, "codename": "add_translatoruserdefaultsettings"}}, {"model": "auth.permission", "pk": 190, "fields": {"name": "Can change Настройки пользователя по умолчанию для упражнения Переводчик", "content_type": 48, "codename": "change_translatoruserdefaultsettings"}}, {"model": "auth.permission", "pk": 191, "fields": {"name": "Can delete Настройки пользователя по умолчанию для упражнения Переводчик", "content_type": 48, "codename": "delete_translatoruserdefaultsettings"}}, {"model": "auth.permission", "pk": 192, "fields": {"name": "Can view Настройки пользователя по умолчанию для упражнения Переводчик", "content_type": 48, "codename": "view_translatoruserdefaultsettings"}}, {"model": "auth.permission", "pk": 193, "fields": {"name": "Can add Избранное упражнение", "content_type": 49, "codename": "add_favoriteexercise"}}, {"model": "auth.permission", "pk": 194, "fields": {"name": "Can change Избранное упражнение", "content_type": 49, "codename": "change_favoriteexercise"}}, {"model": "auth.permission", "pk": 195, "fields": {"name": "Can delete Избранное упражнение", "content_type": 49, "codename": "delete_favoriteexercise"}}, {"model": "auth.permission", "pk": 196, "fields": {"name": "Can view Избранное упражнение", "content_type": 49, "codename": "view_favoriteexercise"}}, {"model": "auth.permission", "pk": 197, "fields": {"name": "Can add Пошаговая история прохождения упражнения", "content_type": 50, "codename": "add_exercisehistorydetails"}}, {"model": "auth.permission", "pk": 198, "fields": {"name": "Can change Пошаговая история прохождения упражнения", "content_type": 50, "codename": "change_exercisehistorydetails"}}, {"model": "auth.permission", "pk": 199, "fields": {"name": "Can delete Пошаговая история прохождения упражнения", "content_type": 50, "codename": "delete_exercisehistorydetails"}}, {"model": "auth.permission", "pk": 200, "fields": {"name": "Can view Пошаговая история прохождения упражнения", "content_type": 50, "codename": "view_exercisehistorydetails"}}, {"model": "auth.permission", "pk": 201, "fields": {"name": "Can add Пользователь", "content_type": 51, "codename": "add_user"}}, {"model": "auth.permission", "pk": 202, "fields": {"name": "Can change Пользователь", "content_type": 51, "codename": "change_user"}}, {"model": "auth.permission", "pk": 203, "fields": {"name": "Can delete Пользователь", "content_type": 51, "codename": "delete_user"}}, {"model": "auth.permission", "pk": 204, "fields": {"name": "Can view Пользователь", "content_type": 51, "codename": "view_user"}}, {"model": "auth.permission", "pk": 205, "fields": {"name": "Can add Группа форм", "content_type": 18, "codename": "add_formgroup"}}, {"model": "auth.permission", "pk": 206, "fields": {"name": "Can change Группа форм", "content_type": 18, "codename": "change_formgroup"}}, {"model": "auth.permission", "pk": 207, "fields": {"name": "Can delete Группа форм", "content_type": 18, "codename": "delete_formgroup"}}, {"model": "auth.permission", "pk": 208, "fields": {"name": "Can view Группа форм", "content_type": 18, "codename": "view_formgroup"}}, {"model": "contenttypes.contenttype", "pk": 1, "fields": {"app_label": "admin", "model": "logentry"}}, {"model": "contenttypes.contenttype", "pk": 2, "fields": {"app_label": "auth", "model": "permission"}}, {"model": "contenttypes.contenttype", "pk": 3, "fields": {"app_label": "auth", "model": "group"}}, {"model": "contenttypes.contenttype", "pk": 4, "fields": {"app_label": "contenttypes", "model": "contenttype"}}, {"model": "contenttypes.contenttype", "pk": 5, "fields": {"app_label": "sessions", "model": "session"}}, {"model": "contenttypes.contenttype", "pk": 6, "fields": {"app_label": "sites", "model": "site"}}, {"model": "contenttypes.contenttype", "pk": 7, "fields": {"app_label": "authtoken", "model": "token"}}, {"model": "contenttypes.contenttype", "pk": 8, "fields": {"app_label": "authtoken", "model": "tokenproxy"}}, {"model": "contenttypes.contenttype", "pk": 9, "fields": {"app_label": "account", "model": "emailaddress"}}, {"model": "contenttypes.contenttype", "pk": 10, "fields": {"app_label": "account", "model": "emailconfirmation"}}, {"model": "contenttypes.contenttype", "pk": 11, "fields": {"app_label": "socialaccount", "model": "socialaccount"}}, {"model": "contenttypes.contenttype", "pk": 12, "fields": {"app_label": "socialaccount", "model": "socialapp"}}, {"model": "contenttypes.contenttype", "pk": 13, "fields": {"app_label": "socialaccount", "model": "socialtoken"}}, {"model": "contenttypes.contenttype", "pk": 14, "fields": {"app_label": "vocabulary", "model": "antonym"}}, {"model": "contenttypes.contenttype", "pk": 15, "fields": {"app_label": "vocabulary", "model": "collection"}}, {"model": "contenttypes.contenttype", "pk": 16, "fields": {"app_label": "vocabulary", "model": "definition"}}, {"model": "contenttypes.contenttype", "pk": 17, "fields": {"app_label": "vocabulary", "model": "form"}}, {"model": "contenttypes.contenttype", "pk": 18, "fields": {"app_label": "vocabulary", "model": "formgroup"}}, {"model": "contenttypes.contenttype", "pk": 19, "fields": {"app_label": "vocabulary", "model": "imageassociation"}}, {"model": "contenttypes.contenttype", "pk": 20, "fields": {"app_label": "vocabulary", "model": "quoteassociation"}}, {"model": "contenttypes.contenttype", "pk": 21, "fields": {"app_label": "vocabulary", "model": "similar"}}, {"model": "contenttypes.contenttype", "pk": 22, "fields": {"app_label": "vocabulary", "model": "synonym"}}, {"model": "contenttypes.contenttype", "pk": 23, "fields": {"app_label": "vocabulary", "model": "tag"}}, {"model": "contenttypes.contenttype", "pk": 24, "fields": {"app_label": "vocabulary", "model": "type"}}, {"model": "contenttypes.contenttype", "pk": 25, "fields": {"app_label": "vocabulary", "model": "usageexample"}}, {"model": "contenttypes.contenttype", "pk": 26, "fields": {"app_label": "vocabulary", "model": "word"}}, {"model": "contenttypes.contenttype", "pk": 27, "fields": {"app_label": "vocabulary", "model": "wordtranslation"}}, {"model": "contenttypes.contenttype", "pk": 28, "fields": {"app_label": "vocabulary", "model": "wordusageexamples"}}, {"model": "contenttypes.contenttype", "pk": 29, "fields": {"app_label": "vocabulary", "model": "wordtranslations"}}, {"model": "contenttypes.contenttype", "pk": 30, "fields": {"app_label": "vocabulary", "model": "wordsincollections"}}, {"model": "contenttypes.contenttype", "pk": 31, "fields": {"app_label": "vocabulary", "model": "wordsformgroups"}}, {"model": "contenttypes.contenttype", "pk": 32, "fields": {"app_label": "vocabulary", "model": "wordquoteassociations"}}, {"model": "contenttypes.contenttype", "pk": 33, "fields": {"app_label": "vocabulary", "model": "wordimageassociations"}}, {"model": "contenttypes.contenttype", "pk": 34, "fields": {"app_label": "vocabulary", "model": "worddefinitions"}}, {"model": "contenttypes.contenttype", "pk": 35, "fields": {"app_label": "vocabulary", "model": "note"}}, {"model": "contenttypes.contenttype", "pk": 36, "fields": {"app_label": "vocabulary", "model": "favoriteword"}}, {"model": "contenttypes.contenttype", "pk": 37, "fields": {"app_label": "vocabulary", "model": "favoritecollection"}}, {"model": "contenttypes.contenttype", "pk": 38, "fields": {"app_label": "vocabulary", "model": "defaultwordcards"}}, {"model": "contenttypes.contenttype", "pk": 39, "fields": {"app_label": "languages", "model": "language"}}, {"model": "contenttypes.contenttype", "pk": 40, "fields": {"app_label": "languages", "model": "languagecoverimage"}}, {"model": "contenttypes.contenttype", "pk": 41, "fields": {"app_label": "languages", "model": "usernativelanguage"}}, {"model": "contenttypes.contenttype", "pk": 42, "fields": {"app_label": "languages", "model": "userlearninglanguage"}}, {"model": "contenttypes.contenttype", "pk": 43, "fields": {"app_label": "exercises", "model": "exercise"}}, {"model": "contenttypes.contenttype", "pk": 44, "fields": {"app_label": "exercises", "model": "hint"}}, {"model": "contenttypes.contenttype", "pk": 45, "fields": {"app_label": "exercises", "model": "usersexerciseshistory"}}, {"model": "contenttypes.contenttype", "pk": 46, "fields": {"app_label": "exercises", "model": "wordsupdatehistory"}}, {"model": "contenttypes.contenttype", "pk": 47, "fields": {"app_label": "exercises", "model": "wordset"}}, {"model": "contenttypes.contenttype", "pk": 48, "fields": {"app_label": "exercises", "model": "translatoruserdefaultsettings"}}, {"model": "contenttypes.contenttype", "pk": 49, "fields": {"app_label": "exercises", "model": "favoriteexercise"}}, {"model": "contenttypes.contenttype", "pk": 50, "fields": {"app_label": "exercises", "model": "exercisehistorydetails"}}, {"model": "contenttypes.contenttype", "pk": 51, "fields": {"app_label": "users", "model": "user"}}, {"model": "sessions.session", "pk": "3mcfjcprpjdq5shfyylwygms7g7t535z", "fields": {"session_data": ".eJxVjDkOwjAQRe_imlheZmIPJT1niMZjm7AokbJUiLuTSCmg-9J7779Vx-vSd-tcpu6e1VmhZLIp1AZLNA1UkIYru4YJXUbatiV1-s0Sy7MMe5sfPNxGLeOwTPekd0UfdNbXMZfX5XD_Dnqe-62uyCiVcgBy0XGKwmylBWwNOC9kIhWA2lp0FQGMd2x9SDEk8d6YoD5fTEBAtQ:1skhZV:AZ_DvcG8hVDiijfAem6eXhzOaq1NAlMssSzOVNTICt8", "expire_date": "2024-09-15T10:12:37.311Z"}}, {"model": "sessions.session", "pk": "dcmjiimszebnczj0zb5yg82cede6d9aw", "fields": {"session_data": ".eJxVjksOgzAMRO-SdYmCE-Kky-57BuTYpvQjkPisqt69ILFodyPNvNF7m5bWpW_XWaf2LuZsYsdBKKYqB9YqIMiWElSEHeSSfJOZzekXK8RPHXZWHjTcRsvjsEz3YveJPdrZXkfR1-XY_h30NPcbrRCwNEW0KR7FcfG1dx2qgoKnGGUXQKDI6NxmIxhrqTOllFxMxObzBRp8QV0:1sl51m:YB5dS_tXFp9E1-NryU7rb9IM-QNcA3MnbgnvhGxOEL8", "expire_date": "2024-09-16T11:15:22.217Z"}}, {"model": "sessions.session", "pk": "lf4mhycnq2iq6tou4qnwcgio5tcwcsn0", "fields": {"session_data": ".eJxVzMsOwiAQheF3YS0E2oEBl-59hmaYAVs1bdLLyvju2qQLXZ__Oy_V0bb23baUuRtEnVVNDCVT1gIUNTQWdabKOggmim2M0gR1-mWZ-FHG3cqdxttkeBrXechmT8yxLuY6SXlejvbvoKel_-o2VPI2oMTGCrANLOzIo1gvFcExOO8cIheL1jsEIgHABDG56KJV7w9OW0CG:1sl5O8:WzE4hboB3ozJ1nb0lZOkTh_YMmZzeKsDHqnVR-IcvWo", "expire_date": "2024-09-16T11:38:28.303Z"}}, {"model": "sessions.session", "pk": "wlp449bcy86jj7jiutcvczj54fcglcr5", "fields": {"session_data": ".eJxVjDkOwjAQRe_imlheZmIPJT1niMZjm7AokbJUiLuTSCmg-9J7779Vx-vSd-tcpu6e1VmhZLIp1AZLNA1UkIYru4YJXUbatiV1-s0Sy7MMe5sfPNxGLeOwTPekd0UfdNbXMZfX5XD_Dnqe-62uyCiVcgBy0XGKwmylBWwNOC9kIhWA2lp0FQGMd2x9SDEk8d6YoD5fTEBAtQ:1sl4KZ:dKIvwCB4sgjxRo1TeH9_XWIXNOVs8LmLtfo7iAYR_sk", "expire_date": "2024-09-16T10:30:43.037Z"}}, {"model": "sessions.session", "pk": "wpvc6pyo15iqpjq9ewnbr7ajl67q7k70", "fields": {"session_data": ".eJxVjjsOgzAQBe_iOiDbLP6kTJ8zWGvvEpwQI_FJE-XuAYmG-s2M3ldgSuNalvDhKXeZKfAb8yCuZR2Giwi4Ln1YZ55CJnEVUpM0SdmKuGkrUA4rhGSrjg3HxlutEcRJi5heXHaXnlgeY53Gskw51jtSH-tc30fi4Xawp0CPc7_ZSZIipby0EJ1VjBAbQrDApm29dFpp77wxETASJNe1SjspfRON89s38fsDsQZLiA:1skpCV:XTF9lSf2Jx6aXbSBPWHQXOrpgyOYM6DXH_rartylykQ", "expire_date": "2024-09-15T18:21:23.078Z"}}, {"model": "sites.site", "pk": 1, "fields": {"domain": "example.com", "name": "example.com"}}, {"model": "authtoken.token", "pk": "7f15baa0db31520621701b6a09760229d15bd70c", "fields": {"user": "3b22bf18-a292-4b23-9503-cf79a5295fe0", "created": "2024-09-02T10:12:49.308Z"}}, {"model": "authtoken.token", "pk": "eedef0363e36cccb0dc6f795c8224a9eedf54f71", "fields": {"user": "f9c4ebab-d4a8-4207-bafc-6d79a8388d26", "created": "2024-09-02T11:38:27.448Z"}}, {"model": "account.emailaddress", "pk": 1, "fields": {"user": "02d06c17-de35-418a-a4c7-fe6eb39722a4", "email": "sasha@frontend.com", "verified": false, "primary": true}}, {"model": "account.emailaddress", "pk": 2, "fields": {"user": "3b22bf18-a292-4b23-9503-cf79a5295fe0", "email": "user1@example.com", "verified": false, "primary": true}}, {"model": "account.emailaddress", "pk": 3, "fields": {"user": "f9c4ebab-d4a8-4207-bafc-6d79a8388d26", "email": "user2@example.com", "verified": false, "primary": true}}, {"model": "account.emailaddress", "pk": 4, "fields": {"user": "6fc4da68-94ce-472d-9482-a7f29b8359cc", "email": "user3@example.com", "verified": false, "primary": true}}, {"model": "vocabulary.word", "pk": "0173decb-5a99-44c4-945d-6b0bb5d76df0", "fields": {"created": "2024-09-02T10:44:59.776Z", "modified": "2024-09-02T10:44:59.776Z", "slug": "papillon-test_user1", "author": "3b22bf18-a292-4b23-9503-cf79a5295fe0", "language": "a3e2db4a-5ae7-43cc-9bf4-5333b6e00bdd", "text": "Papillon", "activity_status": "I", "is_problematic": false, "last_exercise_date": null, "types": [], "tags": []}}, {"model": "vocabulary.word", "pk": "049e6b66-2dc2-4fbf-b93d-ffb95f3de8b6", "fields": {"created": "2024-09-02T10:44:37.882Z", "modified": "2024-09-02T10:44:37.882Z", "slug": "maquillage-test_user1", "author": "3b22bf18-a292-4b23-9503-cf79a5295fe0", "language": "a3e2db4a-5ae7-43cc-9bf4-5333b6e00bdd", "text": "Maquillage", "activity_status": "I", "is_problematic": false, "last_exercise_date": null, "types": [], "tags": []}}, {"model": "vocabulary.word", "pk": "04e113d0-041c-48b6-b966-e4a2f0b76671", "fields": {"created": "2024-09-02T10:39:42.682Z", "modified": "2024-09-02T10:39:42.682Z", "slug": "river-test_user1", "author": "3b22bf18-a292-4b23-9503-cf79a5295fe0", "language": "0e55e218-66f4-4cb0-85f9-a13b0cbd3317", "text": "River", "activity_status": "I", "is_problematic": false, "last_exercise_date": null, "types": [], "tags": []}}, {"model": "vocabulary.word", "pk": "07601802-462f-437c-b459-a9e46ebec86a", "fields": {"created": "2024-09-02T10:50:46.999Z", "modified": "2024-09-02T10:50:46.999Z", "slug": "noche-test_user1", "author": "3b22bf18-a292-4b23-9503-cf79a5295fe0", "language": "aa56e962-1e5e-4fb8-9d95-0f94a053d37e", "text": "Noche", "activity_status": "I", "is_problematic": false, "last_exercise_date": null, "types": [], "tags": []}}, {"model": "vocabulary.word", "pk": "09bddabf-bc62-4b22-b490-b488f3e3e6c6", "fields": {"created": "2024-09-02T12:32:56.923Z", "modified": "2024-09-02T12:32:56.923Z", "slug": "serata-danzante-test_user2", "author": "f9c4ebab-d4a8-4207-bafc-6d79a8388d26", "language": "69e54774-d109-40ab-8296-3e9539a2ef6b", "text": "Serata danzante", "activity_status": "I", "is_problematic": false, "last_exercise_date": null, "types": [], "tags": []}}, {"model": "vocabulary.word", "pk": "0bf3da3a-909c-4fd8-b019-81168e205ff0", "fields": {"created": "2024-09-02T10:39:53.649Z", "modified": "2024-09-02T10:39:53.649Z", "slug": "painting-test_user1", "author": "3b22bf18-a292-4b23-9503-cf79a5295fe0", "language": "0e55e218-66f4-4cb0-85f9-a13b0cbd3317", "text": "Painting", "activity_status": "I", "is_problematic": false, "last_exercise_date": null, "types": [], "tags": []}}, {"model": "vocabulary.word", "pk": "0ced6e46-c1df-4f59-895c-7e9c01adb182", "fields": {"created": "2024-09-02T10:37:45.896Z", "modified": "2024-09-02T10:37:45.896Z", "slug": "vacance-test_user1", "author": "3b22bf18-a292-4b23-9503-cf79a5295fe0", "language": "a3e2db4a-5ae7-43cc-9bf4-5333b6e00bdd", "text": "Vacance", "activity_status": "I", "is_problematic": false, "last_exercise_date": null, "types": [], "tags": ["d51b8e17-22da-410a-b133-1d78f119f9e1"]}}, {"model": "vocabulary.word", "pk": "10b3a422-8424-4831-966e-2cb19a49fc9d", "fields": {"created": "2024-09-02T10:40:53.185Z", "modified": "2024-09-02T10:40:53.185Z", "slug": "maquillaje-test_user1", "author": "3b22bf18-a292-4b23-9503-cf79a5295fe0", "language": "aa56e962-1e5e-4fb8-9d95-0f94a053d37e", "text": "Maquillaje", "activity_status": "I", "is_problematic": false, "last_exercise_date": null, "types": [], "tags": []}}, {"model": "vocabulary.word", "pk": "13bddb34-bb35-42cd-82ee-00c0c7d344d6", "fields": {"created": "2024-09-02T10:40:14.422Z", "modified": "2024-09-02T10:40:14.422Z", "slug": "ninja-test_user1", "author": "3b22bf18-a292-4b23-9503-cf79a5295fe0", "language": "0e55e218-66f4-4cb0-85f9-a13b0cbd3317", "text": "Ninja", "activity_status": "I", "is_problematic": false, "last_exercise_date": null, "types": [], "tags": []}}, {"model": "vocabulary.word", "pk": "1c5a238e-f522-4f61-a3d9-be3b109c0697", "fields": {"created": "2024-09-02T12:30:33.247Z", "modified": "2024-09-02T12:30:33.247Z", "slug": "ristorante-test_user2", "author": "f9c4ebab-d4a8-4207-bafc-6d79a8388d26", "language": "69e54774-d109-40ab-8296-3e9539a2ef6b", "text": "Ristorante", "activity_status": "I", "is_problematic": true, "last_exercise_date": null, "types": [], "tags": []}}, {"model": "vocabulary.word", "pk": "2437594d-4a74-4d96-a2a3-eeef31baee62", "fields": {"created": "2024-09-02T12:32:45.348Z", "modified": "2024-09-02T12:32:45.348Z", "slug": "vacanze-test_user2", "author": "f9c4ebab-d4a8-4207-bafc-6d79a8388d26", "language": "69e54774-d109-40ab-8296-3e9539a2ef6b", "text": "Vacanze", "activity_status": "I", "is_problematic": false, "last_exercise_date": null, "types": [], "tags": []}}, {"model": "vocabulary.word", "pk": "25851dad-3923-4a64-b435-fec50c01bcb5", "fields": {"created": "2024-09-02T10:51:03.585Z", "modified": "2024-09-02T10:51:03.585Z", "slug": "sympathy-test_user1", "author": "3b22bf18-a292-4b23-9503-cf79a5295fe0", "language": "0e55e218-66f4-4cb0-85f9-a13b0cbd3317", "text": "Sympathy", "activity_status": "I", "is_problematic": true, "last_exercise_date": null, "types": [], "tags": []}}, {"model": "vocabulary.word", "pk": "38c89322-7825-4287-980b-164cd26895d1", "fields": {"created": "2024-09-02T10:50:59.192Z", "modified": "2024-09-02T10:50:59.192Z", "slug": "interested-test_user1", "author": "3b22bf18-a292-4b23-9503-cf79a5295fe0", "language": "0e55e218-66f4-4cb0-85f9-a13b0cbd3317", "text": "Interested", "activity_status": "I", "is_problematic": false, "last_exercise_date": null, "types": [], "tags": []}}, {"model": "vocabulary.word", "pk": "39aaf0b3-0efd-4ad0-a911-a4a604beb7ee", "fields": {"created": "2024-09-02T10:37:41.215Z", "modified": "2024-09-02T10:37:41.215Z", "slug": "tea-test_user1", "author": "3b22bf18-a292-4b23-9503-cf79a5295fe0", "language": "0e55e218-66f4-4cb0-85f9-a13b0cbd3317", "text": "Tea", "activity_status": "I", "is_problematic": false, "last_exercise_date": null, "types": [], "tags": ["8b48dcd4-8da3-4e4a-8492-0f5b4c8e9fc1", "91da1fae-35b4-40f9-be31-093f139bd9e5", "d51b8e17-22da-410a-b133-1d78f119f9e1"]}}, {"model": "vocabulary.word", "pk": "3a10dc4e-ab0c-41a3-8f21-59638475e4b1", "fields": {"created": "2024-09-02T10:40:28.863Z", "modified": "2024-09-02T10:40:28.863Z", "slug": "flower-test_user1", "author": "3b22bf18-a292-4b23-9503-cf79a5295fe0", "language": "0e55e218-66f4-4cb0-85f9-a13b0cbd3317", "text": "Flower", "activity_status": "I", "is_problematic": false, "last_exercise_date": null, "types": [], "tags": []}}, {"model": "vocabulary.word", "pk": "3ecb26ee-cdcc-4190-b512-19c4d5ecff44", "fields": {"created": "2024-09-02T10:39:35.488Z", "modified": "2024-09-02T10:39:35.489Z", "slug": "le-chat-test_user1", "author": "3b22bf18-a292-4b23-9503-cf79a5295fe0", "language": "a3e2db4a-5ae7-43cc-9bf4-5333b6e00bdd", "text": "Le chat", "activity_status": "I", "is_problematic": false, "last_exercise_date": null, "types": [], "tags": []}}, {"model": "vocabulary.word", "pk": "404eda0b-615d-4e56-a8a4-156e942469ca", "fields": {"created": "2024-09-02T12:32:53.950Z", "modified": "2024-09-02T12:32:53.950Z", "slug": "museo-test_user2", "author": "f9c4ebab-d4a8-4207-bafc-6d79a8388d26", "language": "69e54774-d109-40ab-8296-3e9539a2ef6b", "text": "Museo", "activity_status": "I", "is_problematic": false, "last_exercise_date": null, "types": [], "tags": []}}, {"model": "vocabulary.word", "pk": "41e5132b-9ecf-41be-94e8-bce0ef7b3bfb", "fields": {"created": "2024-09-02T12:32:47.604Z", "modified": "2024-09-02T12:32:47.604Z", "slug": "riposo-test_user2", "author": "f9c4ebab-d4a8-4207-bafc-6d79a8388d26", "language": "69e54774-d109-40ab-8296-3e9539a2ef6b", "text": "Riposo", "activity_status": "I", "is_problematic": false, "last_exercise_date": null, "types": [], "tags": []}}, {"model": "vocabulary.word", "pk": "4c721be8-865f-47ec-aa07-4fdbc30cc626", "fields": {"created": "2024-09-02T10:39:49.985Z", "modified": "2024-09-02T10:39:49.985Z", "slug": "serfing-test_user1", "author": "3b22bf18-a292-4b23-9503-cf79a5295fe0", "language": "0e55e218-66f4-4cb0-85f9-a13b0cbd3317", "text": "Serfing", "activity_status": "I", "is_problematic": false, "last_exercise_date": null, "types": [], "tags": []}}, {"model": "vocabulary.word", "pk": "55962529-af26-4d69-af92-a790de792944", "fields": {"created": "2024-09-02T10:56:46.765Z", "modified": "2024-09-02T10:56:46.765Z", "slug": "guilt-test_user1", "author": "3b22bf18-a292-4b23-9503-cf79a5295fe0", "language": "0e55e218-66f4-4cb0-85f9-a13b0cbd3317", "text": "Guilt", "activity_status": "I", "is_problematic": false, "last_exercise_date": null, "types": [], "tags": []}}, {"model": "vocabulary.word", "pk": "56cd8fbf-4213-42c3-89a3-744af70a0fb8", "fields": {"created": "2024-09-02T10:39:30.372Z", "modified": "2024-09-02T10:39:30.372Z", "slug": "parfum-test_user1", "author": "3b22bf18-a292-4b23-9503-cf79a5295fe0", "language": "a3e2db4a-5ae7-43cc-9bf4-5333b6e00bdd", "text": "Parfum", "activity_status": "I", "is_problematic": false, "last_exercise_date": null, "types": [], "tags": []}}, {"model": "vocabulary.word", "pk": "75eb0c59-9029-48b0-8120-599b7acc1322", "fields": {"created": "2024-09-02T11:44:30.580Z", "modified": "2024-09-02T11:44:30.580Z", "slug": "be-bitten-by-the-travel-bug-test_user1", "author": "3b22bf18-a292-4b23-9503-cf79a5295fe0", "language": "0e55e218-66f4-4cb0-85f9-a13b0cbd3317", "text": "be bitten by the travel bug", "activity_status": "I", "is_problematic": false, "last_exercise_date": null, "types": [], "tags": []}}, {"model": "vocabulary.word", "pk": "80319d7b-6dd4-43d7-9017-8dee62c0429e", "fields": {"created": "2024-09-02T10:44:40.494Z", "modified": "2024-09-02T10:44:40.494Z", "slug": "salad-test_user1", "author": "3b22bf18-a292-4b23-9503-cf79a5295fe0", "language": "0e55e218-66f4-4cb0-85f9-a13b0cbd3317", "text": "Salad", "activity_status": "I", "is_problematic": false, "last_exercise_date": null, "types": [], "tags": []}}, {"model": "vocabulary.word", "pk": "8750ab28-3a3f-46df-9267-5d232c20f473", "fields": {"created": "2024-09-02T10:40:06.873Z", "modified": "2024-09-02T10:40:06.873Z", "slug": "vacation-test_user1", "author": "3b22bf18-a292-4b23-9503-cf79a5295fe0", "language": "0e55e218-66f4-4cb0-85f9-a13b0cbd3317", "text": "Vacation", "activity_status": "I", "is_problematic": false, "last_exercise_date": null, "types": [], "tags": []}}, {"model": "vocabulary.word", "pk": "8dc881d1-8844-46df-b4fb-c11106ebf7a7", "fields": {"created": "2024-09-02T10:47:12.323Z", "modified": "2024-09-02T10:47:12.323Z", "slug": "holiday-test_user1", "author": "3b22bf18-a292-4b23-9503-cf79a5295fe0", "language": "0e55e218-66f4-4cb0-85f9-a13b0cbd3317", "text": "Holiday", "activity_status": "I", "is_problematic": false, "last_exercise_date": null, "types": [], "tags": []}}, {"model": "vocabulary.word", "pk": "8e3b9da1-da45-4f38-b54e-a6a8e6080ed4", "fields": {"created": "2024-09-02T10:50:50.681Z", "modified": "2024-09-02T10:50:50.681Z", "slug": "vacaciones-test_user1", "author": "3b22bf18-a292-4b23-9503-cf79a5295fe0", "language": "aa56e962-1e5e-4fb8-9d95-0f94a053d37e", "text": "Vacaciones", "activity_status": "I", "is_problematic": false, "last_exercise_date": null, "types": [], "tags": []}}, {"model": "vocabulary.word", "pk": "8ed98d9a-39a1-459e-8580-702f88620636", "fields": {"created": "2024-09-02T12:30:22.605Z", "modified": "2024-09-02T12:30:22.605Z", "slug": "tè-test_user2", "author": "f9c4ebab-d4a8-4207-bafc-6d79a8388d26", "language": "69e54774-d109-40ab-8296-3e9539a2ef6b", "text": "Tè", "activity_status": "I", "is_problematic": false, "last_exercise_date": null, "types": [], "tags": []}}, {"model": "vocabulary.word", "pk": "8f4c3503-7f54-40d2-9d79-45cf4cbb59b7", "fields": {"created": "2024-09-02T10:40:45.897Z", "modified": "2024-09-02T10:40:45.897Z", "slug": "makeup-test_user1", "author": "3b22bf18-a292-4b23-9503-cf79a5295fe0", "language": "0e55e218-66f4-4cb0-85f9-a13b0cbd3317", "text": "Makeup", "activity_status": "I", "is_problematic": false, "last_exercise_date": null, "types": [], "tags": []}}, {"model": "vocabulary.word", "pk": "906f0124-0082-4ba3-9f3f-bed485a171b8", "fields": {"created": "2024-09-02T10:40:18.619Z", "modified": "2024-09-02T10:40:18.619Z", "slug": "night-test_user1", "author": "3b22bf18-a292-4b23-9503-cf79a5295fe0", "language": "0e55e218-66f4-4cb0-85f9-a13b0cbd3317", "text": "Night", "activity_status": "I", "is_problematic": false, "last_exercise_date": null, "types": [], "tags": []}}, {"model": "vocabulary.word", "pk": "931420d8-e5f7-4716-ba9d-86adc873fa24", "fields": {"created": "2024-09-02T10:56:52.771Z", "modified": "2024-09-02T10:56:52.771Z", "slug": "astonishing-test_user1", "author": "3b22bf18-a292-4b23-9503-cf79a5295fe0", "language": "0e55e218-66f4-4cb0-85f9-a13b0cbd3317", "text": "Astonishing", "activity_status": "I", "is_problematic": false, "last_exercise_date": null, "types": [], "tags": []}}, {"model": "vocabulary.word", "pk": "9446b87f-3144-4658-abf2-f18b3904b704", "fields": {"created": "2024-09-02T12:30:47.793Z", "modified": "2024-09-02T12:30:47.794Z", "slug": "colazione-test_user2", "author": "f9c4ebab-d4a8-4207-bafc-6d79a8388d26", "language": "69e54774-d109-40ab-8296-3e9539a2ef6b", "text": "Colazione", "activity_status": "I", "is_problematic": false, "last_exercise_date": null, "types": [], "tags": []}}, {"model": "vocabulary.word", "pk": "971735c4-cc20-4950-a52e-487989453fb6", "fields": {"created": "2024-09-02T12:30:39.256Z", "modified": "2024-09-02T12:30:39.256Z", "slug": "torta-test_user2", "author": "f9c4ebab-d4a8-4207-bafc-6d79a8388d26", "language": "69e54774-d109-40ab-8296-3e9539a2ef6b", "text": "Torta", "activity_status": "I", "is_problematic": false, "last_exercise_date": null, "types": [], "tags": []}}, {"model": "vocabulary.word", "pk": "9e10a6c4-be36-4732-96a2-841fc72d3194", "fields": {"created": "2024-09-02T10:58:09.368Z", "modified": "2024-09-02T10:58:09.368Z", "slug": "i-have-a-feeling-test_user1", "author": "3b22bf18-a292-4b23-9503-cf79a5295fe0", "language": "0e55e218-66f4-4cb0-85f9-a13b0cbd3317", "text": "I have a feeling", "activity_status": "I", "is_problematic": false, "last_exercise_date": null, "types": [], "tags": []}}, {"model": "vocabulary.word", "pk": "a5973090-eab5-459b-a098-644a734bba10", "fields": {"created": "2024-09-02T10:36:04.186Z", "modified": "2024-09-02T10:36:04.187Z", "slug": "temple-test_user1", "author": "3b22bf18-a292-4b23-9503-cf79a5295fe0", "language": "0e55e218-66f4-4cb0-85f9-a13b0cbd3317", "text": "Temple", "activity_status": "I", "is_problematic": false, "last_exercise_date": null, "types": [], "tags": ["91da1fae-35b4-40f9-be31-093f139bd9e5", "d51b8e17-22da-410a-b133-1d78f119f9e1"]}}, {"model": "vocabulary.word", "pk": "abd31cb8-6ea9-4b25-8ac8-054d079d7bb9", "fields": {"created": "2024-09-02T10:39:46.582Z", "modified": "2024-09-02T10:39:46.582Z", "slug": "sea-test_user1", "author": "3b22bf18-a292-4b23-9503-cf79a5295fe0", "language": "0e55e218-66f4-4cb0-85f9-a13b0cbd3317", "text": "Sea", "activity_status": "I", "is_problematic": false, "last_exercise_date": null, "types": [], "tags": []}}, {"model": "vocabulary.word", "pk": "ac149d5c-d7d3-447b-9da0-7334a75445c1", "fields": {"created": "2024-09-02T10:34:33.985Z", "modified": "2024-09-02T10:34:33.985Z", "slug": "cookie-test_user1", "author": "3b22bf18-a292-4b23-9503-cf79a5295fe0", "language": "0e55e218-66f4-4cb0-85f9-a13b0cbd3317", "text": "Cookie", "activity_status": "I", "is_problematic": false, "last_exercise_date": null, "types": ["2929a23e-2805-4901-a0e1-4f3038eeb0d9"], "tags": ["6a775f57-b600-45bb-8a2c-0d6bed038c71", "91da1fae-35b4-40f9-be31-093f139bd9e5", "d51b8e17-22da-410a-b133-1d78f119f9e1"]}}, {"model": "vocabulary.word", "pk": "ac9988de-3844-4c8e-9bf5-d51d3afb33aa", "fields": {"created": "2024-09-02T10:40:36.492Z", "modified": "2024-09-02T10:40:36.492Z", "slug": "fleur-test_user1", "author": "3b22bf18-a292-4b23-9503-cf79a5295fe0", "language": "a3e2db4a-5ae7-43cc-9bf4-5333b6e00bdd", "text": "Fleur", "activity_status": "I", "is_problematic": false, "last_exercise_date": null, "types": [], "tags": []}}, {"model": "vocabulary.word", "pk": "ad647cf6-baba-4058-8765-31e56379f86f", "fields": {"created": "2024-09-02T10:58:10.485Z", "modified": "2024-09-02T10:58:10.485Z", "slug": "dont-take-to-heart-test_user1", "author": "3b22bf18-a292-4b23-9503-cf79a5295fe0", "language": "0e55e218-66f4-4cb0-85f9-a13b0cbd3317", "text": "Don’t take to heart", "activity_status": "I", "is_problematic": false, "last_exercise_date": null, "types": [], "tags": []}}, {"model": "vocabulary.word", "pk": "ad915bbc-362b-4b5a-9a9c-333a0c55e4a6", "fields": {"created": "2024-09-02T10:44:49.957Z", "modified": "2024-09-02T10:44:49.957Z", "slug": "theatre-test_user1", "author": "3b22bf18-a292-4b23-9503-cf79a5295fe0", "language": "0e55e218-66f4-4cb0-85f9-a13b0cbd3317", "text": "Theatre", "activity_status": "I", "is_problematic": false, "last_exercise_date": null, "types": [], "tags": []}}, {"model": "vocabulary.word", "pk": "b1b63a4b-e7b7-487c-96d1-71e9d9c04a05", "fields": {"created": "2024-09-02T10:44:45.678Z", "modified": "2024-09-02T10:44:45.678Z", "slug": "salade-test_user1", "author": "3b22bf18-a292-4b23-9503-cf79a5295fe0", "language": "a3e2db4a-5ae7-43cc-9bf4-5333b6e00bdd", "text": "Salade", "activity_status": "I", "is_problematic": false, "last_exercise_date": null, "types": [], "tags": []}}, {"model": "vocabulary.word", "pk": "bb5e6ade-d5a5-4e84-8ed1-a4758ff85690", "fields": {"created": "2024-09-02T12:30:25.867Z", "modified": "2024-09-02T12:30:25.867Z", "slug": "caffè-test_user2", "author": "f9c4ebab-d4a8-4207-bafc-6d79a8388d26", "language": "69e54774-d109-40ab-8296-3e9539a2ef6b", "text": "Caffè", "activity_status": "I", "is_problematic": false, "last_exercise_date": null, "types": [], "tags": []}}, {"model": "vocabulary.word", "pk": "bc7451ad-7255-46aa-8cea-4ae26b56c5cd", "fields": {"created": "2024-09-02T12:30:29.424Z", "modified": "2024-09-02T12:30:29.424Z", "slug": "pasta-test_user2", "author": "f9c4ebab-d4a8-4207-bafc-6d79a8388d26", "language": "69e54774-d109-40ab-8296-3e9539a2ef6b", "text": "Pasta", "activity_status": "I", "is_problematic": false, "last_exercise_date": null, "types": [], "tags": []}}, {"model": "vocabulary.word", "pk": "c0008eeb-9af6-4149-abb3-e9809a90a6ec", "fields": {"created": "2024-09-02T10:56:50.862Z", "modified": "2024-09-02T10:56:50.862Z", "slug": "awe-test_user1", "author": "3b22bf18-a292-4b23-9503-cf79a5295fe0", "language": "0e55e218-66f4-4cb0-85f9-a13b0cbd3317", "text": "Awe", "activity_status": "I", "is_problematic": true, "last_exercise_date": null, "types": [], "tags": []}}, {"model": "vocabulary.word", "pk": "c0328749-97c2-44ed-b40d-056be7959061", "fields": {"created": "2024-09-02T12:30:37.143Z", "modified": "2024-09-02T12:30:37.143Z", "slug": "biscotto-test_user2", "author": "f9c4ebab-d4a8-4207-bafc-6d79a8388d26", "language": "69e54774-d109-40ab-8296-3e9539a2ef6b", "text": "Biscotto", "activity_status": "I", "is_problematic": false, "last_exercise_date": null, "types": [], "tags": []}}, {"model": "vocabulary.word", "pk": "c249ca6a-e223-47fe-975e-96e6f4532edc", "fields": {"created": "2024-09-02T10:40:23.713Z", "modified": "2024-09-02T10:40:23.713Z", "slug": "il-fait-nuit-test_user1", "author": "3b22bf18-a292-4b23-9503-cf79a5295fe0", "language": "a3e2db4a-5ae7-43cc-9bf4-5333b6e00bdd", "text": "Il fait nuit", "activity_status": "I", "is_problematic": false, "last_exercise_date": null, "types": [], "tags": []}}, {"model": "vocabulary.word", "pk": "c939e5f9-2cb0-4ff8-85e5-207e1fb88584", "fields": {"created": "2024-09-02T10:47:16.870Z", "modified": "2024-09-02T10:47:16.870Z", "slug": "fiesta-test_user1", "author": "3b22bf18-a292-4b23-9503-cf79a5295fe0", "language": "aa56e962-1e5e-4fb8-9d95-0f94a053d37e", "text": "Fiesta", "activity_status": "I", "is_problematic": false, "last_exercise_date": null, "types": [], "tags": []}}, {"model": "vocabulary.word", "pk": "cc55f3a2-6408-4426-801d-950fbf38db30", "fields": {"created": "2024-09-02T10:50:54.698Z", "modified": "2024-09-02T10:50:54.698Z", "slug": "té-test_user1", "author": "3b22bf18-a292-4b23-9503-cf79a5295fe0", "language": "aa56e962-1e5e-4fb8-9d95-0f94a053d37e", "text": "Té", "activity_status": "I", "is_problematic": false, "last_exercise_date": null, "types": [], "tags": []}}, {"model": "vocabulary.word", "pk": "d2138fbb-65f0-44e5-86f4-a2947c3cded9", "fields": {"created": "2024-09-02T12:30:44.823Z", "modified": "2024-09-02T12:30:44.823Z", "slug": "pranzo-test_user2", "author": "f9c4ebab-d4a8-4207-bafc-6d79a8388d26", "language": "69e54774-d109-40ab-8296-3e9539a2ef6b", "text": "Pranzo", "activity_status": "I", "is_problematic": false, "last_exercise_date": null, "types": [], "tags": []}}, {"model": "vocabulary.word", "pk": "d42d65f2-d5a8-420c-a9d8-72a2e2b490bb", "fields": {"created": "2024-09-02T10:56:48.704Z", "modified": "2024-09-02T10:56:48.704Z", "slug": "la-culpa-test_user1", "author": "3b22bf18-a292-4b23-9503-cf79a5295fe0", "language": "aa56e962-1e5e-4fb8-9d95-0f94a053d37e", "text": "La culpa", "activity_status": "I", "is_problematic": false, "last_exercise_date": null, "types": [], "tags": []}}, {"model": "vocabulary.word", "pk": "d7e1da42-8d1d-4260-a6e4-5cd1b351ab0d", "fields": {"created": "2024-09-02T10:58:08.195Z", "modified": "2024-09-02T10:58:08.195Z", "slug": "you-nailed-it-test_user1", "author": "3b22bf18-a292-4b23-9503-cf79a5295fe0", "language": "0e55e218-66f4-4cb0-85f9-a13b0cbd3317", "text": "You nailed it!", "activity_status": "I", "is_problematic": false, "last_exercise_date": null, "types": [], "tags": []}}, {"model": "vocabulary.word", "pk": "d97cce9d-e64b-4b66-8f0c-0a2b68062a60", "fields": {"created": "2024-09-02T10:44:54.504Z", "modified": "2024-09-02T10:44:54.504Z", "slug": "cafetería-test_user1", "author": "3b22bf18-a292-4b23-9503-cf79a5295fe0", "language": "aa56e962-1e5e-4fb8-9d95-0f94a053d37e", "text": "Cafetería", "activity_status": "I", "is_problematic": false, "last_exercise_date": null, "types": [], "tags": []}}, {"model": "vocabulary.word", "pk": "dca5b2f5-ba61-423d-a540-fdb611d8f1e8", "fields": {"created": "2024-09-02T10:35:57.836Z", "modified": "2024-09-02T10:35:57.836Z", "slug": "fête-test_user1", "author": "3b22bf18-a292-4b23-9503-cf79a5295fe0", "language": "a3e2db4a-5ae7-43cc-9bf4-5333b6e00bdd", "text": "Fête", "activity_status": "I", "is_problematic": false, "last_exercise_date": null, "types": [], "tags": ["91da1fae-35b4-40f9-be31-093f139bd9e5", "d51b8e17-22da-410a-b133-1d78f119f9e1"]}}, {"model": "vocabulary.word", "pk": "e0227803-547a-4c69-a594-719440d5eabe", "fields": {"created": "2024-09-02T10:37:38.278Z", "modified": "2024-09-02T10:37:38.278Z", "slug": "travel-test_user1", "author": "3b22bf18-a292-4b23-9503-cf79a5295fe0", "language": "0e55e218-66f4-4cb0-85f9-a13b0cbd3317", "text": "Travel", "activity_status": "I", "is_problematic": false, "last_exercise_date": null, "types": [], "tags": ["91da1fae-35b4-40f9-be31-093f139bd9e5", "d51b8e17-22da-410a-b133-1d78f119f9e1"]}}, {"model": "vocabulary.word", "pk": "e1d2c372-7f66-4b14-98c2-595d1a9720ab", "fields": {"created": "2024-09-02T12:33:01.733Z", "modified": "2024-09-02T12:33:01.733Z", "slug": "biglietto-test_user2", "author": "f9c4ebab-d4a8-4207-bafc-6d79a8388d26", "language": "69e54774-d109-40ab-8296-3e9539a2ef6b", "text": "Biglietto", "activity_status": "I", "is_problematic": false, "last_exercise_date": null, "types": [], "tags": []}}, {"model": "vocabulary.word", "pk": "e91d517b-5063-4394-abb9-450ceae380b9", "fields": {"created": "2024-09-02T10:47:06.912Z", "modified": "2024-09-02T10:47:06.912Z", "slug": "desert-test_user1", "author": "3b22bf18-a292-4b23-9503-cf79a5295fe0", "language": "0e55e218-66f4-4cb0-85f9-a13b0cbd3317", "text": "Desert", "activity_status": "I", "is_problematic": false, "last_exercise_date": null, "types": [], "tags": []}}, {"model": "vocabulary.word", "pk": "e971b0b8-9168-40d9-80ec-26abafaf9db2", "fields": {"created": "2024-09-02T12:32:59.791Z", "modified": "2024-09-02T12:32:59.791Z", "slug": "concerto-test_user2", "author": "f9c4ebab-d4a8-4207-bafc-6d79a8388d26", "language": "69e54774-d109-40ab-8296-3e9539a2ef6b", "text": "Concerto", "activity_status": "I", "is_problematic": false, "last_exercise_date": null, "types": [], "tags": []}}, {"model": "vocabulary.word", "pk": "ee7e9ecd-8197-4b73-8718-939b74a8c425", "fields": {"created": "2024-09-02T12:32:51.672Z", "modified": "2024-09-02T12:32:51.672Z", "slug": "teatro-test_user2", "author": "f9c4ebab-d4a8-4207-bafc-6d79a8388d26", "language": "69e54774-d109-40ab-8296-3e9539a2ef6b", "text": "Teatro", "activity_status": "I", "is_problematic": false, "last_exercise_date": null, "types": [], "tags": []}}, {"model": "vocabulary.word", "pk": "f6c2adff-f76e-4c3b-8079-fc00d0525bad", "fields": {"created": "2024-09-02T10:39:57.621Z", "modified": "2024-09-02T10:39:57.621Z", "slug": "village-test_user1", "author": "3b22bf18-a292-4b23-9503-cf79a5295fe0", "language": "0e55e218-66f4-4cb0-85f9-a13b0cbd3317", "text": "Village", "activity_status": "I", "is_problematic": false, "last_exercise_date": null, "types": [], "tags": []}}, {"model": "vocabulary.word", "pk": "f70d196b-f98a-496c-83ed-c54e0c295652", "fields": {"created": "2024-09-02T12:32:50.242Z", "modified": "2024-09-02T12:32:50.242Z", "slug": "uccello-test_user2", "author": "f9c4ebab-d4a8-4207-bafc-6d79a8388d26", "language": "69e54774-d109-40ab-8296-3e9539a2ef6b", "text": "Uccello", "activity_status": "I", "is_problematic": false, "last_exercise_date": null, "types": [], "tags": []}}, {"model": "vocabulary.word", "pk": "f99c1dde-8964-4d86-8858-8efc79de9fdd", "fields": {"created": "2024-09-02T12:30:41.652Z", "modified": "2024-09-02T12:30:41.652Z", "slug": "cena-test_user2", "author": "f9c4ebab-d4a8-4207-bafc-6d79a8388d26", "language": "69e54774-d109-40ab-8296-3e9539a2ef6b", "text": "Cena", "activity_status": "I", "is_problematic": false, "last_exercise_date": null, "types": [], "tags": []}}, {"model": "vocabulary.type", "pk": "098fc55e-b520-42f6-8ee8-2f20a08369da", "fields": {"created": "2024-09-01T10:11:31.149Z", "modified": "2024-09-01T10:11:31.149Z", "slug": "particle", "name": "Particle", "name_ru": "Particle", "name_en": null}}, {"model": "vocabulary.type", "pk": "12e624e5-4f2e-4ee7-8440-b7bebc207aa5", "fields": {"created": "2024-09-01T10:11:31.171Z", "modified": "2024-09-01T10:11:31.171Z", "slug": "article", "name": "Article", "name_ru": "Article", "name_en": null}}, {"model": "vocabulary.type", "pk": "253b3114-a74d-4264-950b-24e91be1895e", "fields": {"created": "2024-09-01T10:11:31.221Z", "modified": "2024-09-01T10:11:31.221Z", "slug": "collocation", "name": "Collocation", "name_ru": "Collocation", "name_en": null}}, {"model": "vocabulary.type", "pk": "2929a23e-2805-4901-a0e1-4f3038eeb0d9", "fields": {"created": "2024-09-01T10:11:31.039Z", "modified": "2024-09-01T10:11:31.039Z", "slug": "noun", "name": "Noun", "name_ru": "Noun", "name_en": null}}, {"model": "vocabulary.type", "pk": "525903c2-fb86-46da-9066-3a2c64118286", "fields": {"created": "2024-09-01T10:11:31.224Z", "modified": "2024-09-01T10:11:31.224Z", "slug": "proverb", "name": "Proverb", "name_ru": "Proverb", "name_en": null}}, {"model": "vocabulary.type", "pk": "596973e9-ee03-4290-be4d-5fcf4dac39f8", "fields": {"created": "2024-09-01T10:11:31.191Z", "modified": "2024-09-01T10:11:31.191Z", "slug": "idiom", "name": "Idiom", "name_ru": "Idiom", "name_en": null}}, {"model": "vocabulary.type", "pk": "6a122df2-1918-4bfa-b11d-2e4469df5ebb", "fields": {"created": "2024-09-01T10:11:31.164Z", "modified": "2024-09-01T10:11:31.164Z", "slug": "gerund", "name": "Gerund", "name_ru": "Gerund", "name_en": null}}, {"model": "vocabulary.type", "pk": "76249f91-8f96-4383-98f8-5cbf386b5047", "fields": {"created": "2024-09-01T10:11:31.120Z", "modified": "2024-09-01T10:11:31.120Z", "slug": "pronoun", "name": "Pronoun", "name_ru": "Pronoun", "name_en": null}}, {"model": "vocabulary.type", "pk": "786ecd01-7ee8-4d90-834d-6502f38ab028", "fields": {"created": "2024-09-01T10:11:31.044Z", "modified": "2024-09-01T10:11:31.044Z", "slug": "verb", "name": "Verb", "name_ru": "Verb", "name_en": null}}, {"model": "vocabulary.type", "pk": "7a6ac231-ff0a-428c-b810-1e03dacef0f8", "fields": {"created": "2024-09-01T10:11:31.175Z", "modified": "2024-09-01T10:11:31.175Z", "slug": "predicative", "name": "Predicative", "name_ru": "Predicative", "name_en": null}}, {"model": "vocabulary.type", "pk": "94c15537-f489-4b33-9650-568e5f885ea6", "fields": {"created": "2024-09-01T10:11:31.187Z", "modified": "2024-09-01T10:11:31.187Z", "slug": "phrase", "name": "Phrase", "name_ru": "Phrase", "name_en": null}}, {"model": "vocabulary.type", "pk": "954cd93a-8cdc-4ea8-97c8-6c29c2f58012", "fields": {"created": "2024-09-01T10:11:31.049Z", "modified": "2024-09-01T10:11:31.049Z", "slug": "adjective", "name": "Adjective", "name_ru": "Adjective", "name_en": null}}, {"model": "vocabulary.type", "pk": "9cc772b9-e9b7-4f38-a8fa-82f7adf0be17", "fields": {"created": "2024-09-01T10:11:31.105Z", "modified": "2024-09-01T10:11:31.105Z", "slug": "adverb", "name": "Adverb", "name_ru": "Adverb", "name_en": null}}, {"model": "vocabulary.type", "pk": "b02348de-cce8-4ee2-a2cb-0674d392b21d", "fields": {"created": "2024-09-01T10:11:31.183Z", "modified": "2024-09-01T10:11:31.183Z", "slug": "interjection", "name": "Interjection", "name_ru": "Interjection", "name_en": null}}, {"model": "vocabulary.type", "pk": "ccfcc17e-51f1-4a2e-8c68-270fe52d74ba", "fields": {"created": "2024-09-01T10:11:31.179Z", "modified": "2024-09-01T10:11:31.179Z", "slug": "numeral", "name": "Numeral", "name_ru": "Numeral", "name_en": null}}, {"model": "vocabulary.type", "pk": "cf71d080-3e4c-4a06-bcd5-5f31367542ac", "fields": {"created": "2024-09-01T10:11:31.124Z", "modified": "2024-09-01T10:11:31.124Z", "slug": "preposition", "name": "Preposition", "name_ru": "Preposition", "name_en": null}}, {"model": "vocabulary.type", "pk": "e0df75a1-af65-4b98-b9a3-8d2f41e91d3a", "fields": {"created": "2024-09-01T10:11:31.136Z", "modified": "2024-09-01T10:11:31.136Z", "slug": "union", "name": "Union", "name_ru": "Union", "name_en": null}}, {"model": "vocabulary.type", "pk": "e2645452-9823-4823-8397-86ad754310d3", "fields": {"created": "2024-09-01T10:11:31.209Z", "modified": "2024-09-01T10:11:31.209Z", "slug": "quote", "name": "Quote", "name_ru": "Quote", "name_en": null}}, {"model": "vocabulary.type", "pk": "e43c791b-84d0-469f-8952-4ac5d4105cd3", "fields": {"created": "2024-09-01T10:11:31.158Z", "modified": "2024-09-01T10:11:31.158Z", "slug": "participle", "name": "Participle", "name_ru": "Participle", "name_en": null}}, {"model": "vocabulary.tag", "pk": "6a775f57-b600-45bb-8a2c-0d6bed038c71", "fields": {"created": "2024-09-02T10:34:36.580Z", "modified": "2024-09-02T10:34:36.580Z", "author": "3b22bf18-a292-4b23-9503-cf79a5295fe0", "name": "food"}}, {"model": "vocabulary.tag", "pk": "8b48dcd4-8da3-4e4a-8492-0f5b4c8e9fc1", "fields": {"created": "2024-09-02T10:37:42.306Z", "modified": "2024-09-02T10:37:42.306Z", "author": "3b22bf18-a292-4b23-9503-cf79a5295fe0", "name": "drinks"}}, {"model": "vocabulary.tag", "pk": "91da1fae-35b4-40f9-be31-093f139bd9e5", "fields": {"created": "2024-09-02T10:34:35.503Z", "modified": "2024-09-02T10:34:35.503Z", "author": "3b22bf18-a292-4b23-9503-cf79a5295fe0", "name": "A1"}}, {"model": "vocabulary.tag", "pk": "d51b8e17-22da-410a-b133-1d78f119f9e1", "fields": {"created": "2024-09-02T10:34:34.798Z", "modified": "2024-09-02T10:34:34.798Z", "author": "3b22bf18-a292-4b23-9503-cf79a5295fe0", "name": "easy"}}, {"model": "vocabulary.wordtranslation", "pk": "15fdb90d-4283-41e9-9331-a7496529bada", "fields": {"created": "2024-09-02T12:32:50.647Z", "modified": "2024-09-02T12:32:50.647Z", "slug": "bird-test_user2", "author": "f9c4ebab-d4a8-4207-bafc-6d79a8388d26", "text": "Bird", "language": "0e55e218-66f4-4cb0-85f9-a13b0cbd3317"}}, {"model": "vocabulary.wordtranslation", "pk": "1811763d-fe5a-4bbc-8813-830886497376", "fields": {"created": "2024-09-02T11:44:30.756Z", "modified": "2024-09-02T11:44:30.756Z", "slug": "сильное-желание-постоянно-путешествовать-test_user1", "author": "3b22bf18-a292-4b23-9503-cf79a5295fe0", "text": "сильное желание постоянно путешествовать", "language": "7f364ecc-02c2-49e9-a449-5b87371c3f41"}}, {"model": "vocabulary.wordtranslation", "pk": "19a2e4c7-c0c0-4ebe-85da-e7e513f31725", "fields": {"created": "2024-09-02T10:39:46.827Z", "modified": "2024-09-02T10:39:46.827Z", "slug": "море-test_user1", "author": "3b22bf18-a292-4b23-9503-cf79a5295fe0", "text": "Море", "language": "7f364ecc-02c2-49e9-a449-5b87371c3f41"}}, {"model": "vocabulary.wordtranslation", "pk": "1ac9f976-ccc9-4e3a-8e55-685f8ddba3a3", "fields": {"created": "2024-09-02T10:44:40.689Z", "modified": "2024-09-02T10:44:40.689Z", "slug": "салат-test_user1", "author": "3b22bf18-a292-4b23-9503-cf79a5295fe0", "text": "Салат", "language": "7f364ecc-02c2-49e9-a449-5b87371c3f41"}}, {"model": "vocabulary.wordtranslation", "pk": "2ad1fa1a-40cc-47db-b2a3-0712406d4456", "fields": {"created": "2024-09-02T12:33:02.248Z", "modified": "2024-09-02T12:33:02.248Z", "slug": "билет-test_user2", "author": "f9c4ebab-d4a8-4207-bafc-6d79a8388d26", "text": "Билет", "language": "7f364ecc-02c2-49e9-a449-5b87371c3f41"}}, {"model": "vocabulary.wordtranslation", "pk": "2d02fd56-3677-4873-b44a-f41e3b3e70e0", "fields": {"created": "2024-09-02T10:39:31.819Z", "modified": "2024-09-02T10:39:31.819Z", "slug": "парфюм-test_user1", "author": "3b22bf18-a292-4b23-9503-cf79a5295fe0", "text": "Парфюм", "language": "7f364ecc-02c2-49e9-a449-5b87371c3f41"}}, {"model": "vocabulary.wordtranslation", "pk": "348ff007-4e7e-44f1-a267-17e3741a5f04", "fields": {"created": "2024-09-02T12:30:48.611Z", "modified": "2024-09-02T12:30:48.611Z", "slug": "breakfast-test_user2", "author": "f9c4ebab-d4a8-4207-bafc-6d79a8388d26", "text": "Breakfast", "language": "7f364ecc-02c2-49e9-a449-5b87371c3f41"}}, {"model": "vocabulary.wordtranslation", "pk": "3594cf7a-2b96-436c-9fee-39b5b1f9d087", "fields": {"created": "2024-09-02T10:40:19.215Z", "modified": "2024-09-02T10:40:19.215Z", "slug": "ночь-test_user1", "author": "3b22bf18-a292-4b23-9503-cf79a5295fe0", "text": "Ночь", "language": "7f364ecc-02c2-49e9-a449-5b87371c3f41"}}, {"model": "vocabulary.wordtranslation", "pk": "38189cf8-f1ac-49bc-978f-4b18f4d875c5", "fields": {"created": "2024-09-02T10:51:04.641Z", "modified": "2024-09-02T10:51:04.641Z", "slug": "сочувствие-test_user1", "author": "3b22bf18-a292-4b23-9503-cf79a5295fe0", "text": "Сочувствие", "language": "7f364ecc-02c2-49e9-a449-5b87371c3f41"}}, {"model": "vocabulary.wordtranslation", "pk": "38a7c832-0bfc-4c40-a8af-be2e9c5729ae", "fields": {"created": "2024-09-02T10:39:43.338Z", "modified": "2024-09-02T10:39:43.338Z", "slug": "река-test_user1", "author": "3b22bf18-a292-4b23-9503-cf79a5295fe0", "text": "Река", "language": "7f364ecc-02c2-49e9-a449-5b87371c3f41"}}, {"model": "vocabulary.wordtranslation", "pk": "3c8f6fcf-e107-4b21-8751-e1f570739973", "fields": {"created": "2024-09-02T12:33:00.021Z", "modified": "2024-09-02T12:33:00.021Z", "slug": "концерт-test_user2", "author": "f9c4ebab-d4a8-4207-bafc-6d79a8388d26", "text": "Концерт", "language": "7f364ecc-02c2-49e9-a449-5b87371c3f41"}}, {"model": "vocabulary.wordtranslation", "pk": "3d06a00b-f5f1-44fb-ae35-74ba142ad6a6", "fields": {"created": "2024-09-02T10:47:07.150Z", "modified": "2024-09-02T10:47:07.150Z", "slug": "пустыня-test_user1", "author": "3b22bf18-a292-4b23-9503-cf79a5295fe0", "text": "Пустыня", "language": "7f364ecc-02c2-49e9-a449-5b87371c3f41"}}, {"model": "vocabulary.wordtranslation", "pk": "3ed2058f-d4a2-498d-ba47-edc453830bbe", "fields": {"created": "2024-09-02T12:32:57.943Z", "modified": "2024-09-02T12:32:57.943Z", "slug": "dances-test_user2", "author": "f9c4ebab-d4a8-4207-bafc-6d79a8388d26", "text": "Dances", "language": "0e55e218-66f4-4cb0-85f9-a13b0cbd3317"}}, {"model": "vocabulary.wordtranslation", "pk": "4765c702-50fc-4a75-b541-331a77fbd059", "fields": {"created": "2024-09-02T10:56:46.990Z", "modified": "2024-09-02T10:56:46.990Z", "slug": "вина-test_user1", "author": "3b22bf18-a292-4b23-9503-cf79a5295fe0", "text": "Вина", "language": "7f364ecc-02c2-49e9-a449-5b87371c3f41"}}, {"model": "vocabulary.wordtranslation", "pk": "4b9dd3f6-7fb7-4179-8d19-d1fead7b0083", "fields": {"created": "2024-09-02T12:30:48.202Z", "modified": "2024-09-02T12:30:48.202Z", "slug": "завтрак-test_user2", "author": "f9c4ebab-d4a8-4207-bafc-6d79a8388d26", "text": "Завтрак", "language": "7f364ecc-02c2-49e9-a449-5b87371c3f41"}}, {"model": "vocabulary.wordtranslation", "pk": "4bb0e54f-4182-4446-9c4e-41e4821b07d8", "fields": {"created": "2024-09-02T10:50:59.604Z", "modified": "2024-09-02T10:50:59.604Z", "slug": "увлеченный-test_user1", "author": "3b22bf18-a292-4b23-9503-cf79a5295fe0", "text": "Увлеченный", "language": "7f364ecc-02c2-49e9-a449-5b87371c3f41"}}, {"model": "vocabulary.wordtranslation", "pk": "4d00fe87-0e56-4c64-801e-431505447070", "fields": {"created": "2024-09-02T10:58:08.432Z", "modified": "2024-09-02T10:58:08.432Z", "slug": "у-тебя-получилось-test_user1", "author": "3b22bf18-a292-4b23-9503-cf79a5295fe0", "text": "У тебя получилось!", "language": "7f364ecc-02c2-49e9-a449-5b87371c3f41"}}, {"model": "vocabulary.wordtranslation", "pk": "52745696-1209-4d73-9caa-b8ca7de39d9c", "fields": {"created": "2024-09-02T12:32:54.369Z", "modified": "2024-09-02T12:32:54.369Z", "slug": "музей-test_user2", "author": "f9c4ebab-d4a8-4207-bafc-6d79a8388d26", "text": "Музей", "language": "7f364ecc-02c2-49e9-a449-5b87371c3f41"}}, {"model": "vocabulary.wordtranslation", "pk": "5f669b44-9404-4873-9117-5f74a09141c5", "fields": {"created": "2024-09-02T10:56:51.112Z", "modified": "2024-09-02T10:56:51.112Z", "slug": "трепет-test_user1", "author": "3b22bf18-a292-4b23-9503-cf79a5295fe0", "text": "Трепет", "language": "7f364ecc-02c2-49e9-a449-5b87371c3f41"}}, {"model": "vocabulary.wordtranslation", "pk": "5f791cca-6622-440c-b076-3f7aad9df046", "fields": {"created": "2024-09-02T12:30:42.052Z", "modified": "2024-09-02T12:30:42.052Z", "slug": "ужин-test_user2", "author": "f9c4ebab-d4a8-4207-bafc-6d79a8388d26", "text": "Ужин", "language": "7f364ecc-02c2-49e9-a449-5b87371c3f41"}}, {"model": "vocabulary.wordtranslation", "pk": "6547e09e-0621-4ad2-9a21-3b45e89202d7", "fields": {"created": "2024-09-02T10:56:53.029Z", "modified": "2024-09-02T10:56:53.029Z", "slug": "удивительный-test_user1", "author": "3b22bf18-a292-4b23-9503-cf79a5295fe0", "text": "удивительный", "language": "7f364ecc-02c2-49e9-a449-5b87371c3f41"}}, {"model": "vocabulary.wordtranslation", "pk": "662de809-567d-4851-951b-fb278bc02b4a", "fields": {"created": "2024-09-02T10:34:37.677Z", "modified": "2024-09-02T10:34:37.677Z", "slug": "печенье-test_user1", "author": "3b22bf18-a292-4b23-9503-cf79a5295fe0", "text": "Печенье", "language": "7f364ecc-02c2-49e9-a449-5b87371c3f41"}}, {"model": "vocabulary.wordtranslation", "pk": "6b71e87e-760e-4557-af29-ef910c7930fe", "fields": {"created": "2024-09-02T12:30:34.082Z", "modified": "2024-09-02T12:30:34.082Z", "slug": "restaurant-test_user2", "author": "f9c4ebab-d4a8-4207-bafc-6d79a8388d26", "text": "Restaurant", "language": "0e55e218-66f4-4cb0-85f9-a13b0cbd3317"}}, {"model": "vocabulary.wordtranslation", "pk": "6bb79009-bc73-494d-85e6-5d8972efbbcf", "fields": {"created": "2024-09-02T10:40:29.538Z", "modified": "2024-09-02T10:40:29.538Z", "slug": "цветок-test_user1", "author": "3b22bf18-a292-4b23-9503-cf79a5295fe0", "text": "Цветок", "language": "7f364ecc-02c2-49e9-a449-5b87371c3f41"}}, {"model": "vocabulary.wordtranslation", "pk": "6f9c7627-27e2-472e-8a10-97013ff4f4a5", "fields": {"created": "2024-09-02T12:32:52.056Z", "modified": "2024-09-02T12:32:52.056Z", "slug": "theatre-test_user2", "author": "f9c4ebab-d4a8-4207-bafc-6d79a8388d26", "text": "Theatre", "language": "0e55e218-66f4-4cb0-85f9-a13b0cbd3317"}}, {"model": "vocabulary.wordtranslation", "pk": "7afe6322-fcfe-4ee7-b67d-717e4904d96b", "fields": {"created": "2024-09-02T10:36:06.827Z", "modified": "2024-09-02T10:36:06.827Z", "slug": "храм-test_user1", "author": "3b22bf18-a292-4b23-9503-cf79a5295fe0", "text": "Храм", "language": "7f364ecc-02c2-49e9-a449-5b87371c3f41"}}, {"model": "vocabulary.wordtranslation", "pk": "86af3079-3eb2-4fe8-a85e-c5731ce2983e", "fields": {"created": "2024-09-02T10:58:10.714Z", "modified": "2024-09-02T10:58:10.714Z", "slug": "не-принимайте-это-близко-к-сердцу-test_user1", "author": "3b22bf18-a292-4b23-9503-cf79a5295fe0", "text": "Не принимайте это близко к сердцу", "language": "7f364ecc-02c2-49e9-a449-5b87371c3f41"}}, {"model": "vocabulary.wordtranslation", "pk": "88e8a988-3df6-403d-b2fe-b328698eebde", "fields": {"created": "2024-09-02T12:32:45.867Z", "modified": "2024-09-02T12:32:45.867Z", "slug": "отдых-test_user2", "author": "f9c4ebab-d4a8-4207-bafc-6d79a8388d26", "text": "Отдых", "language": "7f364ecc-02c2-49e9-a449-5b87371c3f41"}}, {"model": "vocabulary.wordtranslation", "pk": "9dcee276-2644-44c7-bbb3-5da0cec1d1b5", "fields": {"created": "2024-09-02T12:30:45.232Z", "modified": "2024-09-02T12:30:45.232Z", "slug": "обед-test_user2", "author": "f9c4ebab-d4a8-4207-bafc-6d79a8388d26", "text": "Обед", "language": "7f364ecc-02c2-49e9-a449-5b87371c3f41"}}, {"model": "vocabulary.wordtranslation", "pk": "9dd94ba0-9e71-4277-a4b4-f3af3127e5cc", "fields": {"created": "2024-09-02T10:37:39.364Z", "modified": "2024-09-02T10:37:39.364Z", "slug": "путешествовать-test_user1", "author": "3b22bf18-a292-4b23-9503-cf79a5295fe0", "text": "Путешествовать", "language": "7f364ecc-02c2-49e9-a449-5b87371c3f41"}}, {"model": "vocabulary.wordtranslation", "pk": "9fd0e744-b2bf-497c-99ba-97e683a6a4f7", "fields": {"created": "2024-09-02T10:39:58.541Z", "modified": "2024-09-02T10:39:58.541Z", "slug": "деревня-test_user1", "author": "3b22bf18-a292-4b23-9503-cf79a5295fe0", "text": "Деревня", "language": "7f364ecc-02c2-49e9-a449-5b87371c3f41"}}, {"model": "vocabulary.wordtranslation", "pk": "a20c6336-bf0d-4882-87d1-008ec5c2bdfb", "fields": {"created": "2024-09-02T10:37:47.189Z", "modified": "2024-09-02T10:37:47.189Z", "slug": "отпуск-test_user1", "author": "3b22bf18-a292-4b23-9503-cf79a5295fe0", "text": "Отпуск", "language": "7f364ecc-02c2-49e9-a449-5b87371c3f41"}}, {"model": "vocabulary.wordtranslation", "pk": "a2a635ae-32c7-45b6-8179-2ace320a7ac3", "fields": {"created": "2024-09-02T10:45:00.614Z", "modified": "2024-09-02T10:45:00.614Z", "slug": "бабочка-test_user1", "author": "3b22bf18-a292-4b23-9503-cf79a5295fe0", "text": "Бабочка", "language": "7f364ecc-02c2-49e9-a449-5b87371c3f41"}}, {"model": "vocabulary.wordtranslation", "pk": "a42b5ffd-5589-456d-9bfa-0396524db470", "fields": {"created": "2024-09-02T10:37:43.272Z", "modified": "2024-09-02T10:37:43.272Z", "slug": "чай-test_user1", "author": "3b22bf18-a292-4b23-9503-cf79a5295fe0", "text": "Чай", "language": "7f364ecc-02c2-49e9-a449-5b87371c3f41"}}, {"model": "vocabulary.wordtranslation", "pk": "ac2f0eee-1206-4d05-9d7a-064743141118", "fields": {"created": "2024-09-02T10:39:59.659Z", "modified": "2024-09-02T10:39:59.659Z", "slug": "посёлок-test_user1", "author": "3b22bf18-a292-4b23-9503-cf79a5295fe0", "text": "Посёлок", "language": "7f364ecc-02c2-49e9-a449-5b87371c3f41"}}, {"model": "vocabulary.wordtranslation", "pk": "af57ec98-f8c3-46d6-9c0b-09fbe7d44190", "fields": {"created": "2024-09-02T12:32:48.521Z", "modified": "2024-09-02T12:32:48.521Z", "slug": "rest-test_user2", "author": "f9c4ebab-d4a8-4207-bafc-6d79a8388d26", "text": "Rest", "language": "0e55e218-66f4-4cb0-85f9-a13b0cbd3317"}}, {"model": "vocabulary.wordtranslation", "pk": "b202302c-5aeb-4e29-bbb8-ae9a3200d0aa", "fields": {"created": "2024-09-02T12:32:57.331Z", "modified": "2024-09-02T12:32:57.331Z", "slug": "танцы-test_user2", "author": "f9c4ebab-d4a8-4207-bafc-6d79a8388d26", "text": "Танцы", "language": "7f364ecc-02c2-49e9-a449-5b87371c3f41"}}, {"model": "vocabulary.wordtranslation", "pk": "b4a4261f-ae98-4569-8fe1-f0e77e289502", "fields": {"created": "2024-09-02T12:30:37.753Z", "modified": "2024-09-02T12:30:37.753Z", "slug": "cookie-test_user2", "author": "f9c4ebab-d4a8-4207-bafc-6d79a8388d26", "text": "Cookie", "language": "0e55e218-66f4-4cb0-85f9-a13b0cbd3317"}}, {"model": "vocabulary.wordtranslation", "pk": "b68d7eb1-8b03-4b01-94fc-3f5e44dc41aa", "fields": {"created": "2024-09-02T10:39:36.129Z", "modified": "2024-09-02T10:39:36.129Z", "slug": "кошка-test_user1", "author": "3b22bf18-a292-4b23-9503-cf79a5295fe0", "text": "Кошка", "language": "7f364ecc-02c2-49e9-a449-5b87371c3f41"}}, {"model": "vocabulary.wordtranslation", "pk": "b920fcdb-32e7-411e-95cc-bea522b24e32", "fields": {"created": "2024-09-02T12:30:42.361Z", "modified": "2024-09-02T12:30:42.361Z", "slug": "dinner-test_user2", "author": "f9c4ebab-d4a8-4207-bafc-6d79a8388d26", "text": "Dinner", "language": "0e55e218-66f4-4cb0-85f9-a13b0cbd3317"}}, {"model": "vocabulary.wordtranslation", "pk": "bb059885-8c14-468e-b8f1-e417d841c5cf", "fields": {"created": "2024-09-02T10:44:50.417Z", "modified": "2024-09-02T10:44:50.417Z", "slug": "театр-test_user1", "author": "3b22bf18-a292-4b23-9503-cf79a5295fe0", "text": "Театр", "language": "7f364ecc-02c2-49e9-a449-5b87371c3f41"}}, {"model": "vocabulary.wordtranslation", "pk": "bcb07e4c-1c06-476c-8f03-0efcdd404234", "fields": {"created": "2024-09-02T12:32:45.665Z", "modified": "2024-09-02T12:32:45.665Z", "slug": "отпуск-test_user2", "author": "f9c4ebab-d4a8-4207-bafc-6d79a8388d26", "text": "Отпуск", "language": "7f364ecc-02c2-49e9-a449-5b87371c3f41"}}, {"model": "vocabulary.wordtranslation", "pk": "bd514515-1b20-4603-9183-7e205cb6745c", "fields": {"created": "2024-09-02T12:30:33.656Z", "modified": "2024-09-02T12:30:33.656Z", "slug": "ресторан-test_user2", "author": "f9c4ebab-d4a8-4207-bafc-6d79a8388d26", "text": "Ресторан", "language": "7f364ecc-02c2-49e9-a449-5b87371c3f41"}}, {"model": "vocabulary.wordtranslation", "pk": "be4f05aa-e4e9-4f17-998d-0fd1e069942a", "fields": {"created": "2024-09-02T12:30:39.449Z", "modified": "2024-09-02T12:30:39.449Z", "slug": "торт-test_user2", "author": "f9c4ebab-d4a8-4207-bafc-6d79a8388d26", "text": "Торт", "language": "7f364ecc-02c2-49e9-a449-5b87371c3f41"}}, {"model": "vocabulary.wordtranslation", "pk": "bf3450c0-6529-4446-a662-4cb2c21d310d", "fields": {"created": "2024-09-02T10:35:59.549Z", "modified": "2024-09-02T10:35:59.549Z", "slug": "праздник-test_user1", "author": "3b22bf18-a292-4b23-9503-cf79a5295fe0", "text": "Праздник", "language": "7f364ecc-02c2-49e9-a449-5b87371c3f41"}}, {"model": "vocabulary.wordtranslation", "pk": "c5f5f326-ba2d-48ee-85af-d8a4188a816d", "fields": {"created": "2024-09-02T12:30:26.078Z", "modified": "2024-09-02T12:30:26.078Z", "slug": "кафе-test_user2", "author": "f9c4ebab-d4a8-4207-bafc-6d79a8388d26", "text": "Кафе", "language": "7f364ecc-02c2-49e9-a449-5b87371c3f41"}}, {"model": "vocabulary.wordtranslation", "pk": "c697ca37-6155-4281-9e36-3263ba64519b", "fields": {"created": "2024-09-02T10:39:54.043Z", "modified": "2024-09-02T10:39:54.043Z", "slug": "картина-test_user1", "author": "3b22bf18-a292-4b23-9503-cf79a5295fe0", "text": "Картина", "language": "7f364ecc-02c2-49e9-a449-5b87371c3f41"}}, {"model": "vocabulary.wordtranslation", "pk": "c7a2eeb1-9ede-4de3-8f93-89eea3c4347d", "fields": {"created": "2024-09-02T10:39:30.998Z", "modified": "2024-09-02T10:39:30.998Z", "slug": "духи-test_user1", "author": "3b22bf18-a292-4b23-9503-cf79a5295fe0", "text": "Духи", "language": "7f364ecc-02c2-49e9-a449-5b87371c3f41"}}, {"model": "vocabulary.wordtranslation", "pk": "c98e794c-361b-4173-bdb9-a5b1a7064fc7", "fields": {"created": "2024-09-02T12:30:37.532Z", "modified": "2024-09-02T12:30:37.532Z", "slug": "печенье-test_user2", "author": "f9c4ebab-d4a8-4207-bafc-6d79a8388d26", "text": "Печенье", "language": "7f364ecc-02c2-49e9-a449-5b87371c3f41"}}, {"model": "vocabulary.wordtranslation", "pk": "cb6d20f4-4f0b-4a91-a134-5848400722c9", "fields": {"created": "2024-09-02T10:40:47.192Z", "modified": "2024-09-02T10:40:47.192Z", "slug": "макияж-test_user1", "author": "3b22bf18-a292-4b23-9503-cf79a5295fe0", "text": "Макияж", "language": "7f364ecc-02c2-49e9-a449-5b87371c3f41"}}, {"model": "vocabulary.wordtranslation", "pk": "cc9501fe-5823-46d8-963d-4f70fd3eedd9", "fields": {"created": "2024-09-02T12:30:45.644Z", "modified": "2024-09-02T12:30:45.644Z", "slug": "lunch-test_user2", "author": "f9c4ebab-d4a8-4207-bafc-6d79a8388d26", "text": "Lunch", "language": "0e55e218-66f4-4cb0-85f9-a13b0cbd3317"}}, {"model": "vocabulary.wordtranslation", "pk": "d84162d9-83db-4271-849a-380b480c0ff5", "fields": {"created": "2024-09-02T12:32:54.871Z", "modified": "2024-09-02T12:32:54.871Z", "slug": "museum-test_user2", "author": "f9c4ebab-d4a8-4207-bafc-6d79a8388d26", "text": "Museum", "language": "0e55e218-66f4-4cb0-85f9-a13b0cbd3317"}}, {"model": "vocabulary.wordtranslation", "pk": "dc3a70dd-7e50-4382-b0c8-b36fc464d667", "fields": {"created": "2024-09-02T12:32:50.438Z", "modified": "2024-09-02T12:32:50.438Z", "slug": "птица-test_user2", "author": "f9c4ebab-d4a8-4207-bafc-6d79a8388d26", "text": "Птица", "language": "7f364ecc-02c2-49e9-a449-5b87371c3f41"}}, {"model": "vocabulary.wordtranslation", "pk": "de7cca7d-07ae-4645-abf4-285e4af9c14e", "fields": {"created": "2024-09-02T12:32:51.865Z", "modified": "2024-09-02T12:32:51.865Z", "slug": "театр-test_user2", "author": "f9c4ebab-d4a8-4207-bafc-6d79a8388d26", "text": "Театр", "language": "7f364ecc-02c2-49e9-a449-5b87371c3f41"}}, {"model": "vocabulary.wordtranslation", "pk": "e3349880-ac71-46cb-b9d9-4380e87472ef", "fields": {"created": "2024-09-02T12:32:46.065Z", "modified": "2024-09-02T12:32:46.065Z", "slug": "vacation-test_user2", "author": "f9c4ebab-d4a8-4207-bafc-6d79a8388d26", "text": "Vacation", "language": "0e55e218-66f4-4cb0-85f9-a13b0cbd3317"}}, {"model": "vocabulary.wordtranslation", "pk": "eb93ad7d-ef46-4b0a-bd00-ed250513a696", "fields": {"created": "2024-09-02T12:30:29.967Z", "modified": "2024-09-02T12:30:29.967Z", "slug": "pasta-test_user2", "author": "f9c4ebab-d4a8-4207-bafc-6d79a8388d26", "text": "Pasta", "language": "0e55e218-66f4-4cb0-85f9-a13b0cbd3317"}}, {"model": "vocabulary.wordtranslation", "pk": "f0d01ddc-fa02-412b-8cd4-09946530c035", "fields": {"created": "2024-09-02T10:58:09.636Z", "modified": "2024-09-02T10:58:09.636Z", "slug": "у-меня-такое-чувство-test_user1", "author": "3b22bf18-a292-4b23-9503-cf79a5295fe0", "text": "У меня такое чувство", "language": "7f364ecc-02c2-49e9-a449-5b87371c3f41"}}, {"model": "vocabulary.wordtranslation", "pk": "f4fc32fe-444a-410d-af88-e95d2afc893c", "fields": {"created": "2024-09-02T12:32:57.634Z", "modified": "2024-09-02T12:32:57.634Z", "slug": "вечер-танцев-test_user2", "author": "f9c4ebab-d4a8-4207-bafc-6d79a8388d26", "text": "Вечер танцев", "language": "7f364ecc-02c2-49e9-a449-5b87371c3f41"}}, {"model": "vocabulary.wordtranslation", "pk": "f581528e-69c3-486e-8afa-950d250c7bf1", "fields": {"created": "2024-09-02T12:30:29.666Z", "modified": "2024-09-02T12:30:29.666Z", "slug": "паста-test_user2", "author": "f9c4ebab-d4a8-4207-bafc-6d79a8388d26", "text": "Паста", "language": "7f364ecc-02c2-49e9-a449-5b87371c3f41"}}, {"model": "vocabulary.wordtranslation", "pk": "f8639919-0a38-409a-b51b-5c2675a484e4", "fields": {"created": "2024-09-02T12:30:22.914Z", "modified": "2024-09-02T12:30:22.914Z", "slug": "чай-test_user2", "author": "f9c4ebab-d4a8-4207-bafc-6d79a8388d26", "text": "Чай", "language": "7f364ecc-02c2-49e9-a449-5b87371c3f41"}}, {"model": "vocabulary.wordtranslation", "pk": "ffdabfab-66de-4d20-a973-16ac0f9e8f67", "fields": {"created": "2024-09-02T10:44:55.369Z", "modified": "2024-09-02T10:44:55.369Z", "slug": "кафе-test_user1", "author": "3b22bf18-a292-4b23-9503-cf79a5295fe0", "text": "Кафе", "language": "7f364ecc-02c2-49e9-a449-5b87371c3f41"}}, {"model": "vocabulary.imageassociation", "pk": "07eb570c-43af-4ed4-82f7-642661894078", "fields": {"created": "2024-09-02T12:30:30.592Z", "modified": "2024-09-02T12:30:30.592Z", "author": "f9c4ebab-d4a8-4207-bafc-6d79a8388d26", "image": "", "image_url": "https://images.unsplash.com/photo-1481931098730-318b6f776db0?ixid=M3w1OTU5OTd8MHwxfHNlYXJjaHwyfHxwYXN0YXxlbnwwfHx8fDE3MjUyNjk5NDJ8MA&ixlib=rb-4.0.3"}}, {"model": "vocabulary.imageassociation", "pk": "0a840336-1083-47d0-bcf8-be46bd14a773", "fields": {"created": "2024-09-02T10:44:51.134Z", "modified": "2024-09-02T10:44:51.134Z", "author": "3b22bf18-a292-4b23-9503-cf79a5295fe0", "image": "", "image_url": "https://images.unsplash.com/photo-1516307365426-bea591f05011?ixid=M3w1OTU5OTd8MHwxfHNlYXJjaHw0fHxUaGVhdHJlfGVufDB8fHx8MTcyNTIxNTAwMnww&ixlib=rb-4.0.3"}}, {"model": "vocabulary.imageassociation", "pk": "0aea0b01-a7ae-41b2-9649-509f8f2e8952", "fields": {"created": "2024-09-02T10:40:02.906Z", "modified": "2024-09-02T10:40:02.910Z", "author": "3b22bf18-a292-4b23-9503-cf79a5295fe0", "image": "", "image_url": "https://images.unsplash.com/photo-1565759732117-a48f0bedbbfd?ixid=M3w1OTU5OTd8MHwxfHNlYXJjaHwzfHxWaWxsYWdlfGVufDB8fHx8MTcyNTIxNDMxMXww&ixlib=rb-4.0.3"}}, {"model": "vocabulary.imageassociation", "pk": "0b4f4159-3757-420d-8a10-3ff7dd3de537", "fields": {"created": "2024-09-02T10:40:14.559Z", "modified": "2024-09-02T10:40:14.559Z", "author": "3b22bf18-a292-4b23-9503-cf79a5295fe0", "image": "", "image_url": "https://images.unsplash.com/photo-1623913519265-1974e1e90bd2?ixid=M3w1OTU5OTd8MHwxfHNlYXJjaHwxfHxOaW5qYXxlbnwwfHx8fDE3MjUyMTQ0NTR8MA&ixlib=rb-4.0.3"}}, {"model": "vocabulary.imageassociation", "pk": "13d4b739-ec79-472f-a524-664f2ab3ea3f", "fields": {"created": "2024-09-02T10:39:50.449Z", "modified": "2024-09-02T10:39:50.449Z", "author": "3b22bf18-a292-4b23-9503-cf79a5295fe0", "image": "", "image_url": "https://images.unsplash.com/photo-1589557909824-c0ff67d5fb25?ixid=M3w1OTU5OTd8MHwxfHNlYXJjaHwzfHxzZXJmaW5nfGVufDB8fHx8MTcyNTIxNDEyNnww&ixlib=rb-4.0.3"}}, {"model": "vocabulary.imageassociation", "pk": "176346ff-e6d3-43d6-9efa-ab0309b4604f", "fields": {"created": "2024-09-02T10:40:54.687Z", "modified": "2024-09-02T10:40:54.687Z", "author": "3b22bf18-a292-4b23-9503-cf79a5295fe0", "image": "", "image_url": "https://images.unsplash.com/photo-1643185450492-6ba77dea00f6?ixid=M3w1OTU5OTd8MHwxfHNlYXJjaHwxfHxNYWtldXB8ZW58MHx8fHwxNzI1MjE0Nzc2fDA&ixlib=rb-4.0.3"}}, {"model": "vocabulary.imageassociation", "pk": "1ccf54f7-30b5-4c1e-b6f2-71c7d2742a0a", "fields": {"created": "2024-09-02T10:50:55.756Z", "modified": "2024-09-02T10:50:55.756Z", "author": "3b22bf18-a292-4b23-9503-cf79a5295fe0", "image": "", "image_url": "https://images.unsplash.com/photo-1433891248364-3ce993ff0e92?ixid=M3w1OTU5OTd8MHwxfHNlYXJjaHwzfHx0ZWF8ZW58MHx8fHwxNzI1MjEwMDM2fDA&ixlib=rb-4.0.3"}}, {"model": "vocabulary.imageassociation", "pk": "2474a5f3-46ff-4dbd-b553-deca8d9752e0", "fields": {"created": "2024-09-02T10:50:52.765Z", "modified": "2024-09-02T10:50:52.765Z", "author": "3b22bf18-a292-4b23-9503-cf79a5295fe0", "image": "", "image_url": "https://images.unsplash.com/photo-1501426026826-31c667bdf23d?ixid=M3w1OTU5OTd8MHwxfHNlYXJjaHwxfHx2YWNhdGlvbnxlbnwwfHx8fDE3MjUyMTM1MDB8MA&ixlib=rb-4.0.3"}}, {"model": "vocabulary.imageassociation", "pk": "24cfb6be-b1a0-4d4a-a6c8-83a32ff6689a", "fields": {"created": "2024-09-02T12:32:48.912Z", "modified": "2024-09-02T12:32:48.912Z", "author": "f9c4ebab-d4a8-4207-bafc-6d79a8388d26", "image": "", "image_url": "https://images.unsplash.com/photo-1619365734050-cb5e64a42d43?ixid=M3w1OTU5OTd8MHwxfHNlYXJjaHw0fHxyZXN0fGVufDB8fHx8MTcyNTI2OTM2Nnww&ixlib=rb-4.0.3"}}, {"model": "vocabulary.imageassociation", "pk": "2c76a6b2-13bf-4626-9ca8-0f2fb4a0b8bd", "fields": {"created": "2024-09-02T10:44:56.185Z", "modified": "2024-09-02T10:44:56.185Z", "author": "3b22bf18-a292-4b23-9503-cf79a5295fe0", "image": "", "image_url": "https://images.unsplash.com/photo-1509042239860-f550ce710b93?ixid=M3w1OTU5OTd8MHwxfHNlYXJjaHwzfHxDYWZlfGVufDB8fHx8MTcyNTIxNTE0N3ww&ixlib=rb-4.0.3"}}, {"model": "vocabulary.imageassociation", "pk": "2dda7a14-fdb4-43cb-bd09-88ea31601b64", "fields": {"created": "2024-09-02T10:39:37.103Z", "modified": "2024-09-02T10:39:37.103Z", "author": "3b22bf18-a292-4b23-9503-cf79a5295fe0", "image": "", "image_url": "https://images.unsplash.com/photo-1613946953542-670cd6872611?ixid=M3w1OTU5OTd8MHwxfHNlYXJjaHw0fHx0b21jYXR8ZW58MHx8fHwxNzI1MjEzODUyfDA&ixlib=rb-4.0.3"}}, {"model": "vocabulary.imageassociation", "pk": "348da1f2-202e-494d-bce5-356aa18b616e", "fields": {"created": "2024-09-02T10:39:47.205Z", "modified": "2024-09-02T10:39:47.205Z", "author": "3b22bf18-a292-4b23-9503-cf79a5295fe0", "image": "", "image_url": "https://images.unsplash.com/photo-1507525428034-b723cf961d3e?ixid=M3w1OTU5OTd8MHwxfHNlYXJjaHwxfHxzZWF8ZW58MHx8fHwxNzI1MjE0MDk3fDA&ixlib=rb-4.0.3"}}, {"model": "vocabulary.imageassociation", "pk": "386d76bb-9e2b-4486-b82c-84c2d44c464a", "fields": {"created": "2024-09-02T12:30:49.021Z", "modified": "2024-09-02T12:30:49.021Z", "author": "f9c4ebab-d4a8-4207-bafc-6d79a8388d26", "image": "", "image_url": "https://images.unsplash.com/photo-1504754524776-8f4f37790ca0?ixid=M3w1OTU5OTd8MHwxfHNlYXJjaHwxfHxicmVha2Zhc3R8ZW58MHx8fHwxNzI1MjY5NTU1fDA&ixlib=rb-4.0.3"}}, {"model": "vocabulary.imageassociation", "pk": "3fe2c5a3-6e8c-43bd-87cd-b1e6c2af3c1f", "fields": {"created": "2024-09-02T10:39:54.443Z", "modified": "2024-09-02T10:39:54.443Z", "author": "3b22bf18-a292-4b23-9503-cf79a5295fe0", "image": "", "image_url": "https://images.unsplash.com/photo-1579541814924-49fef17c5be5?ixid=M3w1OTU5OTd8MHwxfHNlYXJjaHwyfHxQYWludGluZ3xlbnwwfHx8fDE3MjUyMTQyMjh8MA&ixlib=rb-4.0.3"}}, {"model": "vocabulary.imageassociation", "pk": "40599a8c-2713-4b3b-9e00-9d3a61fb82d8", "fields": {"created": "2024-09-02T10:40:38.087Z", "modified": "2024-09-02T10:40:38.087Z", "author": "3b22bf18-a292-4b23-9503-cf79a5295fe0", "image": "", "image_url": "https://images.unsplash.com/photo-1487139975590-b4f1dce9b035?ixid=M3w1OTU5OTd8MHwxfHNlYXJjaHwxfHxGbG93ZXJ8ZW58MHx8fHwxNzI1MjE0Njg1fDA&ixlib=rb-4.0.3"}}, {"model": "vocabulary.imageassociation", "pk": "41fef739-3716-4953-af00-b193a7063052", "fields": {"created": "2024-09-02T10:50:47.724Z", "modified": "2024-09-02T10:50:47.725Z", "author": "3b22bf18-a292-4b23-9503-cf79a5295fe0", "image": "", "image_url": "https://images.unsplash.com/photo-1505322022379-7c3353ee6291?ixid=M3w1OTU5OTd8MHwxfHNlYXJjaHw1fHxOaWdodHxlbnwwfHx8fDE3MjUyMTQ1Mjd8MA&ixlib=rb-4.0.3"}}, {"model": "vocabulary.imageassociation", "pk": "4439b727-0243-4645-910e-3f6a050150e7", "fields": {"created": "2024-09-02T12:32:50.963Z", "modified": "2024-09-02T12:32:50.963Z", "author": "f9c4ebab-d4a8-4207-bafc-6d79a8388d26", "image": "", "image_url": "https://images.unsplash.com/photo-1486365227551-f3f90034a57c?ixid=M3w1OTU5OTd8MHwxfHNlYXJjaHwxfHxiaXJkfGVufDB8fHx8MTcyNTI2OTI1NXww&ixlib=rb-4.0.3"}}, {"model": "vocabulary.imageassociation", "pk": "456bb0e8-91e3-46da-9aea-1135b459e060", "fields": {"created": "2024-09-02T10:36:08.203Z", "modified": "2024-09-02T10:36:08.203Z", "author": "3b22bf18-a292-4b23-9503-cf79a5295fe0", "image": "", "image_url": "https://images.unsplash.com/photo-1601208443688-c71856b84610?ixid=M3w1OTU5OTd8MHwxfHNlYXJjaHwyfHx0ZW1wbGV8ZW58MHx8fHwxNzI1MjA5OTIxfDA&ixlib=rb-4.0.3"}}, {"model": "vocabulary.imageassociation", "pk": "505701af-6801-4fcb-b2a5-f27284805b9c", "fields": {"created": "2024-09-02T10:34:38.267Z", "modified": "2024-09-02T10:34:38.267Z", "author": "3b22bf18-a292-4b23-9503-cf79a5295fe0", "image": "", "image_url": "https://images.unsplash.com/photo-1504624182560-38adb60ff7a4?ixid=M3w1OTU5OTd8MHwxfHNlYXJjaHw0fHxjb29raWV8ZW58MHx8fHwxNzI1MTQwMTc2fDA&ixlib=rb-4.0.3"}}, {"model": "vocabulary.imageassociation", "pk": "5591276c-e8f2-444c-a6cf-e5c6dc25be3e", "fields": {"created": "2024-09-02T12:30:23.424Z", "modified": "2024-09-02T12:30:23.424Z", "author": "f9c4ebab-d4a8-4207-bafc-6d79a8388d26", "image": "", "image_url": "https://images.unsplash.com/photo-1558160074-4d7d8bdf4256?ixid=M3w1OTU5OTd8MHwxfHNlYXJjaHwxMXx8dGVhfGVufDB8fHx8MTcyNTIxMDAzNnww&ixlib=rb-4.0.3"}}, {"model": "vocabulary.imageassociation", "pk": "57eaa6fa-07ba-47ab-8e29-db99875057fc", "fields": {"created": "2024-09-02T12:30:34.690Z", "modified": "2024-09-02T12:30:34.690Z", "author": "f9c4ebab-d4a8-4207-bafc-6d79a8388d26", "image": "", "image_url": "https://images.unsplash.com/photo-1497644083578-611b798c60f3?ixid=M3w1OTU5OTd8MHwxfHNlYXJjaHwyfHxyZXN0YXVyYW50fGVufDB8fHx8MTcyNTI2OTg2MHww&ixlib=rb-4.0.3"}}, {"model": "vocabulary.imageassociation", "pk": "5d0e8390-70fa-4085-9cfd-6e4aaebe905f", "fields": {"created": "2024-09-02T10:36:00.596Z", "modified": "2024-09-02T10:36:00.596Z", "author": "3b22bf18-a292-4b23-9503-cf79a5295fe0", "image": "", "image_url": "https://images.unsplash.com/photo-1482330454287-3cf6611d0bc9?ixid=M3w1OTU5OTd8MHwxfHNlYXJjaHw4fHxob2xpZGF5fGVufDB8fHx8MTcyNTIwOTYzMnww&ixlib=rb-4.0.3"}}, {"model": "vocabulary.imageassociation", "pk": "610b183d-4530-4af8-bf08-3e2cf7ada746", "fields": {"created": "2024-09-02T10:40:25.342Z", "modified": "2024-09-02T10:40:25.342Z", "author": "3b22bf18-a292-4b23-9503-cf79a5295fe0", "image": "", "image_url": "https://images.unsplash.com/photo-1505322022379-7c3353ee6291?ixid=M3w1OTU5OTd8MHwxfHNlYXJjaHw1fHxOaWdodHxlbnwwfHx8fDE3MjUyMTQ1Mjd8MA&ixlib=rb-4.0.3"}}, {"model": "vocabulary.imageassociation", "pk": "64fa8bb7-3ba1-4242-b54f-646f3e3f0e6b", "fields": {"created": "2024-09-02T10:47:08.030Z", "modified": "2024-09-02T10:47:08.030Z", "author": "3b22bf18-a292-4b23-9503-cf79a5295fe0", "image": "", "image_url": "https://images.unsplash.com/photo-1482881497185-d4a9ddbe4151?ixid=M3w1OTU5OTd8MHwxfHNlYXJjaHwyfHxEZXNlcnR8ZW58MHx8fHwxNzI1MjE1Mzg4fDA&ixlib=rb-4.0.3"}}, {"model": "vocabulary.imageassociation", "pk": "71f6c7d3-b209-4e62-bb2b-aeba690f5383", "fields": {"created": "2024-09-02T10:40:20.298Z", "modified": "2024-09-02T10:40:20.298Z", "author": "3b22bf18-a292-4b23-9503-cf79a5295fe0", "image": "", "image_url": "https://images.unsplash.com/photo-1505322022379-7c3353ee6291?ixid=M3w1OTU5OTd8MHwxfHNlYXJjaHw1fHxOaWdodHxlbnwwfHx8fDE3MjUyMTQ1Mjd8MA&ixlib=rb-4.0.3"}}, {"model": "vocabulary.imageassociation", "pk": "72323180-411f-42cb-a197-68cb1876a7ce", "fields": {"created": "2024-09-02T10:39:44.321Z", "modified": "2024-09-02T10:39:44.321Z", "author": "3b22bf18-a292-4b23-9503-cf79a5295fe0", "image": "", "image_url": "https://images.unsplash.com/photo-1437482078695-73f5ca6c96e2?ixid=M3w1OTU5OTd8MHwxfHNlYXJjaHwxfHxyaXZlcnxlbnwwfHx8fDE3MjUyMTQwMzB8MA&ixlib=rb-4.0.3"}}, {"model": "vocabulary.imageassociation", "pk": "73cddb63-49f4-4aae-8561-542901b45ea9", "fields": {"created": "2024-09-02T10:40:09.258Z", "modified": "2024-09-02T10:40:09.258Z", "author": "3b22bf18-a292-4b23-9503-cf79a5295fe0", "image": "", "image_url": "https://images.unsplash.com/photo-1502301197179-65228ab57f78?ixid=M3w1OTU5OTd8MHwxfHNlYXJjaHw1fHx2YWNhdGlvbnxlbnwwfHx8fDE3MjUyMTM1MDB8MA&ixlib=rb-4.0.3"}}, {"model": "vocabulary.imageassociation", "pk": "77139465-e978-486d-87f1-cc0470c101f9", "fields": {"created": "2024-09-02T12:33:00.505Z", "modified": "2024-09-02T12:33:00.505Z", "author": "f9c4ebab-d4a8-4207-bafc-6d79a8388d26", "image": "", "image_url": "https://images.unsplash.com/photo-1429514513361-8fa32282fd5f?ixid=M3w1OTU5OTd8MHwxfHNlYXJjaHwxfHxjb25jZXJ0fGVufDB8fHx8MTcyNTI2ODkyMnww&ixlib=rb-4.0.3"}}, {"model": "vocabulary.imageassociation", "pk": "7cc149f7-c10a-466f-b6ea-7c91f9873eaf", "fields": {"created": "2024-09-02T10:34:38.158Z", "modified": "2024-09-02T10:34:38.158Z", "author": "3b22bf18-a292-4b23-9503-cf79a5295fe0", "image": "", "image_url": "https://images.unsplash.com/photo-1590080874088-eec64895b423?ixid=M3w1OTU5OTd8MHwxfHNlYXJjaHwyfHxjb29raWV8ZW58MHx8fHwxNzI1MTQwMTc2fDA&ixlib=rb-4.0.3"}}, {"model": "vocabulary.imageassociation", "pk": "7e820526-7be7-457a-88a1-74553a6ba931", "fields": {"created": "2024-09-02T10:44:50.808Z", "modified": "2024-09-02T10:44:50.808Z", "author": "3b22bf18-a292-4b23-9503-cf79a5295fe0", "image": "", "image_url": "https://images.unsplash.com/photo-1503095396549-807759245b35?ixid=M3w1OTU5OTd8MHwxfHNlYXJjaHwxfHxUaGVhdHJlfGVufDB8fHx8MTcyNTIxNTAwMnww&ixlib=rb-4.0.3"}}, {"model": "vocabulary.imageassociation", "pk": "7ed764e1-f192-436e-a6ea-b31c93b2d8cd", "fields": {"created": "2024-09-02T12:32:55.484Z", "modified": "2024-09-02T12:32:55.484Z", "author": "f9c4ebab-d4a8-4207-bafc-6d79a8388d26", "image": "", "image_url": "https://images.unsplash.com/photo-1514905552197-0610a4d8fd73?ixid=M3w1OTU5OTd8MHwxfHNlYXJjaHwxfHxNdXNldW18ZW58MHx8fHwxNzI1MjY5MTEwfDA&ixlib=rb-4.0.3"}}, {"model": "vocabulary.imageassociation", "pk": "80587280-f0bd-452b-b8fa-6af971dfa319", "fields": {"created": "2024-09-02T10:37:48.743Z", "modified": "2024-09-02T10:37:48.743Z", "author": "3b22bf18-a292-4b23-9503-cf79a5295fe0", "image": "", "image_url": "https://images.unsplash.com/photo-1501426026826-31c667bdf23d?ixid=M3w1OTU5OTd8MHwxfHNlYXJjaHwxfHx2YWNhdGlvbnxlbnwwfHx8fDE3MjUyMTM1MDB8MA&ixlib=rb-4.0.3"}}, {"model": "vocabulary.imageassociation", "pk": "83b5b23d-6cb0-472c-8413-ced7afa302a0", "fields": {"created": "2024-09-02T12:32:46.483Z", "modified": "2024-09-02T12:32:46.483Z", "author": "f9c4ebab-d4a8-4207-bafc-6d79a8388d26", "image": "", "image_url": "https://images.unsplash.com/photo-1494380523890-2c3c1a3ea750?ixid=M3w1OTU5OTd8MHwxfHNlYXJjaHwxMHx8dmFjYXRpb258ZW58MHx8fHwxNzI1MjEzNTAwfDA&ixlib=rb-4.0.3"}}, {"model": "vocabulary.imageassociation", "pk": "8eac9bb6-457e-4197-8bb0-116cea67b5cd", "fields": {"created": "2024-09-02T10:47:17.590Z", "modified": "2024-09-02T10:47:17.590Z", "author": "3b22bf18-a292-4b23-9503-cf79a5295fe0", "image": "", "image_url": "https://images.unsplash.com/photo-1482330454287-3cf6611d0bc9?ixid=M3w1OTU5OTd8MHwxfHNlYXJjaHw4fHxob2xpZGF5fGVufDB8fHx8MTcyNTIwOTYzMnww&ixlib=rb-4.0.3"}}, {"model": "vocabulary.imageassociation", "pk": "8f5231da-3333-441f-9dcd-f858ad86191d", "fields": {"created": "2024-09-02T10:37:49.340Z", "modified": "2024-09-02T10:37:49.340Z", "author": "3b22bf18-a292-4b23-9503-cf79a5295fe0", "image": "", "image_url": "https://images.unsplash.com/photo-1502301197179-65228ab57f78?ixid=M3w1OTU5OTd8MHwxfHNlYXJjaHw1fHx2YWNhdGlvbnxlbnwwfHx8fDE3MjUyMTM1MDB8MA&ixlib=rb-4.0.3"}}, {"model": "vocabulary.imageassociation", "pk": "8f5ed38a-e306-468c-8f16-c26b8db951e8", "fields": {"created": "2024-09-02T10:44:41.081Z", "modified": "2024-09-02T10:44:41.081Z", "author": "3b22bf18-a292-4b23-9503-cf79a5295fe0", "image": "", "image_url": "https://images.unsplash.com/photo-1512621776951-a57141f2eefd?ixid=M3w1OTU5OTd8MHwxfHNlYXJjaHwzfHxTYWxhZHxlbnwwfHx8fDE3MjUyMTQ5NDB8MA&ixlib=rb-4.0.3"}}, {"model": "vocabulary.imageassociation", "pk": "9023787f-bdb3-49ba-a518-02c4e75fc07e", "fields": {"created": "2024-09-02T10:40:25.214Z", "modified": "2024-09-02T10:40:25.214Z", "author": "3b22bf18-a292-4b23-9503-cf79a5295fe0", "image": "", "image_url": "https://images.unsplash.com/photo-1534447677768-be436bb09401?ixid=M3w1OTU5OTd8MHwxfHNlYXJjaHwyfHxOaWdodHxlbnwwfHx8fDE3MjUyMTQ1Mjd8MA&ixlib=rb-4.0.3"}}, {"model": "vocabulary.imageassociation", "pk": "95095cde-8c19-4078-8cf2-2f8198c5fe5a", "fields": {"created": "2024-09-02T10:45:01.221Z", "modified": "2024-09-02T10:45:01.221Z", "author": "3b22bf18-a292-4b23-9503-cf79a5295fe0", "image": "", "image_url": "https://images.unsplash.com/photo-1485842295075-1c7b2037114c?ixid=M3w1OTU5OTd8MHwxfHNlYXJjaHwzfHxidXR0ZXJmbHl8ZW58MHx8fHwxNzI1MjE1MjcwfDA&ixlib=rb-4.0.3"}}, {"model": "vocabulary.imageassociation", "pk": "9987dca0-fd49-44d3-8912-8e108daa0bfa", "fields": {"created": "2024-09-02T10:44:50.992Z", "modified": "2024-09-02T10:44:50.992Z", "author": "3b22bf18-a292-4b23-9503-cf79a5295fe0", "image": "", "image_url": "https://images.unsplash.com/photo-1514306191717-452ec28c7814?ixid=M3w1OTU5OTd8MHwxfHNlYXJjaHwzfHxUaGVhdHJlfGVufDB8fHx8MTcyNTIxNTAwMnww&ixlib=rb-4.0.3"}}, {"model": "vocabulary.imageassociation", "pk": "9987f109-66f5-47c1-93e9-e8f126366841", "fields": {"created": "2024-09-02T10:44:38.701Z", "modified": "2024-09-02T10:44:38.701Z", "author": "3b22bf18-a292-4b23-9503-cf79a5295fe0", "image": "", "image_url": "https://images.unsplash.com/photo-1643185450492-6ba77dea00f6?ixid=M3w1OTU5OTd8MHwxfHNlYXJjaHwxfHxNYWtldXB8ZW58MHx8fHwxNzI1MjE0Nzc2fDA&ixlib=rb-4.0.3"}}, {"model": "vocabulary.imageassociation", "pk": "9a98613b-85c0-48f1-a3e0-fb3222d14c7a", "fields": {"created": "2024-09-02T10:47:14.128Z", "modified": "2024-09-02T10:47:14.128Z", "author": "3b22bf18-a292-4b23-9503-cf79a5295fe0", "image": "", "image_url": "https://images.unsplash.com/photo-1482330454287-3cf6611d0bc9?ixid=M3w1OTU5OTd8MHwxfHNlYXJjaHw4fHxob2xpZGF5fGVufDB8fHx8MTcyNTIwOTYzMnww&ixlib=rb-4.0.3"}}, {"model": "vocabulary.imageassociation", "pk": "9f130da5-2a60-4fcb-8d6a-4d1dccc80616", "fields": {"created": "2024-09-02T12:33:02.558Z", "modified": "2024-09-02T12:33:02.558Z", "author": "f9c4ebab-d4a8-4207-bafc-6d79a8388d26", "image": "", "image_url": "https://images.unsplash.com/photo-1623068285726-21b0fcabe7f8?ixid=M3w1OTU5OTd8MHwxfHNlYXJjaHwyfHx0aWNrZXR8ZW58MHx8fHwxNzI1MjY4ODg2fDA&ixlib=rb-4.0.3"}}, {"model": "vocabulary.imageassociation", "pk": "ae5c1c59-0298-42c7-b1b2-8e7f3103de97", "fields": {"created": "2024-09-02T12:30:26.603Z", "modified": "2024-09-02T12:30:26.603Z", "author": "f9c4ebab-d4a8-4207-bafc-6d79a8388d26", "image": "", "image_url": "https://images.unsplash.com/photo-1497644083578-611b798c60f3?ixid=M3w1OTU5OTd8MHwxfHNlYXJjaHwyfHxyZXN0YXVyYW50fGVufDB8fHx8MTcyNTI2OTg2MHww&ixlib=rb-4.0.3"}}, {"model": "vocabulary.imageassociation", "pk": "bc81f15e-7a83-423c-bb1f-c8499b982d70", "fields": {"created": "2024-09-02T10:40:48.039Z", "modified": "2024-09-02T10:40:48.039Z", "author": "3b22bf18-a292-4b23-9503-cf79a5295fe0", "image": "", "image_url": "https://images.unsplash.com/photo-1643185450492-6ba77dea00f6?ixid=M3w1OTU5OTd8MHwxfHNlYXJjaHwxfHxNYWtldXB8ZW58MHx8fHwxNzI1MjE0Nzc2fDA&ixlib=rb-4.0.3"}}, {"model": "vocabulary.imageassociation", "pk": "c1ce55f0-cb49-41cf-962e-37c8de7a4d26", "fields": {"created": "2024-09-02T10:47:07.777Z", "modified": "2024-09-02T10:47:07.777Z", "author": "3b22bf18-a292-4b23-9503-cf79a5295fe0", "image": "", "image_url": "https://images.unsplash.com/photo-1499988921418-b7df40ff03f9?ixid=M3w1OTU5OTd8MHwxfHNlYXJjaHwxfHxEZXNlcnR8ZW58MHx8fHwxNzI1MjE1Mzg4fDA&ixlib=rb-4.0.3"}}, {"model": "vocabulary.imageassociation", "pk": "c2e6c478-f12c-42f5-92e4-21fac7e084c8", "fields": {"created": "2024-09-02T12:30:38.021Z", "modified": "2024-09-02T12:30:38.021Z", "author": "f9c4ebab-d4a8-4207-bafc-6d79a8388d26", "image": "", "image_url": "https://images.unsplash.com/photo-1519682214708-973477a2529a?ixid=M3w1OTU5OTd8MHwxfHNlYXJjaHwxM3x8Y29va2llfGVufDB8fHx8MTcyNTI2OTcxMHww&ixlib=rb-4.0.3"}}, {"model": "vocabulary.imageassociation", "pk": "ca4925e4-41b5-49cf-b123-9d8adbdaa006", "fields": {"created": "2024-09-02T10:37:43.655Z", "modified": "2024-09-02T10:37:43.655Z", "author": "3b22bf18-a292-4b23-9503-cf79a5295fe0", "image": "", "image_url": "https://images.unsplash.com/photo-1433891248364-3ce993ff0e92?ixid=M3w1OTU5OTd8MHwxfHNlYXJjaHwzfHx0ZWF8ZW58MHx8fHwxNzI1MjEwMDM2fDA&ixlib=rb-4.0.3"}}, {"model": "vocabulary.imageassociation", "pk": "cd1aca49-b30c-4de5-b794-99fc173f5fbd", "fields": {"created": "2024-09-02T10:40:08.639Z", "modified": "2024-09-02T10:40:08.639Z", "author": "3b22bf18-a292-4b23-9503-cf79a5295fe0", "image": "", "image_url": "https://images.unsplash.com/photo-1501426026826-31c667bdf23d?ixid=M3w1OTU5OTd8MHwxfHNlYXJjaHwxfHx2YWNhdGlvbnxlbnwwfHx8fDE3MjUyMTM1MDB8MA&ixlib=rb-4.0.3"}}, {"model": "vocabulary.imageassociation", "pk": "ced35332-6712-41b7-99c9-7417a4320e7f", "fields": {"created": "2024-09-02T12:32:58.460Z", "modified": "2024-09-02T12:32:58.460Z", "author": "f9c4ebab-d4a8-4207-bafc-6d79a8388d26", "image": "", "image_url": "https://images.unsplash.com/photo-1643490745747-d187315225b8?ixid=M3w1OTU5OTd8MHwxfHNlYXJjaHwzfHxkYW5jZXN8ZW58MHx8fHwxNzI1MjY5MDI3fDA&ixlib=rb-4.0.3"}}, {"model": "vocabulary.imageassociation", "pk": "d884d9ba-5319-4b53-9ce3-3f95e4fca178", "fields": {"created": "2024-09-02T10:40:02.220Z", "modified": "2024-09-02T10:40:02.220Z", "author": "3b22bf18-a292-4b23-9503-cf79a5295fe0", "image": "", "image_url": "https://images.unsplash.com/photo-1614636006346-d3fb453b9901?ixid=M3w1OTU5OTd8MHwxfHNlYXJjaHwxfHxWaWxsYWdlfGVufDB8fHx8MTcyNTIxNDMxMXww&ixlib=rb-4.0.3"}}, {"model": "vocabulary.imageassociation", "pk": "ded4dde3-cdad-4c42-99d4-dc430794c488", "fields": {"created": "2024-09-02T10:40:30.872Z", "modified": "2024-09-02T10:40:30.872Z", "author": "3b22bf18-a292-4b23-9503-cf79a5295fe0", "image": "", "image_url": "https://images.unsplash.com/photo-1487139975590-b4f1dce9b035?ixid=M3w1OTU5OTd8MHwxfHNlYXJjaHwxfHxGbG93ZXJ8ZW58MHx8fHwxNzI1MjE0Njg1fDA&ixlib=rb-4.0.3"}}, {"model": "vocabulary.imageassociation", "pk": "e1086573-54c6-4879-a5d7-3ad9f076b7fe", "fields": {"created": "2024-09-02T12:30:39.707Z", "modified": "2024-09-02T12:30:39.707Z", "author": "f9c4ebab-d4a8-4207-bafc-6d79a8388d26", "image": "", "image_url": "https://images.unsplash.com/photo-1486427944299-d1955d23e34d?ixid=M3w1OTU5OTd8MHwxfHNlYXJjaHwxfHxjYWtlfGVufDB8fHx8MTcyNTE4NDgzOHww&ixlib=rb-4.0.3"}}, {"model": "vocabulary.imageassociation", "pk": "e6874225-1675-4f2a-9d3f-0cd4e25ce953", "fields": {"created": "2024-09-02T10:40:19.723Z", "modified": "2024-09-02T10:40:19.723Z", "author": "3b22bf18-a292-4b23-9503-cf79a5295fe0", "image": "", "image_url": "https://images.unsplash.com/photo-1509515837298-2c67a3933321?ixid=M3w1OTU5OTd8MHwxfHNlYXJjaHwxfHxOaWdodHxlbnwwfHx8fDE3MjUyMTQ1Mjd8MA&ixlib=rb-4.0.3"}}, {"model": "vocabulary.imageassociation", "pk": "ef3e5092-8a7c-4ebe-8875-e6dd7d350dd4", "fields": {"created": "2024-09-02T10:36:07.920Z", "modified": "2024-09-02T10:36:07.920Z", "author": "3b22bf18-a292-4b23-9503-cf79a5295fe0", "image": "", "image_url": "https://images.unsplash.com/photo-1667132712523-e22ceda0dcd9?ixid=M3w1OTU5OTd8MHwxfHNlYXJjaHwxfHx0ZW1wbGV8ZW58MHx8fHwxNzI1MjA5OTIxfDA&ixlib=rb-4.0.3"}}, {"model": "vocabulary.imageassociation", "pk": "ef5932a1-414f-4a1a-8384-50fa7822d217", "fields": {"created": "2024-09-02T10:34:38.382Z", "modified": "2024-09-02T10:34:38.382Z", "author": "3b22bf18-a292-4b23-9503-cf79a5295fe0", "image": "", "image_url": "https://images.unsplash.com/photo-1514495021973-06719621b160?ixid=M3w1OTU5OTd8MHwxfHNlYXJjaHwxMHx8Y29va2llfGVufDB8fHx8MTcyNTE0MDE3Nnww&ixlib=rb-4.0.3"}}, {"model": "vocabulary.imageassociation", "pk": "f0a99088-734e-4a11-a9d8-2adaf990087e", "fields": {"created": "2024-09-02T12:32:52.508Z", "modified": "2024-09-02T12:32:52.508Z", "author": "f9c4ebab-d4a8-4207-bafc-6d79a8388d26", "image": "", "image_url": "https://images.unsplash.com/photo-1471877325906-aee7c2240b5f?ixid=M3w1OTU5OTd8MHwxfHNlYXJjaHw5fHx0aGVhdHJlfGVufDB8fHx8MTcyNTI2OTEzN3ww&ixlib=rb-4.0.3"}}, {"model": "vocabulary.imageassociation", "pk": "f537927d-b608-4af7-8708-707a5342975a", "fields": {"created": "2024-09-02T12:30:34.883Z", "modified": "2024-09-02T12:30:34.883Z", "author": "f9c4ebab-d4a8-4207-bafc-6d79a8388d26", "image": "", "image_url": "https://images.unsplash.com/photo-1517248135467-4c7edcad34c4?ixid=M3w1OTU5OTd8MHwxfHNlYXJjaHwxfHxyZXN0YXVyYW50fGVufDB8fHx8MTcyNTI2OTg2MHww&ixlib=rb-4.0."}}, {"model": "vocabulary.imageassociation", "pk": "f5c32f38-a5d4-4b5b-9bee-ceac9b000de0", "fields": {"created": "2024-09-02T10:44:47.319Z", "modified": "2024-09-02T10:44:47.319Z", "author": "3b22bf18-a292-4b23-9503-cf79a5295fe0", "image": "", "image_url": "https://images.unsplash.com/photo-1512621776951-a57141f2eefd?ixid=M3w1OTU5OTd8MHwxfHNlYXJjaHwzfHxTYWxhZHxlbnwwfHx8fDE3MjUyMTQ5NDB8MA&ixlib=rb-4.0.3"}}, {"model": "vocabulary.imageassociation", "pk": "f78da4b8-e021-44f5-bae8-ae73338631b2", "fields": {"created": "2024-09-02T10:40:19.935Z", "modified": "2024-09-02T10:40:19.935Z", "author": "3b22bf18-a292-4b23-9503-cf79a5295fe0", "image": "", "image_url": "https://images.unsplash.com/photo-1534447677768-be436bb09401?ixid=M3w1OTU5OTd8MHwxfHNlYXJjaHwyfHxOaWdodHxlbnwwfHx8fDE3MjUyMTQ1Mjd8MA&ixlib=rb-4.0.3"}}, {"model": "vocabulary.imageassociation", "pk": "fbebec0a-4278-405d-9257-828897e074f1", "fields": {"created": "2024-09-02T10:39:50.195Z", "modified": "2024-09-02T10:39:50.195Z", "author": "3b22bf18-a292-4b23-9503-cf79a5295fe0", "image": "", "image_url": "https://images.unsplash.com/photo-1671418421037-96dbf36f2ead?ixid=M3w1OTU5OTd8MHwxfHNlYXJjaHwxfHxzZXJmaW5nfGVufDB8fHx8MTcyNTIxNDEyNnww&ixlib=rb-4.0.3"}}, {"model": "vocabulary.collection", "pk": "08bd986e-9b1f-436a-a653-f023a1f96b97", "fields": {"created": "2024-09-02T11:44:31.278Z", "modified": "2024-09-02T11:44:31.278Z", "slug": "idioms-test_user1", "author": "3b22bf18-a292-4b23-9503-cf79a5295fe0", "title": "Idioms", "description": ""}}, {"model": "vocabulary.collection", "pk": "262dad2c-5416-424d-be61-036c22e0f61b", "fields": {"created": "2024-09-02T10:51:00.918Z", "modified": "2024-09-02T10:51:00.918Z", "slug": "feelings-emotions-test_user1", "author": "3b22bf18-a292-4b23-9503-cf79a5295fe0", "title": "Feelings & emotions", "description": ""}}, {"model": "vocabulary.collection", "pk": "29fd9b2d-cec2-4c03-a54b-a64cb8bc1c09", "fields": {"created": "2024-09-02T10:34:39.487Z", "modified": "2024-09-02T11:32:14.326Z", "slug": "simple-words-test_user1", "author": "3b22bf18-a292-4b23-9503-cf79a5295fe0", "title": "Simple words", "description": "Just some start words"}}, {"model": "vocabulary.collection", "pk": "f6df6f7a-8708-4cce-af8b-52f6d76cce10", "fields": {"created": "2024-09-02T12:30:24.133Z", "modified": "2024-09-02T12:30:24.133Z", "slug": "pasto-test_user2", "author": "f9c4ebab-d4a8-4207-bafc-6d79a8388d26", "title": "Pasto", "description": ""}}, {"model": "vocabulary.wordtranslations", "pk": "07edf00a-de88-4291-925e-cf72e79c44f5", "fields": {"created": "2024-09-02T10:58:09.874Z", "word": "9e10a6c4-be36-4732-96a2-841fc72d3194", "translation": "f0d01ddc-fa02-412b-8cd4-09946530c035"}}, {"model": "vocabulary.wordtranslations", "pk": "0b98c850-2252-458f-afc6-d0f861aafdbc", "fields": {"created": "2024-09-02T10:50:52.513Z", "word": "8e3b9da1-da45-4f38-b54e-a6a8e6080ed4", "translation": "a20c6336-bf0d-4882-87d1-008ec5c2bdfb"}}, {"model": "vocabulary.wordtranslations", "pk": "0fb73ba7-ab39-416e-89d0-84971c32450e", "fields": {"created": "2024-09-02T10:40:54.383Z", "word": "10b3a422-8424-4831-966e-2cb19a49fc9d", "translation": "cb6d20f4-4f0b-4a91-a134-5848400722c9"}}, {"model": "vocabulary.wordtranslations", "pk": "1182a964-4a58-4312-adbc-01f764e5af41", "fields": {"created": "2024-09-02T12:33:00.297Z", "word": "e971b0b8-9168-40d9-80ec-26abafaf9db2", "translation": "3c8f6fcf-e107-4b21-8751-e1f570739973"}}, {"model": "vocabulary.wordtranslations", "pk": "1c7cffcc-ee2c-4458-b9d9-cb62e8985e28", "fields": {"created": "2024-09-02T10:58:10.954Z", "word": "ad647cf6-baba-4058-8765-31e56379f86f", "translation": "86af3079-3eb2-4fe8-a85e-c5731ce2983e"}}, {"model": "vocabulary.wordtranslations", "pk": "1ddd1f33-5081-48b7-87c6-887f87fed40a", "fields": {"created": "2024-09-02T10:36:00.235Z", "word": "dca5b2f5-ba61-423d-a540-fdb611d8f1e8", "translation": "bf3450c0-6529-4446-a662-4cb2c21d310d"}}, {"model": "vocabulary.wordtranslations", "pk": "1f4a8e7c-b949-40f6-a605-9715bf742a11", "fields": {"created": "2024-09-02T12:32:48.829Z", "word": "41e5132b-9ecf-41be-94e8-bce0ef7b3bfb", "translation": "88e8a988-3df6-403d-b2fe-b328698eebde"}}, {"model": "vocabulary.wordtranslations", "pk": "2486639b-ab49-4cc4-999d-6055621971e6", "fields": {"created": "2024-09-02T12:30:30.276Z", "word": "bc7451ad-7255-46aa-8cea-4ae26b56c5cd", "translation": "f581528e-69c3-486e-8afa-950d250c7bf1"}}, {"model": "vocabulary.wordtranslations", "pk": "251010c9-4792-4645-823c-f3519a553568", "fields": {"created": "2024-09-02T10:50:47.601Z", "word": "07601802-462f-437c-b459-a9e46ebec86a", "translation": "3594cf7a-2b96-436c-9fee-39b5b1f9d087"}}, {"model": "vocabulary.wordtranslations", "pk": "27d0ba2c-9e23-4b2b-a7b8-6ca76e203a80", "fields": {"created": "2024-09-02T12:30:45.890Z", "word": "d2138fbb-65f0-44e5-86f4-a2947c3cded9", "translation": "cc9501fe-5823-46d8-963d-4f70fd3eedd9"}}, {"model": "vocabulary.wordtranslations", "pk": "2b2568ed-ae34-4760-a6ef-f96c0ea94434", "fields": {"created": "2024-09-02T10:47:13.879Z", "word": "8dc881d1-8844-46df-b4fb-c11106ebf7a7", "translation": "bf3450c0-6529-4446-a662-4cb2c21d310d"}}, {"model": "vocabulary.wordtranslations", "pk": "2eb36e58-bad5-484c-a526-0695f2638292", "fields": {"created": "2024-09-02T12:32:50.854Z", "word": "f70d196b-f98a-496c-83ed-c54e0c295652", "translation": "15fdb90d-4283-41e9-9331-a7496529bada"}}, {"model": "vocabulary.wordtranslations", "pk": "304bac79-729e-4ff7-b0f6-b578227f9cf4", "fields": {"created": "2024-09-02T10:45:01.095Z", "word": "0173decb-5a99-44c4-945d-6b0bb5d76df0", "translation": "a2a635ae-32c7-45b6-8179-2ace320a7ac3"}}, {"model": "vocabulary.wordtranslations", "pk": "343b4132-958c-411a-9ca7-540293c71c49", "fields": {"created": "2024-09-02T10:58:08.672Z", "word": "d7e1da42-8d1d-4260-a6e4-5cd1b351ab0d", "translation": "4d00fe87-0e56-4c64-801e-431505447070"}}, {"model": "vocabulary.wordtranslations", "pk": "3d7c167f-ef70-4b91-9e35-a5d7945a5687", "fields": {"created": "2024-09-02T10:56:49.310Z", "word": "d42d65f2-d5a8-420c-a9d8-72a2e2b490bb", "translation": "4765c702-50fc-4a75-b541-331a77fbd059"}}, {"model": "vocabulary.wordtranslations", "pk": "3eed7cef-4d1d-4552-aacf-b4ffcb650584", "fields": {"created": "2024-09-02T12:32:58.352Z", "word": "09bddabf-bc62-4b22-b490-b488f3e3e6c6", "translation": "b202302c-5aeb-4e29-bbb8-ae9a3200d0aa"}}, {"model": "vocabulary.wordtranslations", "pk": "414c0978-f183-4cae-a9aa-1ae20a06b00a", "fields": {"created": "2024-09-02T10:37:39.636Z", "word": "e0227803-547a-4c69-a594-719440d5eabe", "translation": "9dd94ba0-9e71-4277-a4b4-f3af3127e5cc"}}, {"model": "vocabulary.wordtranslations", "pk": "47ea842e-ae6e-446c-90c5-f80693217b32", "fields": {"created": "2024-09-02T12:32:58.352Z", "word": "09bddabf-bc62-4b22-b490-b488f3e3e6c6", "translation": "3ed2058f-d4a2-498d-ba47-edc453830bbe"}}, {"model": "vocabulary.wordtranslations", "pk": "495ef5d6-de7b-4c75-8732-1d0b1bacfab5", "fields": {"created": "2024-09-02T10:39:32.190Z", "word": "56cd8fbf-4213-42c3-89a3-744af70a0fb8", "translation": "2d02fd56-3677-4873-b44a-f41e3b3e70e0"}}, {"model": "vocabulary.wordtranslations", "pk": "4cb442e7-13c2-455b-b1af-8fa7487992ce", "fields": {"created": "2024-09-02T10:39:36.809Z", "word": "3ecb26ee-cdcc-4190-b512-19c4d5ecff44", "translation": "b68d7eb1-8b03-4b01-94fc-3f5e44dc41aa"}}, {"model": "vocabulary.wordtranslations", "pk": "5870d9fb-0925-4133-a096-ee05bccee6e0", "fields": {"created": "2024-09-02T12:32:52.305Z", "word": "ee7e9ecd-8197-4b73-8718-939b74a8c425", "translation": "6f9c7627-27e2-472e-8a10-97013ff4f4a5"}}, {"model": "vocabulary.wordtranslations", "pk": "589464ac-b0f0-4bd6-ad9e-76dd235db14e", "fields": {"created": "2024-09-02T10:37:48.260Z", "word": "0ced6e46-c1df-4f59-895c-7e9c01adb182", "translation": "a20c6336-bf0d-4882-87d1-008ec5c2bdfb"}}, {"model": "vocabulary.wordtranslations", "pk": "5abb42e6-9372-4b76-8e1d-7e5a1cbb27b0", "fields": {"created": "2024-09-02T10:50:55.408Z", "word": "cc55f3a2-6408-4426-801d-950fbf38db30", "translation": "a42b5ffd-5589-456d-9bfa-0396524db470"}}, {"model": "vocabulary.wordtranslations", "pk": "5ddfcc98-a2c6-4337-8a30-b9251594ae36", "fields": {"created": "2024-09-02T12:32:50.854Z", "word": "f70d196b-f98a-496c-83ed-c54e0c295652", "translation": "dc3a70dd-7e50-4382-b0c8-b36fc464d667"}}, {"model": "vocabulary.wordtranslations", "pk": "5de65f4e-9cfb-483f-97f7-35e8310e74e0", "fields": {"created": "2024-09-02T12:30:37.929Z", "word": "c0328749-97c2-44ed-b40d-056be7959061", "translation": "c98e794c-361b-4173-bdb9-a5b1a7064fc7"}}, {"model": "vocabulary.wordtranslations", "pk": "5e3b0756-8056-4e2d-9a16-8fa9cc774b2b", "fields": {"created": "2024-09-02T12:32:46.274Z", "word": "2437594d-4a74-4d96-a2a3-eeef31baee62", "translation": "88e8a988-3df6-403d-b2fe-b328698eebde"}}, {"model": "vocabulary.wordtranslations", "pk": "671ca846-cd10-47ef-be09-40beb7d6434e", "fields": {"created": "2024-09-02T10:44:40.939Z", "word": "80319d7b-6dd4-43d7-9017-8dee62c0429e", "translation": "1ac9f976-ccc9-4e3a-8e55-685f8ddba3a3"}}, {"model": "vocabulary.wordtranslations", "pk": "71bc53f8-8b51-4b68-a018-bc080fb8af30", "fields": {"created": "2024-09-02T12:32:55.280Z", "word": "404eda0b-615d-4e56-a8a4-156e942469ca", "translation": "d84162d9-83db-4271-849a-380b480c0ff5"}}, {"model": "vocabulary.wordtranslations", "pk": "72a1253d-08a0-4673-b6d8-a1ae4d55bc13", "fields": {"created": "2024-09-02T10:56:51.320Z", "word": "c0008eeb-9af6-4149-abb3-e9809a90a6ec", "translation": "5f669b44-9404-4873-9117-5f74a09141c5"}}, {"model": "vocabulary.wordtranslations", "pk": "7ad049f5-7837-42dd-9202-d384d2efed35", "fields": {"created": "2024-09-02T10:40:08.290Z", "word": "8750ab28-3a3f-46df-9267-5d232c20f473", "translation": "a20c6336-bf0d-4882-87d1-008ec5c2bdfb"}}, {"model": "vocabulary.wordtranslations", "pk": "7d9293a9-ccb0-4f1a-98d9-5b5406c9fba9", "fields": {"created": "2024-09-02T12:30:34.574Z", "word": "1c5a238e-f522-4f61-a3d9-be3b109c0697", "translation": "6b71e87e-760e-4557-af29-ef910c7930fe"}}, {"model": "vocabulary.wordtranslations", "pk": "835b12be-ade6-4cba-94f6-9b1091ebd134", "fields": {"created": "2024-09-02T10:40:25.098Z", "word": "c249ca6a-e223-47fe-975e-96e6f4532edc", "translation": "3594cf7a-2b96-436c-9fee-39b5b1f9d087"}}, {"model": "vocabulary.wordtranslations", "pk": "84e39d90-42d3-4e38-8d5b-c91ef4343451", "fields": {"created": "2024-09-02T12:30:42.561Z", "word": "f99c1dde-8964-4d86-8858-8efc79de9fdd", "translation": "5f791cca-6622-440c-b076-3f7aad9df046"}}, {"model": "vocabulary.wordtranslations", "pk": "86704c2f-3372-4f17-91b2-5b958f59b6e2", "fields": {"created": "2024-09-02T12:30:37.929Z", "word": "c0328749-97c2-44ed-b40d-056be7959061", "translation": "b4a4261f-ae98-4569-8fe1-f0e77e289502"}}, {"model": "vocabulary.wordtranslations", "pk": "87f9530b-4c62-4e44-858b-90b8dd0a182b", "fields": {"created": "2024-09-02T12:30:30.276Z", "word": "bc7451ad-7255-46aa-8cea-4ae26b56c5cd", "translation": "eb93ad7d-ef46-4b0a-bd00-ed250513a696"}}, {"model": "vocabulary.wordtranslations", "pk": "8a9819ba-0932-4c16-9c1a-a4b8ac080605", "fields": {"created": "2024-09-02T10:51:05.357Z", "word": "25851dad-3923-4a64-b435-fec50c01bcb5", "translation": "38189cf8-f1ac-49bc-978f-4b18f4d875c5"}}, {"model": "vocabulary.wordtranslations", "pk": "8ad823e3-38a2-41e2-b496-a153032d43f2", "fields": {"created": "2024-09-02T12:32:46.274Z", "word": "2437594d-4a74-4d96-a2a3-eeef31baee62", "translation": "e3349880-ac71-46cb-b9d9-4380e87472ef"}}, {"model": "vocabulary.wordtranslations", "pk": "8fb43e1a-1453-4ab7-9a05-ad6c40003293", "fields": {"created": "2024-09-02T10:39:54.283Z", "word": "0bf3da3a-909c-4fd8-b019-81168e205ff0", "translation": "c697ca37-6155-4281-9e36-3263ba64519b"}}, {"model": "vocabulary.wordtranslations", "pk": "91f5f7e3-f577-40a3-8a44-8f12ac30eebe", "fields": {"created": "2024-09-02T10:44:50.654Z", "word": "ad915bbc-362b-4b5a-9a9c-333a0c55e4a6", "translation": "bb059885-8c14-468e-b8f1-e417d841c5cf"}}, {"model": "vocabulary.wordtranslations", "pk": "92984b7c-fa22-4b49-b31b-55e0c65fba3d", "fields": {"created": "2024-09-02T10:47:07.515Z", "word": "e91d517b-5063-4394-abb9-450ceae380b9", "translation": "3d06a00b-f5f1-44fb-ae35-74ba142ad6a6"}}, {"model": "vocabulary.wordtranslations", "pk": "9472898c-0da2-4283-868d-5a2669f7bbf2", "fields": {"created": "2024-09-02T10:40:37.825Z", "word": "ac9988de-3844-4c8e-9bf5-d51d3afb33aa", "translation": "6bb79009-bc73-494d-85e6-5d8972efbbcf"}}, {"model": "vocabulary.wordtranslations", "pk": "9b411f34-3e35-4b8b-aa8f-2144b89ab403", "fields": {"created": "2024-09-02T12:30:26.428Z", "word": "bb5e6ade-d5a5-4e84-8ed1-a4758ff85690", "translation": "c5f5f326-ba2d-48ee-85af-d8a4188a816d"}}, {"model": "vocabulary.wordtranslations", "pk": "a27ee8fa-0446-4e3c-aea0-5201e431b447", "fields": {"created": "2024-09-02T12:32:58.352Z", "word": "09bddabf-bc62-4b22-b490-b488f3e3e6c6", "translation": "f4fc32fe-444a-410d-af88-e95d2afc893c"}}, {"model": "vocabulary.wordtranslations", "pk": "a9544b3b-5308-47ee-8250-68085f21cf9f", "fields": {"created": "2024-09-02T10:40:30.380Z", "word": "3a10dc4e-ab0c-41a3-8f21-59638475e4b1", "translation": "6bb79009-bc73-494d-85e6-5d8972efbbcf"}}, {"model": "vocabulary.wordtranslations", "pk": "b1c70c79-dcdd-4da3-8c00-3d67e41b79eb", "fields": {"created": "2024-09-02T12:33:02.449Z", "word": "e1d2c372-7f66-4b14-98c2-595d1a9720ab", "translation": "2ad1fa1a-40cc-47db-b2a3-0712406d4456"}}, {"model": "vocabulary.wordtranslations", "pk": "b596ca6d-4ee9-430e-ad4e-23775e2bc4d3", "fields": {"created": "2024-09-02T12:30:42.561Z", "word": "f99c1dde-8964-4d86-8858-8efc79de9fdd", "translation": "b920fcdb-32e7-411e-95cc-bea522b24e32"}}, {"model": "vocabulary.wordtranslations", "pk": "b5f5eb3e-27a8-4fe1-b82b-1a4ac029dfbf", "fields": {"created": "2024-09-02T12:30:39.606Z", "word": "971735c4-cc20-4950-a52e-487989453fb6", "translation": "be4f05aa-e4e9-4f17-998d-0fd1e069942a"}}, {"model": "vocabulary.wordtranslations", "pk": "b6c75185-d85a-4b40-afec-3abf7ec02745", "fields": {"created": "2024-09-02T12:30:23.315Z", "word": "8ed98d9a-39a1-459e-8580-702f88620636", "translation": "f8639919-0a38-409a-b51b-5c2675a484e4"}}, {"model": "vocabulary.wordtranslations", "pk": "b9db4fc6-be53-4e40-b5f6-e3438c0ad966", "fields": {"created": "2024-09-02T10:44:55.933Z", "word": "d97cce9d-e64b-4b66-8f0c-0a2b68062a60", "translation": "ffdabfab-66de-4d20-a973-16ac0f9e8f67"}}, {"model": "vocabulary.wordtranslations", "pk": "ba45fe40-195c-42a4-8579-0a55dc8f9c50", "fields": {"created": "2024-09-02T10:44:47.173Z", "word": "b1b63a4b-e7b7-487c-96d1-71e9d9c04a05", "translation": "1ac9f976-ccc9-4e3a-8e55-685f8ddba3a3"}}, {"model": "vocabulary.wordtranslations", "pk": "bc7aa6b6-60d4-4485-946c-65f4bd23a05d", "fields": {"created": "2024-09-02T12:30:48.913Z", "word": "9446b87f-3144-4658-abf2-f18b3904b704", "translation": "348ff007-4e7e-44f1-a267-17e3741a5f04"}}, {"model": "vocabulary.wordtranslations", "pk": "bcfd6f73-933f-4d2f-9620-3f5e1d2518dd", "fields": {"created": "2024-09-02T10:37:43.566Z", "word": "39aaf0b3-0efd-4ad0-a911-a4a604beb7ee", "translation": "a42b5ffd-5589-456d-9bfa-0396524db470"}}, {"model": "vocabulary.wordtranslations", "pk": "bf2e2308-8ba6-48e9-84a9-41d218e89bcc", "fields": {"created": "2024-09-02T11:44:30.978Z", "word": "75eb0c59-9029-48b0-8120-599b7acc1322", "translation": "1811763d-fe5a-4bbc-8813-830886497376"}}, {"model": "vocabulary.wordtranslations", "pk": "c1a53e67-1505-4f6b-bd83-238c0e13c728", "fields": {"created": "2024-09-02T10:40:01.490Z", "word": "f6c2adff-f76e-4c3b-8079-fc00d0525bad", "translation": "ac2f0eee-1206-4d05-9d7a-064743141118"}}, {"model": "vocabulary.wordtranslations", "pk": "c878831a-7aab-46de-a1b3-b20f011cbb1d", "fields": {"created": "2024-09-02T10:39:44.107Z", "word": "04e113d0-041c-48b6-b966-e4a2f0b76671", "translation": "38a7c832-0bfc-4c40-a8af-be2e9c5729ae"}}, {"model": "vocabulary.wordtranslations", "pk": "cef20399-8a2f-45dc-81a0-83fd20bd1c95", "fields": {"created": "2024-09-02T12:32:52.305Z", "word": "ee7e9ecd-8197-4b73-8718-939b74a8c425", "translation": "de7cca7d-07ae-4645-abf4-285e4af9c14e"}}, {"model": "vocabulary.wordtranslations", "pk": "d16bd2d2-896c-4d07-be6e-dea12da948b8", "fields": {"created": "2024-09-02T10:36:07.667Z", "word": "a5973090-eab5-459b-a098-644a734bba10", "translation": "7afe6322-fcfe-4ee7-b67d-717e4904d96b"}}, {"model": "vocabulary.wordtranslations", "pk": "d31cad40-af33-44cc-b6a0-a67d6b571db9", "fields": {"created": "2024-09-02T10:56:47.299Z", "word": "55962529-af26-4d69-af92-a790de792944", "translation": "4765c702-50fc-4a75-b541-331a77fbd059"}}, {"model": "vocabulary.wordtranslations", "pk": "d3acbfb8-94c5-4280-b278-4700f76762da", "fields": {"created": "2024-09-02T12:32:46.274Z", "word": "2437594d-4a74-4d96-a2a3-eeef31baee62", "translation": "bcb07e4c-1c06-476c-8f03-0efcdd404234"}}, {"model": "vocabulary.wordtranslations", "pk": "d616f187-8e55-425b-bb86-569f12715ee9", "fields": {"created": "2024-09-02T10:47:17.465Z", "word": "c939e5f9-2cb0-4ff8-85e5-207e1fb88584", "translation": "bf3450c0-6529-4446-a662-4cb2c21d310d"}}, {"model": "vocabulary.wordtranslations", "pk": "d8f93682-ea13-493e-bc9f-f6c85b95f44f", "fields": {"created": "2024-09-02T12:30:45.891Z", "word": "d2138fbb-65f0-44e5-86f4-a2947c3cded9", "translation": "9dcee276-2644-44c7-bbb3-5da0cec1d1b5"}}, {"model": "vocabulary.wordtranslations", "pk": "d9739c79-700e-48de-a859-fd7827671bf8", "fields": {"created": "2024-09-02T10:34:38.045Z", "word": "ac149d5c-d7d3-447b-9da0-7334a75445c1", "translation": "662de809-567d-4851-951b-fb278bc02b4a"}}, {"model": "vocabulary.wordtranslations", "pk": "dbd68dee-78a1-4250-9bef-7029fe389d6a", "fields": {"created": "2024-09-02T10:40:01.490Z", "word": "f6c2adff-f76e-4c3b-8079-fc00d0525bad", "translation": "9fd0e744-b2bf-497c-99ba-97e683a6a4f7"}}, {"model": "vocabulary.wordtranslations", "pk": "e2f0fa63-50f6-4b6e-9eb7-878e470e4ce9", "fields": {"created": "2024-09-02T10:40:47.903Z", "word": "8f4c3503-7f54-40d2-9d79-45cf4cbb59b7", "translation": "cb6d20f4-4f0b-4a91-a134-5848400722c9"}}, {"model": "vocabulary.wordtranslations", "pk": "e63ac409-d8b1-4d27-b471-b3d5eda336ce", "fields": {"created": "2024-09-02T12:32:55.280Z", "word": "404eda0b-615d-4e56-a8a4-156e942469ca", "translation": "52745696-1209-4d73-9caa-b8ca7de39d9c"}}, {"model": "vocabulary.wordtranslations", "pk": "ec7e11a2-4a38-45e5-8ec7-02b2eac8380d", "fields": {"created": "2024-09-02T10:39:32.190Z", "word": "56cd8fbf-4213-42c3-89a3-744af70a0fb8", "translation": "c7a2eeb1-9ede-4de3-8f93-89eea3c4347d"}}, {"model": "vocabulary.wordtranslations", "pk": "ee0d968b-171b-469d-84d0-ee374ad95c5f", "fields": {"created": "2024-09-02T10:44:38.542Z", "word": "049e6b66-2dc2-4fbf-b93d-ffb95f3de8b6", "translation": "cb6d20f4-4f0b-4a91-a134-5848400722c9"}}, {"model": "vocabulary.wordtranslations", "pk": "f0378c08-c3d7-4f39-a3bc-d8f6c35fdf81", "fields": {"created": "2024-09-02T12:30:48.913Z", "word": "9446b87f-3144-4658-abf2-f18b3904b704", "translation": "4b9dd3f6-7fb7-4179-8d19-d1fead7b0083"}}, {"model": "vocabulary.wordtranslations", "pk": "f0510cf0-bbae-45e1-98c0-58056875b042", "fields": {"created": "2024-09-02T10:51:00.077Z", "word": "38c89322-7825-4287-980b-164cd26895d1", "translation": "4bb0e54f-4182-4446-9c4e-41e4821b07d8"}}, {"model": "vocabulary.wordtranslations", "pk": "f0679c6d-b0e6-44c4-9818-3959c70ad10a", "fields": {"created": "2024-09-02T10:56:53.295Z", "word": "931420d8-e5f7-4716-ba9d-86adc873fa24", "translation": "6547e09e-0621-4ad2-9a21-3b45e89202d7"}}, {"model": "vocabulary.wordtranslations", "pk": "f2ac1b0d-5e3a-495f-84df-308c48e3bf35", "fields": {"created": "2024-09-02T10:39:47.073Z", "word": "abd31cb8-6ea9-4b25-8ac8-054d079d7bb9", "translation": "19a2e4c7-c0c0-4ebe-85da-e7e513f31725"}}, {"model": "vocabulary.wordtranslations", "pk": "ff24c506-337e-4e3b-9976-a6a96b805344", "fields": {"created": "2024-09-02T10:40:19.579Z", "word": "906f0124-0082-4ba3-9f3f-bed485a171b8", "translation": "3594cf7a-2b96-436c-9fee-39b5b1f9d087"}}, {"model": "vocabulary.wordtranslations", "pk": "ffc5fb6d-43ca-4ad9-9022-77b6cfe3cfe9", "fields": {"created": "2024-09-02T12:30:34.574Z", "word": "1c5a238e-f522-4f61-a3d9-be3b109c0697", "translation": "bd514515-1b20-4603-9183-7e205cb6745c"}}, {"model": "vocabulary.wordtranslations", "pk": "ffea0a6a-6ca7-4e6e-8665-3480e47926bd", "fields": {"created": "2024-09-02T12:32:48.829Z", "word": "41e5132b-9ecf-41be-94e8-bce0ef7b3bfb", "translation": "af57ec98-f8c3-46d6-9c0b-09fbe7d44190"}}, {"model": "vocabulary.wordimageassociations", "pk": "02b881d9-5fb2-4ca9-9b07-86e655c6ac5b", "fields": {"created": "2024-09-02T10:40:21.017Z", "word": "906f0124-0082-4ba3-9f3f-bed485a171b8", "image": "f78da4b8-e021-44f5-bae8-ae73338631b2"}}, {"model": "vocabulary.wordimageassociations", "pk": "05b78605-9ec5-4792-aef6-039992e18d32", "fields": {"created": "2024-09-02T10:40:03.934Z", "word": "f6c2adff-f76e-4c3b-8079-fc00d0525bad", "image": "d884d9ba-5319-4b53-9ce3-3f95e4fca178"}}, {"model": "vocabulary.wordimageassociations", "pk": "06954ca7-1544-4dc4-9203-7bea6b18cc9a", "fields": {"created": "2024-09-02T10:44:56.417Z", "word": "d97cce9d-e64b-4b66-8f0c-0a2b68062a60", "image": "2c76a6b2-13bf-4626-9ca8-0f2fb4a0b8bd"}}, {"model": "vocabulary.wordimageassociations", "pk": "09db68d2-7136-4c2b-8d4a-c3e2009fcb64", "fields": {"created": "2024-09-02T12:32:46.776Z", "word": "2437594d-4a74-4d96-a2a3-eeef31baee62", "image": "83b5b23d-6cb0-472c-8413-ced7afa302a0"}}, {"model": "vocabulary.wordimageassociations", "pk": "0eee360d-597b-435e-81cd-08b9ea445aaf", "fields": {"created": "2024-09-02T10:37:50.142Z", "word": "0ced6e46-c1df-4f59-895c-7e9c01adb182", "image": "8f5231da-3333-441f-9dcd-f858ad86191d"}}, {"model": "vocabulary.wordimageassociations", "pk": "1253a4d0-4d05-4979-8e54-c3f6fa5dad68", "fields": {"created": "2024-09-02T10:44:51.496Z", "word": "ad915bbc-362b-4b5a-9a9c-333a0c55e4a6", "image": "7e820526-7be7-457a-88a1-74553a6ba931"}}, {"model": "vocabulary.wordimageassociations", "pk": "14972d26-4577-4fc5-953f-23cd924f3205", "fields": {"created": "2024-09-02T12:32:49.208Z", "word": "41e5132b-9ecf-41be-94e8-bce0ef7b3bfb", "image": "24cfb6be-b1a0-4d4a-a6c8-83a32ff6689a"}}, {"model": "vocabulary.wordimageassociations", "pk": "17a5e0e1-4232-49e8-b020-36299504b8d1", "fields": {"created": "2024-09-02T10:44:41.517Z", "word": "80319d7b-6dd4-43d7-9017-8dee62c0429e", "image": "8f5ed38a-e306-468c-8f16-c26b8db951e8"}}, {"model": "vocabulary.wordimageassociations", "pk": "1833b567-b370-498b-bb05-ed03fe97f4e3", "fields": {"created": "2024-09-02T10:40:48.285Z", "word": "8f4c3503-7f54-40d2-9d79-45cf4cbb59b7", "image": "bc81f15e-7a83-423c-bb1f-c8499b982d70"}}, {"model": "vocabulary.wordimageassociations", "pk": "1b2eb06e-f77e-4e36-b221-6615c4b75708", "fields": {"created": "2024-09-02T10:37:50.142Z", "word": "0ced6e46-c1df-4f59-895c-7e9c01adb182", "image": "80587280-f0bd-452b-b8fa-6af971dfa319"}}, {"model": "vocabulary.wordimageassociations", "pk": "2589313c-29d8-42e2-b40c-a5cee836b707", "fields": {"created": "2024-09-02T10:45:01.606Z", "word": "0173decb-5a99-44c4-945d-6b0bb5d76df0", "image": "95095cde-8c19-4078-8cf2-2f8198c5fe5a"}}, {"model": "vocabulary.wordimageassociations", "pk": "2f497644-14dd-4dfd-8d8f-ed40918a21af", "fields": {"created": "2024-09-02T12:30:39.899Z", "word": "971735c4-cc20-4950-a52e-487989453fb6", "image": "e1086573-54c6-4879-a5d7-3ad9f076b7fe"}}, {"model": "vocabulary.wordimageassociations", "pk": "32a2b797-d757-4492-8c83-4403772d02af", "fields": {"created": "2024-09-02T10:39:44.671Z", "word": "04e113d0-041c-48b6-b966-e4a2f0b76671", "image": "72323180-411f-42cb-a197-68cb1876a7ce"}}, {"model": "vocabulary.wordimageassociations", "pk": "32b4b012-9a2e-41d9-8ea0-cd66d8784d4e", "fields": {"created": "2024-09-02T10:50:56.242Z", "word": "cc55f3a2-6408-4426-801d-950fbf38db30", "image": "1ccf54f7-30b5-4c1e-b6f2-71c7d2742a0a"}}, {"model": "vocabulary.wordimageassociations", "pk": "339d3157-80a9-4b44-aa7c-70a03cccba16", "fields": {"created": "2024-09-02T10:47:14.582Z", "word": "8dc881d1-8844-46df-b4fb-c11106ebf7a7", "image": "9a98613b-85c0-48f1-a3e0-fb3222d14c7a"}}, {"model": "vocabulary.wordimageassociations", "pk": "33dd06c0-982c-4ff5-b1c5-f8aab7481b58", "fields": {"created": "2024-09-02T10:34:38.746Z", "word": "ac149d5c-d7d3-447b-9da0-7334a75445c1", "image": "ef5932a1-414f-4a1a-8384-50fa7822d217"}}, {"model": "vocabulary.wordimageassociations", "pk": "342bbb8f-7e24-4d6d-a197-f3e28fef4dea", "fields": {"created": "2024-09-02T10:36:08.752Z", "word": "a5973090-eab5-459b-a098-644a734bba10", "image": "ef3e5092-8a7c-4ebe-8875-e6dd7d350dd4"}}, {"model": "vocabulary.wordimageassociations", "pk": "34705c4a-5951-4cc9-99da-8818ddc7efae", "fields": {"created": "2024-09-02T10:34:38.746Z", "word": "ac149d5c-d7d3-447b-9da0-7334a75445c1", "image": "7cc149f7-c10a-466f-b6ea-7c91f9873eaf"}}, {"model": "vocabulary.wordimageassociations", "pk": "434f837c-496b-4623-9613-4848dbf736b4", "fields": {"created": "2024-09-02T12:33:02.858Z", "word": "e1d2c372-7f66-4b14-98c2-595d1a9720ab", "image": "9f130da5-2a60-4fcb-8d6a-4d1dccc80616"}}, {"model": "vocabulary.wordimageassociations", "pk": "43cfdd19-6bf6-49b2-a856-6c473405501d", "fields": {"created": "2024-09-02T12:30:38.196Z", "word": "c0328749-97c2-44ed-b40d-056be7959061", "image": "c2e6c478-f12c-42f5-92e4-21fac7e084c8"}}, {"model": "vocabulary.wordimageassociations", "pk": "44a0e1d9-498e-4ccd-af66-421a47c90e48", "fields": {"created": "2024-09-02T10:40:14.757Z", "word": "13bddb34-bb35-42cd-82ee-00c0c7d344d6", "image": "0b4f4159-3757-420d-8a10-3ff7dd3de537"}}, {"model": "vocabulary.wordimageassociations", "pk": "476774d3-f243-4a07-9200-543be7918403", "fields": {"created": "2024-09-02T10:40:10.578Z", "word": "8750ab28-3a3f-46df-9267-5d232c20f473", "image": "73cddb63-49f4-4aae-8561-542901b45ea9"}}, {"model": "vocabulary.wordimageassociations", "pk": "4b1e4c5d-a242-4dfd-8c5e-ef3e63d32190", "fields": {"created": "2024-09-02T12:30:49.322Z", "word": "9446b87f-3144-4658-abf2-f18b3904b704", "image": "386d76bb-9e2b-4486-b82c-84c2d44c464a"}}, {"model": "vocabulary.wordimageassociations", "pk": "4ce99e90-1862-4fa5-9bd6-9c9957a948ea", "fields": {"created": "2024-09-02T10:50:52.992Z", "word": "8e3b9da1-da45-4f38-b54e-a6a8e6080ed4", "image": "2474a5f3-46ff-4dbd-b553-deca8d9752e0"}}, {"model": "vocabulary.wordimageassociations", "pk": "4ed5cb4d-dd18-49f5-9260-0959f45c6a3f", "fields": {"created": "2024-09-02T12:30:31.094Z", "word": "bc7451ad-7255-46aa-8cea-4ae26b56c5cd", "image": "07eb570c-43af-4ed4-82f7-642661894078"}}, {"model": "vocabulary.wordimageassociations", "pk": "5357cd29-6074-4886-8d5b-22b76e603926", "fields": {"created": "2024-09-02T12:30:23.724Z", "word": "8ed98d9a-39a1-459e-8580-702f88620636", "image": "5591276c-e8f2-444c-a6cf-e5c6dc25be3e"}}, {"model": "vocabulary.wordimageassociations", "pk": "5c364778-7b4b-404f-be7f-448227aac824", "fields": {"created": "2024-09-02T10:40:21.017Z", "word": "906f0124-0082-4ba3-9f3f-bed485a171b8", "image": "71f6c7d3-b209-4e62-bb2b-aeba690f5383"}}, {"model": "vocabulary.wordimageassociations", "pk": "5f207dd1-395f-419c-a7f6-d9e1164b9ae5", "fields": {"created": "2024-09-02T10:44:51.496Z", "word": "ad915bbc-362b-4b5a-9a9c-333a0c55e4a6", "image": "9987dca0-fd49-44d3-8912-8e108daa0bfa"}}, {"model": "vocabulary.wordimageassociations", "pk": "61c23340-cc8a-4310-ac8b-85da92beabe0", "fields": {"created": "2024-09-02T10:47:08.350Z", "word": "e91d517b-5063-4394-abb9-450ceae380b9", "image": "64fa8bb7-3ba1-4242-b54f-646f3e3f0e6b"}}, {"model": "vocabulary.wordimageassociations", "pk": "64328213-e228-4087-9679-b1e2d0dffa62", "fields": {"created": "2024-09-02T12:32:51.146Z", "word": "f70d196b-f98a-496c-83ed-c54e0c295652", "image": "4439b727-0243-4645-910e-3f6a050150e7"}}, {"model": "vocabulary.wordimageassociations", "pk": "673606f5-e462-4aea-9529-a9674e4b2aa0", "fields": {"created": "2024-09-02T10:40:55.110Z", "word": "10b3a422-8424-4831-966e-2cb19a49fc9d", "image": "176346ff-e6d3-43d6-9efa-ab0309b4604f"}}, {"model": "vocabulary.wordimageassociations", "pk": "6a2ce531-4f6e-4763-9f29-24e15cf74365", "fields": {"created": "2024-09-02T10:40:21.017Z", "word": "906f0124-0082-4ba3-9f3f-bed485a171b8", "image": "e6874225-1675-4f2a-9d3f-0cd4e25ce953"}}, {"model": "vocabulary.wordimageassociations", "pk": "6aa1a85c-4ef0-45d4-a2ac-42343ec2a1f1", "fields": {"created": "2024-09-02T10:39:50.788Z", "word": "4c721be8-865f-47ec-aa07-4fdbc30cc626", "image": "13d4b739-ec79-472f-a524-664f2ab3ea3f"}}, {"model": "vocabulary.wordimageassociations", "pk": "6f8f5ef7-30f9-49ea-855c-56b4a65fbe2d", "fields": {"created": "2024-09-02T10:40:26.175Z", "word": "c249ca6a-e223-47fe-975e-96e6f4532edc", "image": "610b183d-4530-4af8-bf08-3e2cf7ada746"}}, {"model": "vocabulary.wordimageassociations", "pk": "79a4c546-044a-41f2-a37a-6a19c695ac11", "fields": {"created": "2024-09-02T10:36:08.752Z", "word": "a5973090-eab5-459b-a098-644a734bba10", "image": "456bb0e8-91e3-46da-9aea-1135b459e060"}}, {"model": "vocabulary.wordimageassociations", "pk": "7cbc8c5c-059c-4df9-b50f-de64c08e8b17", "fields": {"created": "2024-09-02T12:30:35.399Z", "word": "1c5a238e-f522-4f61-a3d9-be3b109c0697", "image": "f537927d-b608-4af7-8708-707a5342975a"}}, {"model": "vocabulary.wordimageassociations", "pk": "85848088-96d5-46e2-88ef-fa4273c30eaa", "fields": {"created": "2024-09-02T10:40:31.849Z", "word": "3a10dc4e-ab0c-41a3-8f21-59638475e4b1", "image": "ded4dde3-cdad-4c42-99d4-dc430794c488"}}, {"model": "vocabulary.wordimageassociations", "pk": "8878cfc5-d52e-4c20-8fd1-c652a0a81045", "fields": {"created": "2024-09-02T10:40:26.175Z", "word": "c249ca6a-e223-47fe-975e-96e6f4532edc", "image": "9023787f-bdb3-49ba-a518-02c4e75fc07e"}}, {"model": "vocabulary.wordimageassociations", "pk": "93d9a18d-ebe3-4fde-86ea-7bda6c08d856", "fields": {"created": "2024-09-02T10:47:08.350Z", "word": "e91d517b-5063-4394-abb9-450ceae380b9", "image": "c1ce55f0-cb49-41cf-962e-37c8de7a4d26"}}, {"model": "vocabulary.wordimageassociations", "pk": "97d3a160-5f70-4380-b752-771a4d9635cd", "fields": {"created": "2024-09-02T10:44:47.656Z", "word": "b1b63a4b-e7b7-487c-96d1-71e9d9c04a05", "image": "f5c32f38-a5d4-4b5b-9bee-ceac9b000de0"}}, {"model": "vocabulary.wordimageassociations", "pk": "9a9619f2-1490-411f-8a09-9dd565cbf6d8", "fields": {"created": "2024-09-02T10:47:17.822Z", "word": "c939e5f9-2cb0-4ff8-85e5-207e1fb88584", "image": "8eac9bb6-457e-4197-8bb0-116cea67b5cd"}}, {"model": "vocabulary.wordimageassociations", "pk": "9b42c354-40a2-4a94-8536-ebbf216d486e", "fields": {"created": "2024-09-02T10:39:47.551Z", "word": "abd31cb8-6ea9-4b25-8ac8-054d079d7bb9", "image": "348da1f2-202e-494d-bce5-356aa18b616e"}}, {"model": "vocabulary.wordimageassociations", "pk": "9d5bb3cf-062c-4f96-b795-a881a5816c41", "fields": {"created": "2024-09-02T12:32:52.925Z", "word": "ee7e9ecd-8197-4b73-8718-939b74a8c425", "image": "f0a99088-734e-4a11-a9d8-2adaf990087e"}}, {"model": "vocabulary.wordimageassociations", "pk": "9ff00e3f-2ccc-4164-9dda-e4ef54c03a9c", "fields": {"created": "2024-09-02T12:32:58.761Z", "word": "09bddabf-bc62-4b22-b490-b488f3e3e6c6", "image": "ced35332-6712-41b7-99c9-7417a4320e7f"}}, {"model": "vocabulary.wordimageassociations", "pk": "aaf00039-e5d8-46a4-88a8-d0fd0810c071", "fields": {"created": "2024-09-02T12:33:01.014Z", "word": "e971b0b8-9168-40d9-80ec-26abafaf9db2", "image": "77139465-e978-486d-87f1-cc0470c101f9"}}, {"model": "vocabulary.wordimageassociations", "pk": "b053e828-aeb0-40f2-ab7e-daff1215b84b", "fields": {"created": "2024-09-02T12:30:27.104Z", "word": "bb5e6ade-d5a5-4e84-8ed1-a4758ff85690", "image": "ae5c1c59-0298-42c7-b1b2-8e7f3103de97"}}, {"model": "vocabulary.wordimageassociations", "pk": "ba5a7086-e310-49ca-9f1d-ad57ddfc325c", "fields": {"created": "2024-09-02T10:37:43.871Z", "word": "39aaf0b3-0efd-4ad0-a911-a4a604beb7ee", "image": "ca4925e4-41b5-49cf-b123-9d8adbdaa006"}}, {"model": "vocabulary.wordimageassociations", "pk": "be66de40-89ae-4b80-aaff-0559a7327ec2", "fields": {"created": "2024-09-02T10:39:37.817Z", "word": "3ecb26ee-cdcc-4190-b512-19c4d5ecff44", "image": "2dda7a14-fdb4-43cb-bd09-88ea31601b64"}}, {"model": "vocabulary.wordimageassociations", "pk": "bee38a5b-793d-4bf3-bc5b-5534d5c55b49", "fields": {"created": "2024-09-02T12:30:35.399Z", "word": "1c5a238e-f522-4f61-a3d9-be3b109c0697", "image": "57eaa6fa-07ba-47ab-8e29-db99875057fc"}}, {"model": "vocabulary.wordimageassociations", "pk": "c220ba91-7e7a-496b-9642-9d3118fd491f", "fields": {"created": "2024-09-02T10:34:38.746Z", "word": "ac149d5c-d7d3-447b-9da0-7334a75445c1", "image": "505701af-6801-4fcb-b2a5-f27284805b9c"}}, {"model": "vocabulary.wordimageassociations", "pk": "cae8ae83-0127-4775-9f7c-be87bd9f8c41", "fields": {"created": "2024-09-02T10:50:47.957Z", "word": "07601802-462f-437c-b459-a9e46ebec86a", "image": "41fef739-3716-4953-af00-b193a7063052"}}, {"model": "vocabulary.wordimageassociations", "pk": "d659e50e-798d-4894-8173-56c2e9cde4eb", "fields": {"created": "2024-09-02T10:39:55.177Z", "word": "0bf3da3a-909c-4fd8-b019-81168e205ff0", "image": "3fe2c5a3-6e8c-43bd-87cd-b1e6c2af3c1f"}}, {"model": "vocabulary.wordimageassociations", "pk": "d8001437-cec4-41f5-af9a-5ea6c1af2c68", "fields": {"created": "2024-09-02T10:40:10.578Z", "word": "8750ab28-3a3f-46df-9267-5d232c20f473", "image": "cd1aca49-b30c-4de5-b794-99fc173f5fbd"}}, {"model": "vocabulary.wordimageassociations", "pk": "e4d354d8-0c6a-4c98-9f68-cafd85cb34e7", "fields": {"created": "2024-09-02T10:40:03.934Z", "word": "f6c2adff-f76e-4c3b-8079-fc00d0525bad", "image": "0aea0b01-a7ae-41b2-9649-509f8f2e8952"}}, {"model": "vocabulary.wordimageassociations", "pk": "e77e2bcf-cfc8-4e4a-8966-597713aca66d", "fields": {"created": "2024-09-02T10:44:39.017Z", "word": "049e6b66-2dc2-4fbf-b93d-ffb95f3de8b6", "image": "9987f109-66f5-47c1-93e9-e8f126366841"}}, {"model": "vocabulary.wordimageassociations", "pk": "e7d1eb0e-7144-4469-92bc-0c14ec57b5aa", "fields": {"created": "2024-09-02T10:36:01.398Z", "word": "dca5b2f5-ba61-423d-a540-fdb611d8f1e8", "image": "5d0e8390-70fa-4085-9cfd-6e4aaebe905f"}}, {"model": "vocabulary.wordimageassociations", "pk": "e84d7a6f-38de-4df5-83c3-82e8123824ef", "fields": {"created": "2024-09-02T10:44:51.496Z", "word": "ad915bbc-362b-4b5a-9a9c-333a0c55e4a6", "image": "0a840336-1083-47d0-bcf8-be46bd14a773"}}, {"model": "vocabulary.wordimageassociations", "pk": "f0ec6e1a-ec83-40ba-9d36-66f4ec8f8cf5", "fields": {"created": "2024-09-02T12:32:55.895Z", "word": "404eda0b-615d-4e56-a8a4-156e942469ca", "image": "7ed764e1-f192-436e-a6ea-b31c93b2d8cd"}}, {"model": "vocabulary.wordimageassociations", "pk": "f4bbecd8-c457-4308-b77e-17e00745d51f", "fields": {"created": "2024-09-02T10:40:39.268Z", "word": "ac9988de-3844-4c8e-9bf5-d51d3afb33aa", "image": "40599a8c-2713-4b3b-9e00-9d3a61fb82d8"}}, {"model": "vocabulary.wordimageassociations", "pk": "f4f72809-b120-454e-bfa2-57631d98c9f1", "fields": {"created": "2024-09-02T10:39:50.788Z", "word": "4c721be8-865f-47ec-aa07-4fdbc30cc626", "image": "fbebec0a-4278-405d-9257-828897e074f1"}}, {"model": "vocabulary.wordsincollections", "pk": "00444ba6-2035-4dc9-9642-f189a909aef8", "fields": {"created": "2024-09-02T10:40:05.684Z", "word": "f6c2adff-f76e-4c3b-8079-fc00d0525bad", "collection": "29fd9b2d-cec2-4c03-a54b-a64cb8bc1c09"}}, {"model": "vocabulary.wordsincollections", "pk": "060289c2-8d20-41e0-97c5-414588401b6e", "fields": {"created": "2024-09-02T10:36:02.514Z", "word": "dca5b2f5-ba61-423d-a540-fdb611d8f1e8", "collection": "29fd9b2d-cec2-4c03-a54b-a64cb8bc1c09"}}, {"model": "vocabulary.wordsincollections", "pk": "0d7b0270-61a8-4f2a-8601-084184fc4fe6", "fields": {"created": "2024-09-02T10:40:12.868Z", "word": "8750ab28-3a3f-46df-9267-5d232c20f473", "collection": "29fd9b2d-cec2-4c03-a54b-a64cb8bc1c09"}}, {"model": "vocabulary.wordsincollections", "pk": "0e49146b-557f-409f-9b4d-6b1f1211e369", "fields": {"created": "2024-09-02T10:40:42.982Z", "word": "ac9988de-3844-4c8e-9bf5-d51d3afb33aa", "collection": "29fd9b2d-cec2-4c03-a54b-a64cb8bc1c09"}}, {"model": "vocabulary.wordsincollections", "pk": "114e966e-7a6f-43f6-b27a-0122eb01fe0f", "fields": {"created": "2024-09-02T10:56:47.991Z", "word": "55962529-af26-4d69-af92-a790de792944", "collection": "262dad2c-5416-424d-be61-036c22e0f61b"}}, {"model": "vocabulary.wordsincollections", "pk": "14141acc-d43c-44b1-8c7c-ea2dc8857e85", "fields": {"created": "2024-09-02T10:56:54.093Z", "word": "931420d8-e5f7-4716-ba9d-86adc873fa24", "collection": "262dad2c-5416-424d-be61-036c22e0f61b"}}, {"model": "vocabulary.wordsincollections", "pk": "1754dfdf-8920-41c9-a4b0-9012fc3985da", "fields": {"created": "2024-09-02T12:30:32.123Z", "word": "bc7451ad-7255-46aa-8cea-4ae26b56c5cd", "collection": "f6df6f7a-8708-4cce-af8b-52f6d76cce10"}}, {"model": "vocabulary.wordsincollections", "pk": "17f63662-3d02-441c-946c-7d0678808241", "fields": {"created": "2024-09-02T10:50:48.798Z", "word": "07601802-462f-437c-b459-a9e46ebec86a", "collection": "29fd9b2d-cec2-4c03-a54b-a64cb8bc1c09"}}, {"model": "vocabulary.wordsincollections", "pk": "1ecd27ad-65cc-4a7d-8b02-6795c6588dca", "fields": {"created": "2024-09-02T10:56:52.039Z", "word": "c0008eeb-9af6-4149-abb3-e9809a90a6ec", "collection": "262dad2c-5416-424d-be61-036c22e0f61b"}}, {"model": "vocabulary.wordsincollections", "pk": "262b702f-7052-4ed9-b5b3-fe1b995f4f44", "fields": {"created": "2024-09-02T10:45:03.015Z", "word": "0173decb-5a99-44c4-945d-6b0bb5d76df0", "collection": "29fd9b2d-cec2-4c03-a54b-a64cb8bc1c09"}}, {"model": "vocabulary.wordsincollections", "pk": "2b7b615a-e369-40b0-9d75-baf81219e9d3", "fields": {"created": "2024-09-02T12:30:36.219Z", "word": "1c5a238e-f522-4f61-a3d9-be3b109c0697", "collection": "f6df6f7a-8708-4cce-af8b-52f6d76cce10"}}, {"model": "vocabulary.wordsincollections", "pk": "30a81ff3-8287-40c3-8fbc-62857e49a6fb", "fields": {"created": "2024-09-02T10:40:56.895Z", "word": "10b3a422-8424-4831-966e-2cb19a49fc9d", "collection": "29fd9b2d-cec2-4c03-a54b-a64cb8bc1c09"}}, {"model": "vocabulary.wordsincollections", "pk": "346eea11-1d50-431d-b2e3-c0eda207bb2b", "fields": {"created": "2024-09-02T10:44:42.807Z", "word": "80319d7b-6dd4-43d7-9017-8dee62c0429e", "collection": "29fd9b2d-cec2-4c03-a54b-a64cb8bc1c09"}}, {"model": "vocabulary.wordsincollections", "pk": "3fc494bb-e199-4eaf-b255-2afc4850acf9", "fields": {"created": "2024-09-02T10:51:06.382Z", "word": "25851dad-3923-4a64-b435-fec50c01bcb5", "collection": "262dad2c-5416-424d-be61-036c22e0f61b"}}, {"model": "vocabulary.wordsincollections", "pk": "40cdca65-83a8-48e3-88e5-e735acb99c63", "fields": {"created": "2024-09-02T10:47:15.569Z", "word": "8dc881d1-8844-46df-b4fb-c11106ebf7a7", "collection": "29fd9b2d-cec2-4c03-a54b-a64cb8bc1c09"}}, {"model": "vocabulary.wordsincollections", "pk": "40ffd156-b37d-4676-9705-d44c44c8e91d", "fields": {"created": "2024-09-02T11:44:31.591Z", "word": "75eb0c59-9029-48b0-8120-599b7acc1322", "collection": "08bd986e-9b1f-436a-a653-f023a1f96b97"}}, {"model": "vocabulary.wordsincollections", "pk": "4337b5b1-53f0-46a3-a2af-fe82786bd349", "fields": {"created": "2024-09-02T10:40:34.129Z", "word": "3a10dc4e-ab0c-41a3-8f21-59638475e4b1", "collection": "29fd9b2d-cec2-4c03-a54b-a64cb8bc1c09"}}, {"model": "vocabulary.wordsincollections", "pk": "458c4584-5fe7-4abb-a564-7148ff03b003", "fields": {"created": "2024-09-02T10:40:22.578Z", "word": "906f0124-0082-4ba3-9f3f-bed485a171b8", "collection": "29fd9b2d-cec2-4c03-a54b-a64cb8bc1c09"}}, {"model": "vocabulary.wordsincollections", "pk": "45b447f0-d2b2-4b9e-8a0a-57b11584a1ec", "fields": {"created": "2024-09-02T10:50:53.785Z", "word": "8e3b9da1-da45-4f38-b54e-a6a8e6080ed4", "collection": "29fd9b2d-cec2-4c03-a54b-a64cb8bc1c09"}}, {"model": "vocabulary.wordsincollections", "pk": "48ac547c-5316-4f25-8a17-7c6cc3dd8f87", "fields": {"created": "2024-09-02T12:30:24.934Z", "word": "8ed98d9a-39a1-459e-8580-702f88620636", "collection": "f6df6f7a-8708-4cce-af8b-52f6d76cce10"}}, {"model": "vocabulary.wordsincollections", "pk": "4cb40f46-6f59-4b2c-8758-4ed67e4172cf", "fields": {"created": "2024-09-02T10:39:56.185Z", "word": "0bf3da3a-909c-4fd8-b019-81168e205ff0", "collection": "29fd9b2d-cec2-4c03-a54b-a64cb8bc1c09"}}, {"model": "vocabulary.wordsincollections", "pk": "5d4570eb-6721-4c13-b381-c57a3ed722db", "fields": {"created": "2024-09-02T10:51:01.547Z", "word": "38c89322-7825-4287-980b-164cd26895d1", "collection": "262dad2c-5416-424d-be61-036c22e0f61b"}}, {"model": "vocabulary.wordsincollections", "pk": "5f62d9ad-34d0-49d9-a17d-997e10bb9193", "fields": {"created": "2024-09-02T10:34:40.068Z", "word": "ac149d5c-d7d3-447b-9da0-7334a75445c1", "collection": "29fd9b2d-cec2-4c03-a54b-a64cb8bc1c09"}}, {"model": "vocabulary.wordsincollections", "pk": "69d7c3b3-fa2b-449f-bf3c-76e2f84e6e82", "fields": {"created": "2024-09-02T10:44:52.341Z", "word": "ad915bbc-362b-4b5a-9a9c-333a0c55e4a6", "collection": "29fd9b2d-cec2-4c03-a54b-a64cb8bc1c09"}}, {"model": "vocabulary.wordsincollections", "pk": "6b0f44f0-4677-4fb3-8026-423708d33260", "fields": {"created": "2024-09-02T10:40:50.667Z", "word": "8f4c3503-7f54-40d2-9d79-45cf4cbb59b7", "collection": "29fd9b2d-cec2-4c03-a54b-a64cb8bc1c09"}}, {"model": "vocabulary.wordsincollections", "pk": "6c390dc7-3152-45b0-b0e9-b738f65d6c6a", "fields": {"created": "2024-09-02T10:39:40.696Z", "word": "3ecb26ee-cdcc-4190-b512-19c4d5ecff44", "collection": "29fd9b2d-cec2-4c03-a54b-a64cb8bc1c09"}}, {"model": "vocabulary.wordsincollections", "pk": "6fb04e1e-adfe-42d4-bc86-65a14e5e0c6f", "fields": {"created": "2024-09-02T12:30:28.238Z", "word": "bb5e6ade-d5a5-4e84-8ed1-a4758ff85690", "collection": "f6df6f7a-8708-4cce-af8b-52f6d76cce10"}}, {"model": "vocabulary.wordsincollections", "pk": "74c50112-5315-4fe0-94c5-543e3b1dbeab", "fields": {"created": "2024-09-02T10:36:10.545Z", "word": "a5973090-eab5-459b-a098-644a734bba10", "collection": "29fd9b2d-cec2-4c03-a54b-a64cb8bc1c09"}}, {"model": "vocabulary.wordsincollections", "pk": "7bd2279e-671c-4161-8dc3-5f0d9bd0e200", "fields": {"created": "2024-09-02T10:50:57.558Z", "word": "cc55f3a2-6408-4426-801d-950fbf38db30", "collection": "29fd9b2d-cec2-4c03-a54b-a64cb8bc1c09"}}, {"model": "vocabulary.wordsincollections", "pk": "83432fa6-6f83-467a-8175-cee2f528d8a0", "fields": {"created": "2024-09-02T10:37:44.502Z", "word": "39aaf0b3-0efd-4ad0-a911-a4a604beb7ee", "collection": "29fd9b2d-cec2-4c03-a54b-a64cb8bc1c09"}}, {"model": "vocabulary.wordsincollections", "pk": "89e9848c-3f7d-4891-8eb9-aa7c619c779b", "fields": {"created": "2024-09-02T10:40:27.267Z", "word": "c249ca6a-e223-47fe-975e-96e6f4532edc", "collection": "29fd9b2d-cec2-4c03-a54b-a64cb8bc1c09"}}, {"model": "vocabulary.wordsincollections", "pk": "8be44702-ec4d-4b8e-a7cf-adba0bde32d5", "fields": {"created": "2024-09-02T10:40:16.456Z", "word": "13bddb34-bb35-42cd-82ee-00c0c7d344d6", "collection": "29fd9b2d-cec2-4c03-a54b-a64cb8bc1c09"}}, {"model": "vocabulary.wordsincollections", "pk": "8d50445d-90e7-49d4-a9b0-8541ead9a98e", "fields": {"created": "2024-09-02T12:30:38.762Z", "word": "c0328749-97c2-44ed-b40d-056be7959061", "collection": "f6df6f7a-8708-4cce-af8b-52f6d76cce10"}}, {"model": "vocabulary.wordsincollections", "pk": "91033df0-6676-4622-9d8b-4d10bfcae9a1", "fields": {"created": "2024-09-02T10:39:52.495Z", "word": "4c721be8-865f-47ec-aa07-4fdbc30cc626", "collection": "29fd9b2d-cec2-4c03-a54b-a64cb8bc1c09"}}, {"model": "vocabulary.wordsincollections", "pk": "93b6dc1f-98fd-4132-bf93-9d51c9afdfc5", "fields": {"created": "2024-09-02T10:37:40.527Z", "word": "e0227803-547a-4c69-a594-719440d5eabe", "collection": "29fd9b2d-cec2-4c03-a54b-a64cb8bc1c09"}}, {"model": "vocabulary.wordsincollections", "pk": "97311732-ea42-4baf-b2a9-c09ab0ae0e09", "fields": {"created": "2024-09-02T10:56:50.161Z", "word": "d42d65f2-d5a8-420c-a9d8-72a2e2b490bb", "collection": "262dad2c-5416-424d-be61-036c22e0f61b"}}, {"model": "vocabulary.wordsincollections", "pk": "a6cfda40-de47-4c3f-8e3f-fe723956f9c7", "fields": {"created": "2024-09-02T10:44:57.868Z", "word": "d97cce9d-e64b-4b66-8f0c-0a2b68062a60", "collection": "29fd9b2d-cec2-4c03-a54b-a64cb8bc1c09"}}, {"model": "vocabulary.wordsincollections", "pk": "a77c88de-83a0-4235-bbca-e0d080bcfdb1", "fields": {"created": "2024-09-02T10:44:39.746Z", "word": "049e6b66-2dc2-4fbf-b93d-ffb95f3de8b6", "collection": "29fd9b2d-cec2-4c03-a54b-a64cb8bc1c09"}}, {"model": "vocabulary.wordsincollections", "pk": "a9334a5f-0ef0-4d1c-b958-1b3cc13222f3", "fields": {"created": "2024-09-02T10:47:18.919Z", "word": "c939e5f9-2cb0-4ff8-85e5-207e1fb88584", "collection": "29fd9b2d-cec2-4c03-a54b-a64cb8bc1c09"}}, {"model": "vocabulary.wordsincollections", "pk": "af2762c5-517f-48c0-b204-e15fc4bb84fb", "fields": {"created": "2024-09-02T10:44:48.595Z", "word": "b1b63a4b-e7b7-487c-96d1-71e9d9c04a05", "collection": "29fd9b2d-cec2-4c03-a54b-a64cb8bc1c09"}}, {"model": "vocabulary.wordsincollections", "pk": "b0799065-83e5-46e3-b048-3e440a3e88d7", "fields": {"created": "2024-09-02T12:30:40.876Z", "word": "971735c4-cc20-4950-a52e-487989453fb6", "collection": "f6df6f7a-8708-4cce-af8b-52f6d76cce10"}}, {"model": "vocabulary.wordsincollections", "pk": "b1da367d-da2d-4c98-9191-02ca3ec9b6bb", "fields": {"created": "2024-09-02T10:47:09.541Z", "word": "e91d517b-5063-4394-abb9-450ceae380b9", "collection": "29fd9b2d-cec2-4c03-a54b-a64cb8bc1c09"}}, {"model": "vocabulary.wordsincollections", "pk": "b7ff7080-4cba-432b-92dc-88a0329a6022", "fields": {"created": "2024-09-02T10:39:34.096Z", "word": "56cd8fbf-4213-42c3-89a3-744af70a0fb8", "collection": "29fd9b2d-cec2-4c03-a54b-a64cb8bc1c09"}}, {"model": "vocabulary.wordsincollections", "pk": "ba32e0b9-de76-4aa3-9561-40fe6bcbe3ab", "fields": {"created": "2024-09-02T10:39:48.983Z", "word": "abd31cb8-6ea9-4b25-8ac8-054d079d7bb9", "collection": "29fd9b2d-cec2-4c03-a54b-a64cb8bc1c09"}}, {"model": "vocabulary.wordsincollections", "pk": "bc61ee37-dddd-4eb1-b397-32171c2492a7", "fields": {"created": "2024-09-02T12:30:43.796Z", "word": "f99c1dde-8964-4d86-8858-8efc79de9fdd", "collection": "f6df6f7a-8708-4cce-af8b-52f6d76cce10"}}, {"model": "vocabulary.wordsincollections", "pk": "c3bee30f-f48d-476c-b922-9e10f596850c", "fields": {"created": "2024-09-02T10:37:52.171Z", "word": "0ced6e46-c1df-4f59-895c-7e9c01adb182", "collection": "29fd9b2d-cec2-4c03-a54b-a64cb8bc1c09"}}, {"model": "vocabulary.wordsincollections", "pk": "df0d6e37-1a91-46ae-ad65-5ffa2b69a2ce", "fields": {"created": "2024-09-02T10:39:45.478Z", "word": "04e113d0-041c-48b6-b966-e4a2f0b76671", "collection": "29fd9b2d-cec2-4c03-a54b-a64cb8bc1c09"}}, {"model": "vocabulary.wordsincollections", "pk": "e74453e7-355f-4fb6-bef9-1c7b1ad8d694", "fields": {"created": "2024-09-02T12:30:50.350Z", "word": "9446b87f-3144-4658-abf2-f18b3904b704", "collection": "f6df6f7a-8708-4cce-af8b-52f6d76cce10"}}, {"model": "vocabulary.wordsincollections", "pk": "f0c29af3-eb41-4661-bd75-214347118014", "fields": {"created": "2024-09-02T12:30:46.968Z", "word": "d2138fbb-65f0-44e5-86f4-a2947c3cded9", "collection": "f6df6f7a-8708-4cce-af8b-52f6d76cce10"}}, {"model": "languages.language", "pk": "0e55e218-66f4-4cb0-85f9-a13b0cbd3317", "fields": {"name": "English", "name_ru": "English", "name_en": null, "name_local": "English", "isocode": "en", "sorting": 3, "learning_available": true, "interface_available": true, "flag_icon": "languages/flag_icons/en.svg"}}, {"model": "languages.language", "pk": "10e44567-bfc8-4faa-8969-2402575f1cf7", "fields": {"name": "Urdu", "name_ru": "Urdu", "name_en": null, "name_local": "اردو", "isocode": "ur", "sorting": 0, "learning_available": false, "interface_available": false, "flag_icon": ""}}, {"model": "languages.language", "pk": "15572c7c-d5ba-4832-b860-8590e248d4b9", "fields": {"name": "Estonian", "name_ru": "Estonian", "name_en": null, "name_local": "eesti", "isocode": "et", "sorting": 0, "learning_available": false, "interface_available": false, "flag_icon": ""}}, {"model": "languages.language", "pk": "1678675a-5bae-4664-8e0a-e1b7f36ac5a4", "fields": {"name": "Indonesian", "name_ru": "Indonesian", "name_en": null, "name_local": "Bahasa Indonesia", "isocode": "id", "sorting": 0, "learning_available": false, "interface_available": false, "flag_icon": ""}}, {"model": "languages.language", "pk": "24cf0ee3-d2e7-4cf7-8cbf-5699953c76bc", "fields": {"name": "Norwegian Bokmal", "name_ru": "Norwegian Bokmal", "name_en": null, "name_local": "norsk (bokmål)", "isocode": "nb", "sorting": 0, "learning_available": false, "interface_available": false, "flag_icon": ""}}, {"model": "languages.language", "pk": "261eeea9-d99c-4585-84a7-966999d3530e", "fields": {"name": "Norwegian Nynorsk", "name_ru": "Norwegian Nynorsk", "name_en": null, "name_local": "norsk (nynorsk)", "isocode": "nn", "sorting": 0, "learning_available": false, "interface_available": false, "flag_icon": ""}}, {"model": "languages.language", "pk": "28c30799-9b7f-49fe-9f17-1ab5b06cf202", "fields": {"name": "Thai", "name_ru": "Thai", "name_en": null, "name_local": "ภาษาไทย", "isocode": "th", "sorting": 0, "learning_available": false, "interface_available": false, "flag_icon": ""}}, {"model": "languages.language", "pk": "29a5c28e-bf68-4333-85e2-0700ceafe9c1", "fields": {"name": "Kannada", "name_ru": "Kannada", "name_en": null, "name_local": "Kannada", "isocode": "kn", "sorting": 0, "learning_available": false, "interface_available": false, "flag_icon": ""}}, {"model": "languages.language", "pk": "2bb9e586-e2ed-43d2-886b-b4cdf48220d6", "fields": {"name": "Kyrgyz", "name_ru": "Kyrgyz", "name_en": null, "name_local": "Кыргызча", "isocode": "ky", "sorting": 0, "learning_available": false, "interface_available": false, "flag_icon": ""}}, {"model": "languages.language", "pk": "2f119734-1d4f-4e51-894b-1ccad9d8d75b", "fields": {"name": "Slovenian", "name_ru": "Slovenian", "name_en": null, "name_local": "Slovenščina", "isocode": "sl", "sorting": 0, "learning_available": false, "interface_available": false, "flag_icon": ""}}, {"model": "languages.language", "pk": "325b2394-d53d-4e3b-a791-03581107e8ed", "fields": {"name": "Serbian", "name_ru": "Serbian", "name_en": null, "name_local": "српски", "isocode": "sr", "sorting": 0, "learning_available": false, "interface_available": false, "flag_icon": ""}}, {"model": "languages.language", "pk": "3743b076-489b-4599-a241-535b19d94ea0", "fields": {"name": "Marathi", "name_ru": "Marathi", "name_en": null, "name_local": "मराठी", "isocode": "mr", "sorting": 0, "learning_available": false, "interface_available": false, "flag_icon": ""}}, {"model": "languages.language", "pk": "44110b61-2d21-423e-9b8b-f3f43bd6b357", "fields": {"name": "Icelandic", "name_ru": "Icelandic", "name_en": null, "name_local": "Íslenska", "isocode": "is", "sorting": 0, "learning_available": false, "interface_available": false, "flag_icon": ""}}, {"model": "languages.language", "pk": "45fe42cd-0321-46c5-abfb-90d36ac8eaae", "fields": {"name": "Malay", "name_ru": "Malay", "name_en": null, "name_local": "Bahasa Melayu", "isocode": "ms", "sorting": 0, "learning_available": false, "interface_available": false, "flag_icon": ""}}, {"model": "languages.language", "pk": "46d6c0f8-3c45-43be-a19e-39981aba074b", "fields": {"name": "Portuguese", "name_ru": "Portuguese", "name_en": null, "name_local": "Português", "isocode": "pt", "sorting": 0, "learning_available": false, "interface_available": false, "flag_icon": ""}}, {"model": "languages.language", "pk": "4cdfc4f4-4a6b-4b35-bc95-e910405a446b", "fields": {"name": "Welsh", "name_ru": "Welsh", "name_en": null, "name_local": "Cymraeg", "isocode": "cy", "sorting": 0, "learning_available": false, "interface_available": false, "flag_icon": ""}}, {"model": "languages.language", "pk": "4ce6ff15-8e7e-4589-af26-d4f85cd84482", "fields": {"name": "Dutch", "name_ru": "Dutch", "name_en": null, "name_local": "Nederlands", "isocode": "nl", "sorting": 1, "learning_available": false, "interface_available": false, "flag_icon": ""}}, {"model": "languages.language", "pk": "55f5b4b6-a498-439c-90a6-f51bf191057f", "fields": {"name": "Khmer", "name_ru": "Khmer", "name_en": null, "name_local": "Khmer", "isocode": "km", "sorting": 0, "learning_available": false, "interface_available": false, "flag_icon": ""}}, {"model": "languages.language", "pk": "566f5b53-c178-4f81-817a-bb7fa7020b82", "fields": {"name": "Slovak", "name_ru": "Slovak", "name_en": null, "name_local": "Slovensky", "isocode": "sk", "sorting": 0, "learning_available": false, "interface_available": false, "flag_icon": ""}}, {"model": "languages.language", "pk": "569b88b5-ab6b-4efd-865f-d92dd9a86519", "fields": {"name": "Tamil", "name_ru": "Tamil", "name_en": null, "name_local": "தமிழ்", "isocode": "ta", "sorting": 0, "learning_available": false, "interface_available": false, "flag_icon": ""}}, {"model": "languages.language", "pk": "5987ca5b-0a94-448b-88bd-4e9b1964ef10", "fields": {"name": "Croatian", "name_ru": "Croatian", "name_en": null, "name_local": "Hrvatski", "isocode": "hr", "sorting": 0, "learning_available": false, "interface_available": false, "flag_icon": ""}}, {"model": "languages.language", "pk": "5e262068-f6aa-4381-99ed-c5c77d7ed77d", "fields": {"name": "Armenian", "name_ru": "Armenian", "name_en": null, "name_local": "հայերեն", "isocode": "hy", "sorting": 0, "learning_available": false, "interface_available": false, "flag_icon": ""}}, {"model": "languages.language", "pk": "5f977a0a-86f4-47cf-8f3a-a792f3f3fc62", "fields": {"name": "Afrikaans", "name_ru": "Afrikaans", "name_en": null, "name_local": "Afrikaans", "isocode": "af", "sorting": 0, "learning_available": false, "interface_available": false, "flag_icon": ""}}, {"model": "languages.language", "pk": "61aa071f-dfd5-40ac-8db6-584aa5b40d09", "fields": {"name": "Turkish", "name_ru": "Turkish", "name_en": null, "name_local": "Türkçe", "isocode": "tr", "sorting": 1, "learning_available": false, "interface_available": false, "flag_icon": ""}}, {"model": "languages.language", "pk": "636b8e5d-b754-48f9-a886-3fa5eee1997f", "fields": {"name": "Bengali", "name_ru": "Bengali", "name_en": null, "name_local": "বাংলা", "isocode": "bn", "sorting": 0, "learning_available": false, "interface_available": false, "flag_icon": ""}}, {"model": "languages.language", "pk": "63d81eba-aafc-4887-8872-c3a67b69a188", "fields": {"name": "Macedonian", "name_ru": "Macedonian", "name_en": null, "name_local": "Македонски", "isocode": "mk", "sorting": 0, "learning_available": false, "interface_available": false, "flag_icon": ""}}, {"model": "languages.language", "pk": "63e4fecf-2716-44e1-84dc-042b3192298e", "fields": {"name": "Ukrainian", "name_ru": "Ukrainian", "name_en": null, "name_local": "Українська", "isocode": "uk", "sorting": 0, "learning_available": false, "interface_available": false, "flag_icon": ""}}, {"model": "languages.language", "pk": "69e54774-d109-40ab-8296-3e9539a2ef6b", "fields": {"name": "Italian", "name_ru": "Italian", "name_en": null, "name_local": "italiano", "isocode": "it", "sorting": 2, "learning_available": true, "interface_available": false, "flag_icon": "languages/flag_icons/it.svg"}}, {"model": "languages.language", "pk": "6b6ddcba-274b-4e0a-915e-8d448641f17b", "fields": {"name": "Breton", "name_ru": "Breton", "name_en": null, "name_local": "brezhoneg", "isocode": "br", "sorting": 0, "learning_available": false, "interface_available": false, "flag_icon": ""}}, {"model": "languages.language", "pk": "6cd76e35-1b69-4062-8a95-51fba077fb79", "fields": {"name": "Albanian", "name_ru": "Albanian", "name_en": null, "name_local": "shqip", "isocode": "sq", "sorting": 0, "learning_available": false, "interface_available": false, "flag_icon": ""}}, {"model": "languages.language", "pk": "6f6761d8-3bb7-46fb-866a-89eb30669c6e", "fields": {"name": "Turkmen", "name_ru": "Turkmen", "name_en": null, "name_local": "Türkmençe", "isocode": "tk", "sorting": 0, "learning_available": false, "interface_available": false, "flag_icon": ""}}, {"model": "languages.language", "pk": "725b782f-1478-458d-a5db-a1a7959cbb34", "fields": {"name": "Malayalam", "name_ru": "Malayalam", "name_en": null, "name_local": "മലയാളം", "isocode": "ml", "sorting": 0, "learning_available": false, "interface_available": false, "flag_icon": ""}}, {"model": "languages.language", "pk": "73e9b7b0-f7c3-4d86-856e-67f36068a97a", "fields": {"name": "Esperanto", "name_ru": "Esperanto", "name_en": null, "name_local": "Esperanto", "isocode": "eo", "sorting": 0, "learning_available": false, "interface_available": false, "flag_icon": ""}}, {"model": "languages.language", "pk": "7490d6ec-7429-4bb7-994c-4f62cc6af96b", "fields": {"name": "Ossetic", "name_ru": "Ossetic", "name_en": null, "name_local": "Ирон", "isocode": "os", "sorting": 0, "learning_available": false, "interface_available": false, "flag_icon": ""}}, {"model": "languages.language", "pk": "767ffb9f-da35-422e-a0c5-1a54e29d5a1e", "fields": {"name": "Frisian", "name_ru": "Frisian", "name_en": null, "name_local": "frysk", "isocode": "fy", "sorting": 0, "learning_available": false, "interface_available": false, "flag_icon": ""}}, {"model": "languages.language", "pk": "76bbfa66-3ded-4a3f-876d-46f6432c393e", "fields": {"name": "Vietnamese", "name_ru": "Vietnamese", "name_en": null, "name_local": "Tiếng Việt", "isocode": "vi", "sorting": 0, "learning_available": false, "interface_available": false, "flag_icon": ""}}, {"model": "languages.language", "pk": "773a9119-2c6d-47fd-828c-af4ec0fa28ba", "fields": {"name": "Polish", "name_ru": "Polish", "name_en": null, "name_local": "polski", "isocode": "pl", "sorting": 0, "learning_available": false, "interface_available": false, "flag_icon": ""}}, {"model": "languages.language", "pk": "7ce31055-e49b-4c78-adb0-08bc66ad528e", "fields": {"name": "Lithuanian", "name_ru": "Lithuanian", "name_en": null, "name_local": "Lietuviškai", "isocode": "lt", "sorting": 0, "learning_available": false, "interface_available": false, "flag_icon": ""}}, {"model": "languages.language", "pk": "7e2e5994-30ea-4783-b7e1-befc53f4a256", "fields": {"name": "Azerbaijani", "name_ru": "Azerbaijani", "name_en": null, "name_local": "Azərbaycanca", "isocode": "az", "sorting": 0, "learning_available": false, "interface_available": false, "flag_icon": ""}}, {"model": "languages.language", "pk": "7f364ecc-02c2-49e9-a449-5b87371c3f41", "fields": {"name": "Russian", "name_ru": "Russian", "name_en": null, "name_local": "Русский", "isocode": "ru", "sorting": 2, "learning_available": true, "interface_available": true, "flag_icon": "languages/flag_icons/ru.svg"}}, {"model": "languages.language", "pk": "86e85e06-c6ec-450e-9003-ce120f16af58", "fields": {"name": "Irish", "name_ru": "Irish", "name_en": null, "name_local": "Gaeilge", "isocode": "ga", "sorting": 0, "learning_available": false, "interface_available": false, "flag_icon": ""}}, {"model": "languages.language", "pk": "87ef3028-f449-421c-b4e8-bbb80b039304", "fields": {"name": "Korean", "name_ru": "Korean", "name_en": null, "name_local": "한국어", "isocode": "ko", "sorting": 2, "learning_available": false, "interface_available": false, "flag_icon": ""}}, {"model": "languages.language", "pk": "891fc781-67c2-42d0-b9aa-08e73109001e", "fields": {"name": "Hungarian", "name_ru": "Hungarian", "name_en": null, "name_local": "Magyar", "isocode": "hu", "sorting": 0, "learning_available": false, "interface_available": false, "flag_icon": ""}}, {"model": "languages.language", "pk": "89d83b4d-4fc0-4fa6-ab43-ac4bb3ec2898", "fields": {"name": "Luxembourgish", "name_ru": "Luxembourgish", "name_en": null, "name_local": "Lëtzebuergesch", "isocode": "lb", "sorting": 0, "learning_available": false, "interface_available": false, "flag_icon": ""}}, {"model": "languages.language", "pk": "8aeda224-ea3f-4626-a87b-efb43a626109", "fields": {"name": "Uzbek", "name_ru": "Uzbek", "name_en": null, "name_local": "oʻzbek tili", "isocode": "uz", "sorting": 0, "learning_available": false, "interface_available": false, "flag_icon": ""}}, {"model": "languages.language", "pk": "90dea4b5-e73e-4d69-ba73-b2c540fc502c", "fields": {"name": "Persian", "name_ru": "Persian", "name_en": null, "name_local": "فارسی", "isocode": "fa", "sorting": 0, "learning_available": false, "interface_available": false, "flag_icon": ""}}, {"model": "languages.language", "pk": "93860ea3-9ea5-4e86-a6a2-b29961667971", "fields": {"name": "Kazakh", "name_ru": "Kazakh", "name_en": null, "name_local": "Қазақ", "isocode": "kk", "sorting": 0, "learning_available": false, "interface_available": false, "flag_icon": ""}}, {"model": "languages.language", "pk": "948e28a6-5ea2-4e7b-a67c-26329cf70c9a", "fields": {"name": "German", "name_ru": "German", "name_en": null, "name_local": "Deutsch", "isocode": "de", "sorting": 2, "learning_available": true, "interface_available": false, "flag_icon": "languages/flag_icons/de.svg"}}, {"model": "languages.language", "pk": "9d3a6291-6de0-4625-83c5-681d8eccbd52", "fields": {"name": "Telugu", "name_ru": "Telugu", "name_en": null, "name_local": "తెలుగు", "isocode": "te", "sorting": 0, "learning_available": false, "interface_available": false, "flag_icon": ""}}, {"model": "languages.language", "pk": "9fa11e99-cc6f-4388-8643-b178cca896a3", "fields": {"name": "Hebrew", "name_ru": "Hebrew", "name_en": null, "name_local": "עברית", "isocode": "he", "sorting": 0, "learning_available": false, "interface_available": false, "flag_icon": ""}}, {"model": "languages.language", "pk": "a3e2db4a-5ae7-43cc-9bf4-5333b6e00bdd", "fields": {"name": "French", "name_ru": "French", "name_en": null, "name_local": "français", "isocode": "fr", "sorting": 2, "learning_available": true, "interface_available": false, "flag_icon": "languages/flag_icons/fr.svg"}}, {"model": "languages.language", "pk": "a64bdd78-80e7-45ff-85d0-7cf851119ca9", "fields": {"name": "Galician", "name_ru": "Galician", "name_en": null, "name_local": "galego", "isocode": "gl", "sorting": 0, "learning_available": false, "interface_available": false, "flag_icon": ""}}, {"model": "languages.language", "pk": "a8d38834-a57f-4419-ae44-a7c13e707e72", "fields": {"name": "Nepali", "name_ru": "Nepali", "name_en": null, "name_local": "नेपाली", "isocode": "ne", "sorting": 0, "learning_available": false, "interface_available": false, "flag_icon": ""}}, {"model": "languages.language", "pk": "aa56e962-1e5e-4fb8-9d95-0f94a053d37e", "fields": {"name": "Spanish", "name_ru": "Spanish", "name_en": null, "name_local": "español", "isocode": "es", "sorting": 2, "learning_available": true, "interface_available": false, "flag_icon": "languages/flag_icons/es.svg"}}, {"model": "languages.language", "pk": "abfe2ac3-1ac3-44c4-a72c-2e422d01b61e", "fields": {"name": "Interlingua", "name_ru": "Interlingua", "name_en": null, "name_local": "Interlingua", "isocode": "ia", "sorting": 0, "learning_available": false, "interface_available": false, "flag_icon": ""}}, {"model": "languages.language", "pk": "ac1b3006-6693-4d5a-a8ad-8a9ea094bb30", "fields": {"name": "Igbo", "name_ru": "Igbo", "name_en": null, "name_local": "Asụsụ Ìgbò", "isocode": "ig", "sorting": 0, "learning_available": false, "interface_available": false, "flag_icon": ""}}, {"model": "languages.language", "pk": "ac3a037c-e024-4644-834c-074c7194b5c3", "fields": {"name": "Arabic", "name_ru": "Arabic", "name_en": null, "name_local": "العربيّة", "isocode": "ar", "sorting": 1, "learning_available": false, "interface_available": false, "flag_icon": ""}}, {"model": "languages.language", "pk": "ac4eca43-d3c2-4415-98cd-7347e7679cff", "fields": {"name": "Bulgarian", "name_ru": "Bulgarian", "name_en": null, "name_local": "български", "isocode": "bg", "sorting": 0, "learning_available": false, "interface_available": false, "flag_icon": ""}}, {"model": "languages.language", "pk": "af16847a-9ba7-4bdf-8eb3-d7bd69b836e0", "fields": {"name": "Swahili", "name_ru": "Swahili", "name_en": null, "name_local": "Kiswahili", "isocode": "sw", "sorting": 0, "learning_available": false, "interface_available": false, "flag_icon": ""}}, {"model": "languages.language", "pk": "b1e33868-d713-448d-ad39-d829cf6029e3", "fields": {"name": "Hindi", "name_ru": "Hindi", "name_en": null, "name_local": "हिंदी", "isocode": "hi", "sorting": 0, "learning_available": false, "interface_available": false, "flag_icon": ""}}, {"model": "languages.language", "pk": "bbe5f3de-9ee5-447f-8216-6a2f0bbdad47", "fields": {"name": "Belarusian", "name_ru": "Belarusian", "name_en": null, "name_local": "беларуская", "isocode": "be", "sorting": 0, "learning_available": false, "interface_available": false, "flag_icon": ""}}, {"model": "languages.language", "pk": "bd00713b-bbec-40a6-9ea9-108859d88a4a", "fields": {"name": "Scottish Gaelic", "name_ru": "Scottish Gaelic", "name_en": null, "name_local": "Gàidhlig", "isocode": "gd", "sorting": 0, "learning_available": false, "interface_available": false, "flag_icon": ""}}, {"model": "languages.language", "pk": "c3a58eac-a9a8-4818-9409-f9f9177fb1ad", "fields": {"name": "Norwegian", "name_ru": "Norwegian", "name_en": null, "name_local": "norsk", "isocode": "no", "sorting": 0, "learning_available": false, "interface_available": false, "flag_icon": ""}}, {"model": "languages.language", "pk": "d056fae7-1a4c-4647-80f5-ec691284b56c", "fields": {"name": "Latvian", "name_ru": "Latvian", "name_en": null, "name_local": "latviešu", "isocode": "lv", "sorting": 0, "learning_available": false, "interface_available": false, "flag_icon": ""}}, {"model": "languages.language", "pk": "db1ee397-5f49-4e39-a5e7-439928ab1f14", "fields": {"name": "Catalan", "name_ru": "Catalan", "name_en": null, "name_local": "català", "isocode": "ca", "sorting": 0, "learning_available": false, "interface_available": false, "flag_icon": ""}}, {"model": "languages.language", "pk": "dc4db549-a1ab-4332-9ea6-87b08c0b5c27", "fields": {"name": "Basque", "name_ru": "Basque", "name_en": null, "name_local": "Basque", "isocode": "eu", "sorting": 0, "learning_available": false, "interface_available": false, "flag_icon": ""}}, {"model": "languages.language", "pk": "ddc4f10d-c90f-4831-837b-301086f4807d", "fields": {"name": "Ido", "name_ru": "Ido", "name_en": null, "name_local": "ido", "isocode": "io", "sorting": 0, "learning_available": false, "interface_available": false, "flag_icon": ""}}, {"model": "languages.language", "pk": "df352042-a49e-46cf-9135-f15d68115173", "fields": {"name": "Czech", "name_ru": "Czech", "name_en": null, "name_local": "česky", "isocode": "cs", "sorting": 0, "learning_available": false, "interface_available": false, "flag_icon": ""}}, {"model": "languages.language", "pk": "e30fba63-0bd1-4bb1-a3c6-ffc4a17767b4", "fields": {"name": "Finnish", "name_ru": "Finnish", "name_en": null, "name_local": "suomi", "isocode": "fi", "sorting": 0, "learning_available": false, "interface_available": false, "flag_icon": ""}}, {"model": "languages.language", "pk": "e35d1607-9c9b-4bca-acee-df2cc70713bc", "fields": {"name": "Greek", "name_ru": "Greek", "name_en": null, "name_local": "Ελληνικά", "isocode": "el", "sorting": 0, "learning_available": false, "interface_available": false, "flag_icon": ""}}, {"model": "languages.language", "pk": "e5870c43-f65e-4ca8-afad-2e59f4bb8a0e", "fields": {"name": "Bosnian", "name_ru": "Bosnian", "name_en": null, "name_local": "bosanski", "isocode": "bs", "sorting": 0, "learning_available": false, "interface_available": false, "flag_icon": ""}}, {"model": "languages.language", "pk": "e9a641f8-7bc4-43bb-a0da-3a60e1324052", "fields": {"name": "Burmese", "name_ru": "Burmese", "name_en": null, "name_local": "မြန်မာဘာသာ", "isocode": "my", "sorting": 0, "learning_available": false, "interface_available": false, "flag_icon": ""}}, {"model": "languages.language", "pk": "eb75a773-aec4-43b2-8873-d221d90ea958", "fields": {"name": "Mongolian", "name_ru": "Mongolian", "name_en": null, "name_local": "Mongolian", "isocode": "mn", "sorting": 0, "learning_available": false, "interface_available": false, "flag_icon": ""}}, {"model": "languages.language", "pk": "ed927ce4-c010-4688-a7e1-0047ac47a3fe", "fields": {"name": "Georgian", "name_ru": "Georgian", "name_en": null, "name_local": "ქართული", "isocode": "ka", "sorting": 0, "learning_available": false, "interface_available": false, "flag_icon": ""}}, {"model": "languages.language", "pk": "f0d74eab-2d20-4735-88f8-c148924d01fe", "fields": {"name": "Romanian", "name_ru": "Romanian", "name_en": null, "name_local": "Română", "isocode": "ro", "sorting": 1, "learning_available": false, "interface_available": false, "flag_icon": ""}}, {"model": "languages.language", "pk": "f2d6fbd7-3aa9-4519-9e1e-7eff4a18462b", "fields": {"name": "Danish", "name_ru": "Danish", "name_en": null, "name_local": "dansk", "isocode": "da", "sorting": 0, "learning_available": false, "interface_available": false, "flag_icon": ""}}, {"model": "languages.language", "pk": "f3d6c027-effd-4412-89a6-9d0e7456e8b8", "fields": {"name": "Japanese", "name_ru": "Japanese", "name_en": null, "name_local": "日本語", "isocode": "ja", "sorting": 2, "learning_available": false, "interface_available": false, "flag_icon": ""}}, {"model": "languages.language", "pk": "f5577576-71a0-41a2-aee9-fa2bc26dad0c", "fields": {"name": "Tajik", "name_ru": "Tajik", "name_en": null, "name_local": "тоҷикӣ", "isocode": "tg", "sorting": 0, "learning_available": false, "interface_available": false, "flag_icon": ""}}, {"model": "languages.language", "pk": "f7e37ba3-2884-4170-b72d-da23b275f9cd", "fields": {"name": "Tatar", "name_ru": "Tatar", "name_en": null, "name_local": "Татарча", "isocode": "tt", "sorting": 0, "learning_available": false, "interface_available": false, "flag_icon": ""}}, {"model": "languages.language", "pk": "f854e941-a749-4ac2-af9e-8874f0bb4b76", "fields": {"name": "Swedish", "name_ru": "Swedish", "name_en": null, "name_local": "svenska", "isocode": "sv", "sorting": 0, "learning_available": false, "interface_available": false, "flag_icon": ""}}, {"model": "languages.language", "pk": "ffa09d9f-b6c1-42ca-aac8-9624db49abf1", "fields": {"name": "Punjabi", "name_ru": "Punjabi", "name_en": null, "name_local": "Punjabi", "isocode": "pa", "sorting": 0, "learning_available": false, "interface_available": false, "flag_icon": ""}}, {"model": "languages.languagecoverimage", "pk": "0e1d4194-4cf4-495b-831b-1341bf206f95", "fields": {"created": "2024-09-01T10:11:28.966Z", "modified": "2024-09-01T10:11:28.966Z", "language": "948e28a6-5ea2-4e7b-a67c-26329cf70c9a", "image": "languages/images/German/de_7sEzq2a.jpg"}}, {"model": "languages.languagecoverimage", "pk": "10b21321-c335-4cfd-a2f3-c8a74a89d853", "fields": {"created": "2024-09-01T10:11:29.104Z", "modified": "2024-09-01T10:11:29.104Z", "language": "aa56e962-1e5e-4fb8-9d95-0f94a053d37e", "image": "languages/images/Spanish/es_iRWtszt.jpg"}}, {"model": "languages.languagecoverimage", "pk": "12eeb816-676b-49ae-9c9e-9ece118ec65a", "fields": {"created": "2024-09-01T10:11:29.279Z", "modified": "2024-09-01T10:11:29.279Z", "language": "69e54774-d109-40ab-8296-3e9539a2ef6b", "image": "languages/images/Italian/it_mi8a9Hi.jpg"}}, {"model": "languages.languagecoverimage", "pk": "155c5e76-a6e8-44bd-ab1b-12ae772b2bf0", "fields": {"created": "2024-09-01T10:11:28.952Z", "modified": "2024-09-01T10:11:28.952Z", "language": "948e28a6-5ea2-4e7b-a67c-26329cf70c9a", "image": "languages/images/German/de.jpg"}}, {"model": "languages.languagecoverimage", "pk": "189d5806-f3fc-484e-ad82-d57fddb95722", "fields": {"created": "2024-09-01T10:11:29.095Z", "modified": "2024-09-01T10:11:29.095Z", "language": "aa56e962-1e5e-4fb8-9d95-0f94a053d37e", "image": "languages/images/Spanish/es_GrUVIde.jpg"}}, {"model": "languages.languagecoverimage", "pk": "18a0a144-6b7f-462a-819b-cec329f87354", "fields": {"created": "2024-09-01T10:11:29.295Z", "modified": "2024-09-01T10:11:29.295Z", "language": "69e54774-d109-40ab-8296-3e9539a2ef6b", "image": "languages/images/Italian/it_AF6GeOI.jpg"}}, {"model": "languages.languagecoverimage", "pk": "19b2e07c-05d7-4420-979d-8bfbebc56e7c", "fields": {"created": "2024-09-01T10:11:29.115Z", "modified": "2024-09-01T10:11:29.115Z", "language": "aa56e962-1e5e-4fb8-9d95-0f94a053d37e", "image": "languages/images/Spanish/es_ckcF82j.jpg"}}, {"model": "languages.languagecoverimage", "pk": "1d44723c-db64-4d06-ae73-8b2b65ae63a2", "fields": {"created": "2024-09-01T10:11:29.075Z", "modified": "2024-09-01T10:11:29.075Z", "language": "aa56e962-1e5e-4fb8-9d95-0f94a053d37e", "image": "languages/images/Spanish/es.jpg"}}, {"model": "languages.languagecoverimage", "pk": "256ab891-cb6a-4e0b-815f-afa42ed3f665", "fields": {"created": "2024-09-01T10:11:29.022Z", "modified": "2024-09-01T10:11:29.022Z", "language": "0e55e218-66f4-4cb0-85f9-a13b0cbd3317", "image": "languages/images/English/en_IzA7IVe.jpg"}}, {"model": "languages.languagecoverimage", "pk": "27442765-8542-4d77-83be-5c4e29953dc0", "fields": {"created": "2024-09-01T10:11:29.301Z", "modified": "2024-09-01T10:11:29.301Z", "language": "69e54774-d109-40ab-8296-3e9539a2ef6b", "image": "languages/images/Italian/it_zFoJBUF.jpg"}}, {"model": "languages.languagecoverimage", "pk": "28247515-1165-4937-81b3-da6e21eec2f3", "fields": {"created": "2024-09-01T10:11:29.053Z", "modified": "2024-09-01T10:11:29.053Z", "language": "0e55e218-66f4-4cb0-85f9-a13b0cbd3317", "image": "languages/images/English/en_rSHyAHT.jpg"}}, {"model": "languages.languagecoverimage", "pk": "3d97be03-1fea-4732-b3ce-2574d7105e1c", "fields": {"created": "2024-09-01T10:11:29.567Z", "modified": "2024-09-01T10:11:29.567Z", "language": "7f364ecc-02c2-49e9-a449-5b87371c3f41", "image": "languages/images/Russian/ru_Afi3z0P.jpg"}}, {"model": "languages.languagecoverimage", "pk": "40fbe057-85f9-4daa-bf6d-3c36bd0b0cc9", "fields": {"created": "2024-09-01T10:11:29.041Z", "modified": "2024-09-01T10:11:29.041Z", "language": "0e55e218-66f4-4cb0-85f9-a13b0cbd3317", "image": "languages/images/English/en_RYFadq3.jpg"}}, {"model": "languages.languagecoverimage", "pk": "464d5725-b763-45a4-938f-ac679bfa6444", "fields": {"created": "2024-09-01T10:11:29.285Z", "modified": "2024-09-01T10:11:29.285Z", "language": "69e54774-d109-40ab-8296-3e9539a2ef6b", "image": "languages/images/Italian/it_6yJUqBB.jpg"}}, {"model": "languages.languagecoverimage", "pk": "4b244389-6e31-4b73-b1bc-96208525f252", "fields": {"created": "2024-09-01T10:11:29.314Z", "modified": "2024-09-01T10:11:29.314Z", "language": "69e54774-d109-40ab-8296-3e9539a2ef6b", "image": "languages/images/Italian/it_GHZte2X.jpg"}}, {"model": "languages.languagecoverimage", "pk": "4d6ae428-fb50-45c4-a423-312b4c9c595b", "fields": {"created": "2024-09-01T10:11:29.084Z", "modified": "2024-09-01T10:11:29.084Z", "language": "aa56e962-1e5e-4fb8-9d95-0f94a053d37e", "image": "languages/images/Spanish/es_VGyp89L.jpg"}}, {"model": "languages.languagecoverimage", "pk": "4ee67ae3-a311-47de-80e5-36deb8c5bb97", "fields": {"created": "2024-09-01T10:11:28.974Z", "modified": "2024-09-01T10:11:28.974Z", "language": "948e28a6-5ea2-4e7b-a67c-26329cf70c9a", "image": "languages/images/German/de_bBFhOBo.jpg"}}, {"model": "languages.languagecoverimage", "pk": "5176edc7-e775-4daf-838f-074b3f56f444", "fields": {"created": "2024-09-01T10:11:29.079Z", "modified": "2024-09-01T10:11:29.079Z", "language": "aa56e962-1e5e-4fb8-9d95-0f94a053d37e", "image": "languages/images/Spanish/es_2CgReln.jpg"}}, {"model": "languages.languagecoverimage", "pk": "57b111c4-3aa0-4051-b9bc-8c8a13571d27", "fields": {"created": "2024-09-01T10:11:29.275Z", "modified": "2024-09-01T10:11:29.275Z", "language": "69e54774-d109-40ab-8296-3e9539a2ef6b", "image": "languages/images/Italian/it_tu5HaQC.jpg"}}, {"model": "languages.languagecoverimage", "pk": "6404f61e-5677-4c53-a0f4-3a7a4fd9abec", "fields": {"created": "2024-09-01T10:11:29.046Z", "modified": "2024-09-01T10:11:29.046Z", "language": "0e55e218-66f4-4cb0-85f9-a13b0cbd3317", "image": "languages/images/English/en_yIy4r8F.jpg"}}, {"model": "languages.languagecoverimage", "pk": "7ce2857f-2ff9-4b3f-9455-79534f6e48df", "fields": {"created": "2024-09-01T10:11:28.991Z", "modified": "2024-09-01T10:11:28.991Z", "language": "948e28a6-5ea2-4e7b-a67c-26329cf70c9a", "image": "languages/images/German/de_WZ4uVoN.jpg"}}, {"model": "languages.languagecoverimage", "pk": "80d64019-eb03-4437-ba65-131b6c2170cf", "fields": {"created": "2024-09-01T10:11:29.110Z", "modified": "2024-09-01T10:11:29.110Z", "language": "aa56e962-1e5e-4fb8-9d95-0f94a053d37e", "image": "languages/images/Spanish/es_x7mLM7K.jpg"}}, {"model": "languages.languagecoverimage", "pk": "87855a34-a948-4171-9fd4-72c9131633e0", "fields": {"created": "2024-09-01T10:11:29.147Z", "modified": "2024-09-01T10:11:29.147Z", "language": "a3e2db4a-5ae7-43cc-9bf4-5333b6e00bdd", "image": "languages/images/French/fr.jpg"}}, {"model": "languages.languagecoverimage", "pk": "87cce244-604d-46c6-9cdd-4db892955bd5", "fields": {"created": "2024-09-01T10:11:28.999Z", "modified": "2024-09-01T10:11:28.999Z", "language": "948e28a6-5ea2-4e7b-a67c-26329cf70c9a", "image": "languages/images/German/de_hyBDpsI.jpg"}}, {"model": "languages.languagecoverimage", "pk": "88fbae7b-5c2e-4ef0-9d2c-3420f8df5c4a", "fields": {"created": "2024-09-01T10:11:29.309Z", "modified": "2024-09-01T10:11:29.309Z", "language": "69e54774-d109-40ab-8296-3e9539a2ef6b", "image": "languages/images/Italian/it_K1UvoTM.jpg"}}, {"model": "languages.languagecoverimage", "pk": "977efe29-dff0-4848-bd75-5f70feb0511d", "fields": {"created": "2024-09-01T10:11:29.156Z", "modified": "2024-09-01T10:11:29.156Z", "language": "a3e2db4a-5ae7-43cc-9bf4-5333b6e00bdd", "image": "languages/images/French/fr_Mg3fSNR.jpg"}}, {"model": "languages.languagecoverimage", "pk": "99b66d42-ebf3-40dc-b9ec-ab92bf02ca05", "fields": {"created": "2024-09-01T10:11:29.554Z", "modified": "2024-09-01T10:11:29.554Z", "language": "7f364ecc-02c2-49e9-a449-5b87371c3f41", "image": "languages/images/Russian/ru_BWfynjO.jpg"}}, {"model": "languages.languagecoverimage", "pk": "a7d3dc12-1a8e-42f9-98cf-0ec022cbb92e", "fields": {"created": "2024-09-01T10:11:29.027Z", "modified": "2024-09-01T10:11:29.027Z", "language": "0e55e218-66f4-4cb0-85f9-a13b0cbd3317", "image": "languages/images/English/en_AcUiL5u.jpg"}}, {"model": "languages.languagecoverimage", "pk": "a8b81f04-597a-4224-a5c4-3e03d064d62f", "fields": {"created": "2024-09-01T10:11:29.268Z", "modified": "2024-09-01T10:11:29.268Z", "language": "69e54774-d109-40ab-8296-3e9539a2ef6b", "image": "languages/images/Italian/it_2pUlmrP.jpg"}}, {"model": "languages.languagecoverimage", "pk": "aaea7932-6488-412c-8e0e-21f96f781aa6", "fields": {"created": "2024-09-01T10:11:29.176Z", "modified": "2024-09-01T10:11:29.176Z", "language": "a3e2db4a-5ae7-43cc-9bf4-5333b6e00bdd", "image": "languages/images/French/fr_NAuppfX.jpg"}}, {"model": "languages.languagecoverimage", "pk": "af2bccd6-d507-4cd7-8db5-a15677e4ea95", "fields": {"created": "2024-09-01T10:11:29.544Z", "modified": "2024-09-01T10:11:29.544Z", "language": "7f364ecc-02c2-49e9-a449-5b87371c3f41", "image": "languages/images/Russian/ru_28h1cO0.jpg"}}, {"model": "languages.languagecoverimage", "pk": "af4fdaac-738a-4701-8c7f-28ef395008c3", "fields": {"created": "2024-09-01T10:11:28.984Z", "modified": "2024-09-01T10:11:28.984Z", "language": "948e28a6-5ea2-4e7b-a67c-26329cf70c9a", "image": "languages/images/German/de_p2H3LxQ.jpg"}}, {"model": "languages.languagecoverimage", "pk": "b1813e98-6ede-470d-b058-6736fc0b6abf", "fields": {"created": "2024-09-01T10:11:28.979Z", "modified": "2024-09-01T10:11:28.979Z", "language": "948e28a6-5ea2-4e7b-a67c-26329cf70c9a", "image": "languages/images/German/de_MKFTcnb.jpg"}}, {"model": "languages.languagecoverimage", "pk": "bcab54cf-13f3-4e18-86ba-faba724d17c6", "fields": {"created": "2024-09-01T10:11:29.550Z", "modified": "2024-09-01T10:11:29.550Z", "language": "7f364ecc-02c2-49e9-a449-5b87371c3f41", "image": "languages/images/Russian/ru_FVIMVVy.jpg"}}, {"model": "languages.languagecoverimage", "pk": "cbedc84f-7c3b-4319-bbca-68af78f2bd63", "fields": {"created": "2024-09-01T10:11:29.100Z", "modified": "2024-09-01T10:11:29.100Z", "language": "aa56e962-1e5e-4fb8-9d95-0f94a053d37e", "image": "languages/images/Spanish/es_BKobA1u.jpg"}}, {"model": "languages.languagecoverimage", "pk": "d2179590-8d2c-4ebf-86b7-2e9600a551b5", "fields": {"created": "2024-09-01T10:11:29.015Z", "modified": "2024-09-01T10:11:29.015Z", "language": "0e55e218-66f4-4cb0-85f9-a13b0cbd3317", "image": "languages/images/English/en.jpg"}}, {"model": "languages.languagecoverimage", "pk": "dd640efd-5d28-485a-900c-5d5d26725eca", "fields": {"created": "2024-09-01T10:11:29.531Z", "modified": "2024-09-01T10:11:29.531Z", "language": "7f364ecc-02c2-49e9-a449-5b87371c3f41", "image": "languages/images/Russian/ru.jpg"}}, {"model": "languages.languagecoverimage", "pk": "ddf388fb-11bf-4172-9aa2-a439419397ca", "fields": {"created": "2024-09-01T10:11:28.958Z", "modified": "2024-09-01T10:11:28.958Z", "language": "948e28a6-5ea2-4e7b-a67c-26329cf70c9a", "image": "languages/images/German/de_e0Oe4pV.jpg"}}, {"model": "languages.languagecoverimage", "pk": "dfbd4610-6a16-46e3-ba33-8ab5a40707fd", "fields": {"created": "2024-09-01T10:11:29.263Z", "modified": "2024-09-01T10:11:29.263Z", "language": "69e54774-d109-40ab-8296-3e9539a2ef6b", "image": "languages/images/Italian/it.jpg"}}, {"model": "languages.languagecoverimage", "pk": "e0ce403d-6b97-476b-acd7-b4bfe453cc6f", "fields": {"created": "2024-09-01T10:11:29.160Z", "modified": "2024-09-01T10:11:29.160Z", "language": "a3e2db4a-5ae7-43cc-9bf4-5333b6e00bdd", "image": "languages/images/French/fr_Gus3xx7.jpg"}}, {"model": "languages.languagecoverimage", "pk": "e46bb42b-362f-4ac3-9453-4f82ec163ac0", "fields": {"created": "2024-09-01T10:11:29.034Z", "modified": "2024-09-01T10:11:29.034Z", "language": "0e55e218-66f4-4cb0-85f9-a13b0cbd3317", "image": "languages/images/English/en_C4RCe07.jpg"}}, {"model": "languages.languagecoverimage", "pk": "e61eccbb-1e8a-400c-966d-0caf8ee5eea5", "fields": {"created": "2024-09-01T10:11:29.560Z", "modified": "2024-09-01T10:11:29.560Z", "language": "7f364ecc-02c2-49e9-a449-5b87371c3f41", "image": "languages/images/Russian/ru_mZLXio0.jpg"}}, {"model": "languages.languagecoverimage", "pk": "ea3f08fe-8296-4be2-bb25-5eb385f3609a", "fields": {"created": "2024-09-01T10:11:29.170Z", "modified": "2024-09-01T10:11:29.170Z", "language": "a3e2db4a-5ae7-43cc-9bf4-5333b6e00bdd", "image": "languages/images/French/fr_hFgu6Po.jpg"}}, {"model": "languages.languagecoverimage", "pk": "f07bf544-209d-435d-87f3-2a74e468fc57", "fields": {"created": "2024-09-01T10:11:29.166Z", "modified": "2024-09-01T10:11:29.166Z", "language": "a3e2db4a-5ae7-43cc-9bf4-5333b6e00bdd", "image": "languages/images/French/fr_MqpDfNH.jpg"}}, {"model": "languages.languagecoverimage", "pk": "f2536c5b-ed15-47e8-9746-41395736aa52", "fields": {"created": "2024-09-01T10:11:29.057Z", "modified": "2024-09-01T10:11:29.057Z", "language": "0e55e218-66f4-4cb0-85f9-a13b0cbd3317", "image": "languages/images/English/en_dPj3qYA.jpg"}}, {"model": "languages.languagecoverimage", "pk": "f42f4757-d23a-4460-9f9a-80409769ce55", "fields": {"created": "2024-09-01T10:11:29.091Z", "modified": "2024-09-01T10:11:29.091Z", "language": "aa56e962-1e5e-4fb8-9d95-0f94a053d37e", "image": "languages/images/Spanish/es_0ib5AJk.jpg"}}, {"model": "languages.languagecoverimage", "pk": "f6720fb3-d488-4203-a191-da8dcc124097", "fields": {"created": "2024-09-01T10:11:29.180Z", "modified": "2024-09-01T10:11:29.180Z", "language": "a3e2db4a-5ae7-43cc-9bf4-5333b6e00bdd", "image": "languages/images/French/fr_fM4qShA.jpg"}}, {"model": "languages.userlearninglanguage", "pk": "5832f05e-c3f3-45e0-9130-4776f8019337", "fields": {"created": "2024-09-02T12:30:12.874Z", "modified": "2024-09-02T12:30:12.874Z", "slug": "test_user2-italian", "language": "69e54774-d109-40ab-8296-3e9539a2ef6b", "user": "f9c4ebab-d4a8-4207-bafc-6d79a8388d26", "cover": null, "level": ""}}, {"model": "languages.userlearninglanguage", "pk": "c1cdbc66-60ba-485c-9078-7f6d346f4fc2", "fields": {"created": "2024-09-02T10:35:53.543Z", "modified": "2024-09-02T10:35:53.543Z", "slug": "test_user1-french", "language": "a3e2db4a-5ae7-43cc-9bf4-5333b6e00bdd", "user": "3b22bf18-a292-4b23-9503-cf79a5295fe0", "cover": null, "level": ""}}, {"model": "languages.userlearninglanguage", "pk": "ca479d59-8a06-418b-93ef-d8d101fde61e", "fields": {"created": "2024-09-02T10:39:27.738Z", "modified": "2024-09-02T10:39:27.738Z", "slug": "test_user1-spanish", "language": "aa56e962-1e5e-4fb8-9d95-0f94a053d37e", "user": "3b22bf18-a292-4b23-9503-cf79a5295fe0", "cover": null, "level": ""}}, {"model": "languages.userlearninglanguage", "pk": "d62588cc-92dd-4844-aaeb-272452a2e642", "fields": {"created": "2024-09-02T10:34:32.927Z", "modified": "2024-09-02T10:34:32.927Z", "slug": "test_user1-english", "language": "0e55e218-66f4-4cb0-85f9-a13b0cbd3317", "user": "3b22bf18-a292-4b23-9503-cf79a5295fe0", "cover": null, "level": ""}}, {"model": "languages.usernativelanguage", "pk": "51692e67-5567-4fd2-8dc9-c8608e06fb4c", "fields": {"created": "2024-09-02T12:17:53.487Z", "slug": "test_user2-russian", "language": "7f364ecc-02c2-49e9-a449-5b87371c3f41", "user": "f9c4ebab-d4a8-4207-bafc-6d79a8388d26"}}, {"model": "languages.usernativelanguage", "pk": "537b18f6-5f14-46a0-862f-9d5903ede225", "fields": {"created": "2024-09-02T10:20:55.409Z", "slug": "", "language": "7f364ecc-02c2-49e9-a449-5b87371c3f41", "user": "3b22bf18-a292-4b23-9503-cf79a5295fe0"}}, {"model": "languages.usernativelanguage", "pk": "8632ed91-ef1f-4b25-a7b9-a77307ca1f9a", "fields": {"created": "2024-09-02T12:17:53.706Z", "slug": "test_user2-english", "language": "0e55e218-66f4-4cb0-85f9-a13b0cbd3317", "user": "f9c4ebab-d4a8-4207-bafc-6d79a8388d26"}}, {"model": "exercises.exercise", "pk": "3395164b-ef0a-4d47-a8a6-a0762abd9b28", "fields": {"created": "2024-09-01T10:11:28.028Z", "modified": "2024-09-01T10:11:28.028Z", "slug": "associate", "name": "Associate", "description": "Remember the word by association on time or in free mode, or choose the correct word association.", "constraint_description": "Only words with images.", "icon": "", "available": false, "hints_available": []}}, {"model": "exercises.exercise", "pk": "4f24bfbb-8b11-4a8d-a0d6-f27b5f009fb7", "fields": {"created": "2024-09-01T10:11:28.005Z", "modified": "2024-09-01T10:11:28.005Z", "slug": "translator", "name": "Translator", "description": "Translate a word on time or in free mode from your native language to the language you are learning and vice versa.", "constraint_description": "Only words with translations.", "icon": "", "available": true, "hints_available": ["d19385b9-d67d-40ac-918e-48cde8461f9c", "2c9782d4-4a6e-4eea-afc4-96d15e0538ae", "f4cb99bd-4dd2-4d6d-b116-13ef4b33cecc", "2a0136c4-9c22-4c87-89e8-f99dce472cb3", "2706f2ca-07a3-4ea7-9c85-73e6680de77f"]}}, {"model": "exercises.hint", "pk": "2706f2ca-07a3-4ea7-9c85-73e6680de77f", "fields": {"created": "2024-09-01T10:11:27.942Z", "name": "Показать ассоциацию", "description": "Показывает случайную ассоциацию этого слова", "code": "show_association"}}, {"model": "exercises.hint", "pk": "2a0136c4-9c22-4c87-89e8-f99dce472cb3", "fields": {"created": "2024-09-01T10:11:27.946Z", "name": "Показать первую букву", "description": "Показывает первую букву случайного перевода этого слова", "code": "show_first_letter"}}, {"model": "exercises.hint", "pk": "2c9782d4-4a6e-4eea-afc4-96d15e0538ae", "fields": {"created": "2024-09-01T10:11:27.954Z", "name": "Показать синоним", "description": "Показывает случайный синоним этого слова", "code": "show_synonym"}}, {"model": "exercises.hint", "pk": "d19385b9-d67d-40ac-918e-48cde8461f9c", "fields": {"created": "2024-09-01T10:11:27.957Z", "name": "Убрать вариант", "description": "Показывает один неправильный вариант ответа из предложенных", "code": "remove_incorrect"}}, {"model": "exercises.hint", "pk": "f4cb99bd-4dd2-4d6d-b116-13ef4b33cecc", "fields": {"created": "2024-09-01T10:11:27.949Z", "name": "Показать количество букв", "description": "Показывает количество букв случайного перевода этого слова", "code": "show_letters_amount"}}, {"model": "users.user", "pk": "02d06c17-de35-418a-a4c7-fe6eb39722a4", "fields": {"password": "pbkdf2_sha256$600000$ccaHWxenmBQ4awckzuBch1$7Xttju6zvFn1I22U1g4k9NzDPgO8LB4vEw+nZU1LLa0=", "last_login": "2024-09-01T18:21:22.529Z", "is_superuser": false, "username": "sasha", "first_name": "", "is_staff": false, "is_active": true, "date_joined": "2024-09-01T18:21:21.360Z", "created": "2024-09-01T18:21:22.475Z", "modified": "2024-09-01T18:21:22.475Z", "email": "sasha@frontend.com", "gender": null, "image": "", "groups": [], "user_permissions": []}}, {"model": "users.user", "pk": "3b22bf18-a292-4b23-9503-cf79a5295fe0", "fields": {"password": "pbkdf2_sha256$600000$hpar4r7v2HkU0NiyU99p1q$yD117HrwJHmLVrU06snM9k4bnKxNdg9wXpIfPQbs1Ws=", "last_login": "2024-09-02T10:12:50.579Z", "is_superuser": false, "username": "test_user1", "first_name": "", "is_staff": false, "is_active": true, "date_joined": "2024-09-02T10:12:25.768Z", "created": "2024-09-02T10:12:26.099Z", "modified": "2024-09-02T10:20:53.256Z", "email": "user1@example.com", "gender": null, "image": "users/profile-images/test_user1/6a1b8ecc-562a-4889-b907-ac6b1041d6e6.jpg", "groups": [], "user_permissions": []}}, {"model": "users.user", "pk": "5cd91b7f-5e80-4f4c-afa2-a952d59afa19", "fields": {"password": "pbkdf2_sha256$600000$vtJvL9IzHU9euzTPfvuY97$uzJpdiOo3P5PUgNHu3AyPtVuFvuLVoMpWQhR/kJDorA=", "last_login": "2024-09-02T10:30:42.934Z", "is_superuser": true, "username": "admin", "first_name": "", "is_staff": true, "is_active": true, "date_joined": "2024-09-01T10:11:32.201Z", "created": "2024-09-01T10:11:32.355Z", "modified": "2024-09-01T10:11:32.355Z", "email": "admin@example.com", "gender": null, "image": "", "groups": [], "user_permissions": []}}, {"model": "users.user", "pk": "6fc4da68-94ce-472d-9482-a7f29b8359cc", "fields": {"password": "pbkdf2_sha256$600000$NnzasDTsF80NPrpaP9nOJ1$ieH7j3yxo7T4J4AiGuQaNWKcSoU/olqgDy/rFOruEWc=", "last_login": "2024-09-02T11:15:22.001Z", "is_superuser": false, "username": "test_user3", "first_name": "", "is_staff": false, "is_active": true, "date_joined": "2024-09-02T11:15:20.801Z", "created": "2024-09-02T11:15:21.108Z", "modified": "2024-09-02T11:15:21.108Z", "email": "user3@example.com", "gender": null, "image": "", "groups": [], "user_permissions": []}}, {"model": "users.user", "pk": "f9c4ebab-d4a8-4207-bafc-6d79a8388d26", "fields": {"password": "pbkdf2_sha256$600000$8wQ2ErWrTpXYuey6yT3oGi$5PccQ3vp56TbcAUf8Bg+geHrY50Bhyi14cHTluGrB+I=", "last_login": "2024-09-02T11:38:28.117Z", "is_superuser": false, "username": "test_user2", "first_name": "", "is_staff": false, "is_active": true, "date_joined": "2024-09-02T11:15:16.278Z", "created": "2024-09-02T11:15:16.667Z", "modified": "2024-09-02T12:21:04.136Z", "email": "user2@example.com", "gender": null, "image": "users/profile-images/test_user2/e927ea96-d299-4d81-bb87-4e75eab8c1fb.jpg", "groups": [], "user_permissions": []}}]
